-- MySQL dump 10.13  Distrib 5.7.15, for Linux (x86_64)
--
-- Host: localhost    Database: dwad
-- ------------------------------------------------------
-- Server version	5.7.15-0ubuntu0.16.04.1

/*!40101 SET @OLD_CHARACTER_SET_CLIENT=@@CHARACTER_SET_CLIENT */;
/*!40101 SET @OLD_CHARACTER_SET_RESULTS=@@CHARACTER_SET_RESULTS */;
/*!40101 SET @OLD_COLLATION_CONNECTION=@@COLLATION_CONNECTION */;
/*!40101 SET NAMES utf8 */;
/*!40103 SET @OLD_TIME_ZONE=@@TIME_ZONE */;
/*!40103 SET TIME_ZONE='+00:00' */;
/*!40014 SET @OLD_UNIQUE_CHECKS=@@UNIQUE_CHECKS, UNIQUE_CHECKS=0 */;
/*!40014 SET @OLD_FOREIGN_KEY_CHECKS=@@FOREIGN_KEY_CHECKS, FOREIGN_KEY_CHECKS=0 */;
/*!40101 SET @OLD_SQL_MODE=@@SQL_MODE, SQL_MODE='NO_AUTO_VALUE_ON_ZERO' */;
/*!40111 SET @OLD_SQL_NOTES=@@SQL_NOTES, SQL_NOTES=0 */;

--
-- Current Database: `dwad`
--

CREATE DATABASE /*!32312 IF NOT EXISTS*/ `dwad` /*!40100 DEFAULT CHARACTER SET utf8 */;

USE `dwad`;

--
-- Table structure for table `account_emailaddress`
--

DROP TABLE IF EXISTS `account_emailaddress`;
/*!40101 SET @saved_cs_client     = @@character_set_client */;
/*!40101 SET character_set_client = utf8 */;
CREATE TABLE `account_emailaddress` (
  `id` int(11) NOT NULL AUTO_INCREMENT,
  `email` varchar(254) NOT NULL,
  `verified` tinyint(1) NOT NULL,
  `primary` tinyint(1) NOT NULL,
  `user_id` int(11) NOT NULL,
  PRIMARY KEY (`id`),
  UNIQUE KEY `email` (`email`),
  KEY `account_emailaddress_user_id_2c513194_fk_auth_user_id` (`user_id`),
  CONSTRAINT `account_emailaddress_user_id_2c513194_fk_auth_user_id` FOREIGN KEY (`user_id`) REFERENCES `auth_user` (`id`)
) ENGINE=InnoDB DEFAULT CHARSET=latin1;
/*!40101 SET character_set_client = @saved_cs_client */;

--
-- Dumping data for table `account_emailaddress`
--

LOCK TABLES `account_emailaddress` WRITE;
/*!40000 ALTER TABLE `account_emailaddress` DISABLE KEYS */;
/*!40000 ALTER TABLE `account_emailaddress` ENABLE KEYS */;
UNLOCK TABLES;

--
-- Table structure for table `account_emailconfirmation`
--

DROP TABLE IF EXISTS `account_emailconfirmation`;
/*!40101 SET @saved_cs_client     = @@character_set_client */;
/*!40101 SET character_set_client = utf8 */;
CREATE TABLE `account_emailconfirmation` (
  `id` int(11) NOT NULL AUTO_INCREMENT,
  `created` datetime(6) NOT NULL,
  `sent` datetime(6) DEFAULT NULL,
  `key` varchar(64) NOT NULL,
  `email_address_id` int(11) NOT NULL,
  PRIMARY KEY (`id`),
  UNIQUE KEY `key` (`key`),
  KEY `account_ema_email_address_id_5b7f8c58_fk_account_emailaddress_id` (`email_address_id`),
  CONSTRAINT `account_ema_email_address_id_5b7f8c58_fk_account_emailaddress_id` FOREIGN KEY (`email_address_id`) REFERENCES `account_emailaddress` (`id`)
) ENGINE=InnoDB DEFAULT CHARSET=latin1;
/*!40101 SET character_set_client = @saved_cs_client */;

--
-- Dumping data for table `account_emailconfirmation`
--

LOCK TABLES `account_emailconfirmation` WRITE;
/*!40000 ALTER TABLE `account_emailconfirmation` DISABLE KEYS */;
/*!40000 ALTER TABLE `account_emailconfirmation` ENABLE KEYS */;
UNLOCK TABLES;

--
-- Table structure for table `auth_group`
--

DROP TABLE IF EXISTS `auth_group`;
/*!40101 SET @saved_cs_client     = @@character_set_client */;
/*!40101 SET character_set_client = utf8 */;
CREATE TABLE `auth_group` (
  `id` int(11) NOT NULL AUTO_INCREMENT,
  `name` varchar(80) NOT NULL,
  PRIMARY KEY (`id`),
  UNIQUE KEY `name` (`name`)
) ENGINE=InnoDB AUTO_INCREMENT=7 DEFAULT CHARSET=utf8;
/*!40101 SET character_set_client = @saved_cs_client */;

--
-- Dumping data for table `auth_group`
--

LOCK TABLES `auth_group` WRITE;
/*!40000 ALTER TABLE `auth_group` DISABLE KEYS */;
INSERT INTO `auth_group` VALUES (6,'5-A-Side'),(3,'Predictor'),(5,'Site Content'),(2,'Super10'),(4,'User Management');
/*!40000 ALTER TABLE `auth_group` ENABLE KEYS */;
UNLOCK TABLES;

--
-- Table structure for table `auth_group_permissions`
--

DROP TABLE IF EXISTS `auth_group_permissions`;
/*!40101 SET @saved_cs_client     = @@character_set_client */;
/*!40101 SET character_set_client = utf8 */;
CREATE TABLE `auth_group_permissions` (
  `id` int(11) NOT NULL AUTO_INCREMENT,
  `group_id` int(11) NOT NULL,
  `permission_id` int(11) NOT NULL,
  PRIMARY KEY (`id`),
  UNIQUE KEY `group_id` (`group_id`,`permission_id`),
  KEY `auth_group_permissions_425ae3c4` (`group_id`),
  KEY `auth_group_permissions_1e014c8f` (`permission_id`),
  CONSTRAINT `group_id_refs_id_3cea63fe` FOREIGN KEY (`group_id`) REFERENCES `auth_group` (`id`),
  CONSTRAINT `permission_id_refs_id_5886d21f` FOREIGN KEY (`permission_id`) REFERENCES `auth_permission` (`id`)
) ENGINE=InnoDB AUTO_INCREMENT=274 DEFAULT CHARSET=utf8;
/*!40101 SET character_set_client = @saved_cs_client */;

--
-- Dumping data for table `auth_group_permissions`
--

LOCK TABLES `auth_group_permissions` WRITE;
/*!40000 ALTER TABLE `auth_group_permissions` DISABLE KEYS */;
INSERT INTO `auth_group_permissions` VALUES (230,2,19),(231,2,20),(232,2,21),(233,2,25),(234,2,26),(235,2,27),(236,2,28),(237,2,29),(238,2,30),(239,2,31),(240,2,32),(241,2,33),(242,2,34),(243,2,35),(244,2,36),(245,2,37),(246,2,38),(247,2,39),(248,2,46),(249,2,47),(250,2,48),(251,2,58),(252,2,59),(253,2,60),(254,2,61),(255,2,62),(256,2,63),(257,2,64),(258,2,65),(259,2,66),(260,2,73),(261,2,74),(262,2,75),(263,2,113),(264,2,114),(265,2,116),(266,2,117),(267,2,118),(268,2,119),(269,2,120),(270,2,121),(227,2,137),(228,2,138),(229,2,139),(64,3,19),(65,3,20),(66,3,21),(67,3,82),(68,3,83),(69,3,84),(70,3,85),(71,3,86),(72,3,87),(73,3,88),(74,3,89),(75,3,90),(76,3,91),(77,3,92),(78,3,93),(79,3,94),(80,3,95),(81,3,96),(82,3,97),(83,3,98),(84,3,99),(85,3,100),(86,3,101),(87,3,102),(58,4,7),(59,4,8),(60,4,9),(61,4,76),(62,4,77),(63,4,78),(180,5,22),(181,5,23),(182,5,24),(174,5,70),(175,5,71),(176,5,72),(178,5,103),(179,5,104),(177,5,105),(171,5,128),(172,5,129),(173,5,130),(271,5,152),(272,5,153),(273,5,154),(159,6,122),(160,6,123),(161,6,124),(162,6,125),(163,6,126),(164,6,127);
/*!40000 ALTER TABLE `auth_group_permissions` ENABLE KEYS */;
UNLOCK TABLES;

--
-- Table structure for table `auth_message`
--

DROP TABLE IF EXISTS `auth_message`;
/*!40101 SET @saved_cs_client     = @@character_set_client */;
/*!40101 SET character_set_client = utf8 */;
CREATE TABLE `auth_message` (
  `id` int(11) NOT NULL AUTO_INCREMENT,
  `user_id` int(11) NOT NULL,
  `message` longtext NOT NULL,
  PRIMARY KEY (`id`),
  KEY `auth_message_403f60f` (`user_id`),
  CONSTRAINT `user_id_refs_id_650f49a6` FOREIGN KEY (`user_id`) REFERENCES `auth_user` (`id`)
) ENGINE=InnoDB DEFAULT CHARSET=utf8;
/*!40101 SET character_set_client = @saved_cs_client */;

--
-- Dumping data for table `auth_message`
--

LOCK TABLES `auth_message` WRITE;
/*!40000 ALTER TABLE `auth_message` DISABLE KEYS */;
/*!40000 ALTER TABLE `auth_message` ENABLE KEYS */;
UNLOCK TABLES;

--
-- Table structure for table `auth_permission`
--

DROP TABLE IF EXISTS `auth_permission`;
/*!40101 SET @saved_cs_client     = @@character_set_client */;
/*!40101 SET character_set_client = utf8 */;
CREATE TABLE `auth_permission` (
  `id` int(11) NOT NULL AUTO_INCREMENT,
  `name` varchar(255) NOT NULL,
  `content_type_id` int(11) NOT NULL,
  `codename` varchar(100) NOT NULL,
  PRIMARY KEY (`id`),
  UNIQUE KEY `content_type_id` (`content_type_id`,`codename`),
  KEY `auth_permission_1bb8f392` (`content_type_id`),
  CONSTRAINT `content_type_id_refs_id_728de91f` FOREIGN KEY (`content_type_id`) REFERENCES `django_content_type` (`id`)
) ENGINE=InnoDB AUTO_INCREMENT=191 DEFAULT CHARSET=utf8;
/*!40101 SET character_set_client = @saved_cs_client */;

--
-- Dumping data for table `auth_permission`
--

LOCK TABLES `auth_permission` WRITE;
/*!40000 ALTER TABLE `auth_permission` DISABLE KEYS */;
INSERT INTO `auth_permission` VALUES (1,'Can add permission',1,'add_permission'),(2,'Can change permission',1,'change_permission'),(3,'Can delete permission',1,'delete_permission'),(4,'Can add group',2,'add_group'),(5,'Can change group',2,'change_group'),(6,'Can delete group',2,'delete_group'),(7,'Can add user',3,'add_user'),(8,'Can change user',3,'change_user'),(9,'Can delete user',3,'delete_user'),(13,'Can add content type',5,'add_contenttype'),(14,'Can change content type',5,'change_contenttype'),(15,'Can delete content type',5,'delete_contenttype'),(16,'Can add session',6,'add_session'),(17,'Can change session',6,'change_session'),(18,'Can delete session',6,'delete_session'),(19,'Can add charity',7,'add_charity'),(20,'Can change charity',7,'change_charity'),(21,'Can delete charity',7,'delete_charity'),(22,'Can add news article',8,'add_newsarticle'),(23,'Can change news article',8,'change_newsarticle'),(24,'Can delete news article',8,'delete_newsarticle'),(25,'Can add country',9,'add_country'),(26,'Can change country',9,'change_country'),(27,'Can delete country',9,'delete_country'),(28,'Can add league',10,'add_league'),(29,'Can change league',10,'change_league'),(30,'Can delete league',10,'delete_league'),(31,'Can add team',11,'add_team'),(32,'Can change team',11,'change_team'),(33,'Can delete team',11,'delete_team'),(34,'Can add league team',12,'add_leagueteam'),(35,'Can change league team',12,'change_leagueteam'),(36,'Can delete league team',12,'delete_leagueteam'),(37,'Can add entry',13,'add_entry'),(38,'Can change entry',13,'change_entry'),(39,'Can delete entry',13,'delete_entry'),(46,'Can add result',16,'add_result'),(47,'Can change result',16,'change_result'),(48,'Can delete result',16,'delete_result'),(55,'Can add log entry',19,'add_logentry'),(56,'Can change log entry',19,'change_logentry'),(57,'Can delete log entry',19,'delete_logentry'),(58,'Can add DWAD Cup Round',20,'add_dwadcupround'),(59,'Can change DWAD Cup Round',20,'change_dwadcupround'),(60,'Can delete DWAD Cup Round',20,'delete_dwadcupround'),(61,'Can add dwad cup tie',21,'add_dwadcuptie'),(62,'Can change dwad cup tie',21,'change_dwadcuptie'),(63,'Can delete dwad cup tie',21,'delete_dwadcuptie'),(64,'Can add season',22,'add_season'),(65,'Can change season',22,'change_season'),(66,'Can delete season',22,'delete_season'),(70,'Can add event',26,'add_event'),(71,'Can change event',26,'change_event'),(72,'Can delete event',26,'delete_event'),(73,'Can add entry team',23,'add_entryteam'),(74,'Can change entry team',23,'change_entryteam'),(75,'Can delete entry team',23,'delete_entryteam'),(76,'Can add avatar',24,'add_avatar'),(77,'Can change avatar',24,'change_avatar'),(78,'Can delete avatar',24,'delete_avatar'),(79,'Can add tournament',27,'add_tournament'),(80,'Can change tournament',27,'change_tournament'),(81,'Can delete tournament',27,'delete_tournament'),(82,'Can add group',28,'add_group'),(83,'Can change group',28,'change_group'),(84,'Can delete group',28,'delete_group'),(85,'Can add country',29,'add_country'),(86,'Can change country',29,'change_country'),(87,'Can delete country',29,'delete_country'),(88,'Can add player',30,'add_player'),(89,'Can change player',30,'change_player'),(90,'Can delete player',30,'delete_player'),(91,'Can add group match',31,'add_groupmatch'),(92,'Can change group match',31,'change_groupmatch'),(93,'Can delete group match',31,'delete_groupmatch'),(94,'Can add entry',32,'add_entry'),(95,'Can change entry',32,'change_entry'),(96,'Can delete entry',32,'delete_entry'),(97,'Can add match prediction',33,'add_matchprediction'),(98,'Can change match prediction',33,'change_matchprediction'),(99,'Can delete match prediction',33,'delete_matchprediction'),(100,'Can add group prediction',34,'add_groupprediction'),(101,'Can change group prediction',34,'change_groupprediction'),(102,'Can delete group prediction',34,'delete_groupprediction'),(103,'Can add team member',35,'add_teammember'),(104,'Can change team member',35,'change_teammember'),(105,'Can delete team member',35,'delete_teammember'),(113,'Can add credit transaction',38,'add_credittransaction'),(114,'Can change credit transaction',38,'change_credittransaction'),(115,'Can delete credit transaction',38,'delete_credittransaction'),(116,'Can add mini league',39,'add_minileague'),(117,'Can change mini league',39,'change_minileague'),(118,'Can delete mini league',39,'delete_minileague'),(119,'Can add prize',40,'add_prize'),(120,'Can change prize',40,'change_prize'),(121,'Can delete prize',40,'delete_prize'),(122,'Can add tournament',41,'add_tournament'),(123,'Can change tournament',41,'change_tournament'),(124,'Can delete tournament',41,'delete_tournament'),(125,'Can add team',42,'add_team'),(126,'Can change team',42,'change_team'),(127,'Can delete team',42,'delete_team'),(128,'Can add charitable grant',43,'add_charitablegrant'),(129,'Can change charitable grant',43,'change_charitablegrant'),(130,'Can delete charitable grant',43,'delete_charitablegrant'),(131,'Can add referral',44,'add_referral'),(132,'Can change referral',44,'change_referral'),(133,'Can delete referral',44,'delete_referral'),(137,'Can add partner organisation',46,'add_partnerorganisation'),(138,'Can change partner organisation',46,'change_partnerorganisation'),(139,'Can delete partner organisation',46,'delete_partnerorganisation'),(140,'Can add partner referral',47,'add_partnerreferral'),(141,'Can change partner referral',47,'change_partnerreferral'),(142,'Can delete partner referral',47,'delete_partnerreferral'),(143,'Can add transfer window',48,'add_transferwindow'),(144,'Can change transfer window',48,'change_transferwindow'),(145,'Can delete transfer window',48,'delete_transferwindow'),(146,'Can add request',49,'add_request'),(147,'Can change request',49,'change_request'),(148,'Can delete request',49,'delete_request'),(149,'Can add payment',50,'add_payment'),(150,'Can change payment',50,'change_payment'),(151,'Can delete payment',50,'delete_payment'),(152,'Can add supporter',51,'add_supporter'),(153,'Can change supporter',51,'change_supporter'),(154,'Can delete supporter',51,'delete_supporter'),(155,'Can add site',52,'add_site'),(156,'Can change site',52,'change_site'),(157,'Can delete site',52,'delete_site'),(158,'Can add straightred season',53,'add_straightredseason'),(159,'Can change straightred season',53,'change_straightredseason'),(160,'Can delete straightred season',53,'delete_straightredseason'),(161,'Can add straightred team',54,'add_straightredteam'),(162,'Can change straightred team',54,'change_straightredteam'),(163,'Can delete straightred team',54,'delete_straightredteam'),(164,'Can add straightred fixture',55,'add_straightredfixture'),(165,'Can change straightred fixture',55,'change_straightredfixture'),(166,'Can delete straightred fixture',55,'delete_straightredfixture'),(167,'Can add user selection',56,'add_userselection'),(168,'Can change user selection',56,'change_userselection'),(169,'Can delete user selection',56,'delete_userselection'),(170,'Can add email address',57,'add_emailaddress'),(171,'Can change email address',57,'change_emailaddress'),(172,'Can delete email address',57,'delete_emailaddress'),(173,'Can add email confirmation',58,'add_emailconfirmation'),(174,'Can change email confirmation',58,'change_emailconfirmation'),(175,'Can delete email confirmation',58,'delete_emailconfirmation'),(176,'Can add social application',59,'add_socialapp'),(177,'Can change social application',59,'change_socialapp'),(178,'Can delete social application',59,'delete_socialapp'),(179,'Can add social account',60,'add_socialaccount'),(180,'Can change social account',60,'change_socialaccount'),(181,'Can delete social account',60,'delete_socialaccount'),(182,'Can add social application token',61,'add_socialtoken'),(183,'Can change social application token',61,'change_socialtoken'),(184,'Can delete social application token',61,'delete_socialtoken'),(185,'Can add straightred fixture matchday',62,'add_straightredfixturematchday'),(186,'Can change straightred fixture matchday',62,'change_straightredfixturematchday'),(187,'Can delete straightred fixture matchday',62,'delete_straightredfixturematchday'),(188,'Can add straightred fixture live',63,'add_straightredfixturelive'),(189,'Can change straightred fixture live',63,'change_straightredfixturelive'),(190,'Can delete straightred fixture live',63,'delete_straightredfixturelive');
/*!40000 ALTER TABLE `auth_permission` ENABLE KEYS */;
UNLOCK TABLES;

--
-- Table structure for table `auth_user`
--

DROP TABLE IF EXISTS `auth_user`;
/*!40101 SET @saved_cs_client     = @@character_set_client */;
/*!40101 SET character_set_client = utf8 */;
CREATE TABLE `auth_user` (
  `id` int(11) NOT NULL AUTO_INCREMENT,
  `username` varchar(30) NOT NULL,
  `first_name` varchar(30) NOT NULL,
  `last_name` varchar(30) NOT NULL,
  `email` varchar(254) NOT NULL,
  `password` varchar(128) NOT NULL,
  `is_staff` tinyint(1) NOT NULL,
  `is_active` tinyint(1) NOT NULL,
  `is_superuser` tinyint(1) NOT NULL,
  `last_login` datetime DEFAULT NULL,
  `date_joined` datetime NOT NULL,
  PRIMARY KEY (`id`),
  UNIQUE KEY `username` (`username`)
) ENGINE=InnoDB AUTO_INCREMENT=372 DEFAULT CHARSET=utf8;
/*!40101 SET character_set_client = @saved_cs_client */;

--
-- Dumping data for table `auth_user`
--

LOCK TABLES `auth_user` WRITE;
/*!40000 ALTER TABLE `auth_user` DISABLE KEYS */;
INSERT INTO `auth_user` VALUES (348,'mebecolin','Colin','Anderson','','!wzAcgxa8ffaCRzK8y6fOBvQr3zS78IPbRoUWSFQh',0,1,0,'2016-08-19 21:14:40','2016-08-17 21:09:30'),(349,'tingeyal','Alan','Tingey','alan.tingey@bakkavor.com','pbkdf2_sha256$24000$8nbawwoPCwkG$z5wi+oJU2YOILz6IzW64hrgo5uEmZThuiDOe6Q/7MBU=',1,1,1,'2016-11-23 16:45:05','2016-08-17 21:49:23'),(350,'robert','Robert','Snook','','!9MDTE6MdT7YCCnQfzRMoHin0Vbpszg2lN7TUaZEc',0,1,0,'2016-08-19 20:52:26','2016-08-19 20:48:02'),(351,'robert2','Robert','Snook','','!M0USiXIuX64Jsp6oYrmTOn4yJet8F3LopdkVbLTL',0,1,0,'2016-08-19 21:35:52','2016-08-19 21:25:34'),(352,'kOS','George','Hollands','georgehollands@hotmail.com','pbkdf2_sha256$24000$5PquIGudAF4P$7PKdicNXgx1khPkbbz06j2EvlHEx8lDgLgmn6kvf+YE=',0,1,0,'2016-11-05 13:18:05','2016-09-23 12:52:04'),(353,'amkita','Alan','Frederico','alan.tingey@bakkavor.com','pbkdf2_sha256$24000$8oLjGFO2lJqy$AadcMqxL/+UAsi6283rVVjGdBKrg3XDW6mL7SBg4+A8=',0,1,0,'2016-09-23 13:09:49','2016-09-23 13:09:48'),(354,'shanu','Shaun','Wheeler','shanu6682@googlemail.com','pbkdf2_sha256$24000$RbNvD6Apq0CE$cPhgLowT4WqwbQJKsk+xR/xatoOQYFRay/iV9rjEx8w=',0,1,0,'2016-11-23 16:46:40','2016-09-23 13:10:52'),(355,'kriste8403','Kristina','Bartkeviciute','kriste8403@yahoo.com','pbkdf2_sha256$24000$Q0wnYLB5IiCy$KMFEK30LqfvX+P7kFxuiRTxhNlSi1FFUSUalNnWTVy8=',0,1,0,'2016-11-13 09:16:18','2016-09-23 19:49:54'),(356,'kevry','Kevin','Stacey','kevin.stacey@bakkavor.com','pbkdf2_sha256$24000$FFP6MzxRL3rV$ES/iu5mR6KYEjg4XF6HTohHP0gdFvcAZK5dJDQthShA=',0,1,0,'2016-11-19 18:10:14','2016-09-26 07:24:36'),(357,'d_whoppa','Tony','Tingey','alan@dwad.org','pbkdf2_sha256$24000$3bMPKJ50MC4T$JsmqibW3JM8KPFvgf8KXL9OPuPe0SG6Q+teoI9jAn7s=',0,1,0,'2016-11-26 09:09:08','2016-10-01 18:51:58'),(358,'snookro','Robert','Snook','robert.snook@bakkavor.com','pbkdf2_sha256$24000$iO8ptSpslO37$F+r3rc4hOlkYxXVXEHgWvsnLRYuTjFndHGvRV0S099A=',0,1,0,'2016-11-17 11:55:07','2016-09-30 19:09:48'),(359,'tingeypa','Paul','Tingey','paul.tingey@bakkavor.com','pbkdf2_sha256$24000$A9sYRVrqkmJB$HHOK9L70ao2ePdpACV/K/2AbPtBBXZAs0kraICXjRiU=',0,1,0,'2016-11-23 13:49:47','2016-10-14 19:38:07'),(360,'tester','tester','tester','tingeyal@icloud.com','pbkdf2_sha256$24000$BAFQG4W4zzpt$fo6qY9uQsk0/cUkYppUTRWIM9V08AQs4waJ6sa24pv8=',0,1,0,'2016-10-27 09:43:04','2016-10-27 09:43:03'),(361,'tester2','tester2','tester2','terster2@b.com','pbkdf2_sha256$24000$7kKSKEaXrsbC$eEUgE+s0TFwbU2OQd4mkucDfQHEZ3evbKRgJndfUw7E=',0,1,0,'2016-10-27 12:50:52','2016-10-27 12:11:44'),(362,'MarcoPolo','Haydon','Lown','dontknow@b.com','pbkdf2_sha256$24000$VYG8FKPTlV0J$WqFabrvtJJ9MtfSl3j6Ps2KSvWvlqrUCiWzMyAXbDm0=',0,1,0,'2016-11-21 20:20:21','2016-10-27 12:43:16'),(363,'dwdyer','Daniel','Dyer','dan@dandyer.co.uk','pbkdf2_sha256$24000$1tuoMzvXCh45$zfzHQHrxyS416DXsnYIgq817+L+QPFYSpwjaJYJdE7E=',0,1,0,'2016-11-19 10:44:17','2016-10-27 12:45:47'),(364,'a','gh','jhj','hj@hjk.nlkjl','pbkdf2_sha256$24000$hEIDAjH5Sy8C$ILuBfNoTrBRYpzRugPYwk3NwfcWBXR/MSGW9QrdzzYA=',0,1,0,'2016-10-28 08:12:35','2016-10-28 08:12:35'),(365,'aaa','tester','hjghg','a@nm.com','pbkdf2_sha256$24000$QRLMwymYuvcx$qp8ooj0DRN4PnM4ExtWfZZFtVS1ai84y0wEfjENRfNo=',0,1,0,'2016-10-28 08:29:40','2016-10-28 08:29:40'),(366,'aaaa','w','w','a@anm.com','pbkdf2_sha256$24000$faCiBKumabt2$0yIPGRbcm9TgYTpqAZ1g9F1As6bre7wO5XJkLxPjQZQ=',0,1,0,'2016-10-28 09:32:58','2016-10-28 09:32:58'),(367,'Mikerobhr','Mike','Roberts','mikerobhr@gmail.com','pbkdf2_sha256$24000$n8qlleW7MLmZ$OGo5cjzpQm059xXZ+YPrr81YFPIRof7AA8cg3qp3WbA=',0,1,0,'2016-11-21 10:22:15','2016-11-03 07:48:38'),(368,'alan','Alan','Tingey','','!dPu0nZKuZHzbCxGcryBtDWVXHxtRCizzAoRTeLZ2',0,1,0,'2016-11-06 15:51:18','2016-11-06 15:51:18'),(369,'alan2','Alan','Tingey','','!A6qUusTUhI6PQ4q2y2aVjuONfHLEEBrEuavMAAjN',0,1,0,'2016-11-06 16:08:39','2016-11-06 16:08:39'),(370,'morganal','Alan','Morgan','morganal@live.co.uk','pbkdf2_sha256$24000$VbT5yz5jPbKt$6eZcwLdj8RJKnxAL5y9iB50gEvURUIhxr9w3TpmhTHI=',0,1,0,'2016-11-25 08:17:36','2016-11-25 08:17:36'),(371,'Tingeyte','Terry','Tingey','terrytingey84@gmail.com','pbkdf2_sha256$24000$o8kHwYH3kIHJ$MnU7hRlsMIjWwUS1trYYg9F02AOtdP/5Z47pqPgUwo8=',0,1,0,'2016-11-25 08:25:03','2016-11-25 08:25:03');
/*!40000 ALTER TABLE `auth_user` ENABLE KEYS */;
UNLOCK TABLES;

--
-- Table structure for table `auth_user_groups`
--

DROP TABLE IF EXISTS `auth_user_groups`;
/*!40101 SET @saved_cs_client     = @@character_set_client */;
/*!40101 SET character_set_client = utf8 */;
CREATE TABLE `auth_user_groups` (
  `id` int(11) NOT NULL AUTO_INCREMENT,
  `user_id` int(11) NOT NULL,
  `group_id` int(11) NOT NULL,
  PRIMARY KEY (`id`),
  UNIQUE KEY `user_id` (`user_id`,`group_id`),
  KEY `auth_user_groups_403f60f` (`user_id`),
  KEY `auth_user_groups_425ae3c4` (`group_id`),
  CONSTRAINT `group_id_refs_id_f116770` FOREIGN KEY (`group_id`) REFERENCES `auth_group` (`id`),
  CONSTRAINT `user_id_refs_id_7ceef80f` FOREIGN KEY (`user_id`) REFERENCES `auth_user` (`id`)
) ENGINE=InnoDB DEFAULT CHARSET=utf8;
/*!40101 SET character_set_client = @saved_cs_client */;

--
-- Dumping data for table `auth_user_groups`
--

LOCK TABLES `auth_user_groups` WRITE;
/*!40000 ALTER TABLE `auth_user_groups` DISABLE KEYS */;
/*!40000 ALTER TABLE `auth_user_groups` ENABLE KEYS */;
UNLOCK TABLES;

--
-- Table structure for table `auth_user_user_permissions`
--

DROP TABLE IF EXISTS `auth_user_user_permissions`;
/*!40101 SET @saved_cs_client     = @@character_set_client */;
/*!40101 SET character_set_client = utf8 */;
CREATE TABLE `auth_user_user_permissions` (
  `id` int(11) NOT NULL AUTO_INCREMENT,
  `user_id` int(11) NOT NULL,
  `permission_id` int(11) NOT NULL,
  PRIMARY KEY (`id`),
  UNIQUE KEY `user_id` (`user_id`,`permission_id`),
  KEY `auth_user_user_permissions_403f60f` (`user_id`),
  KEY `auth_user_user_permissions_1e014c8f` (`permission_id`),
  CONSTRAINT `permission_id_refs_id_67e79cb` FOREIGN KEY (`permission_id`) REFERENCES `auth_permission` (`id`),
  CONSTRAINT `user_id_refs_id_dfbab7d` FOREIGN KEY (`user_id`) REFERENCES `auth_user` (`id`)
) ENGINE=InnoDB DEFAULT CHARSET=utf8;
/*!40101 SET character_set_client = @saved_cs_client */;

--
-- Dumping data for table `auth_user_user_permissions`
--

LOCK TABLES `auth_user_user_permissions` WRITE;
/*!40000 ALTER TABLE `auth_user_user_permissions` DISABLE KEYS */;
/*!40000 ALTER TABLE `auth_user_user_permissions` ENABLE KEYS */;
UNLOCK TABLES;

--
-- Table structure for table `avatar_avatar`
--

DROP TABLE IF EXISTS `avatar_avatar`;
/*!40101 SET @saved_cs_client     = @@character_set_client */;
/*!40101 SET character_set_client = utf8 */;
CREATE TABLE `avatar_avatar` (
  `id` int(11) NOT NULL AUTO_INCREMENT,
  `user_id` int(11) NOT NULL,
  `primary` tinyint(1) NOT NULL,
  `avatar` varchar(1024) NOT NULL,
  `date_uploaded` datetime NOT NULL,
  PRIMARY KEY (`id`),
  KEY `avatar_avatar_6340c63c` (`user_id`),
  CONSTRAINT `user_id_refs_id_673d80a4` FOREIGN KEY (`user_id`) REFERENCES `auth_user` (`id`)
) ENGINE=InnoDB AUTO_INCREMENT=228 DEFAULT CHARSET=utf8;
/*!40101 SET character_set_client = @saved_cs_client */;

--
-- Dumping data for table `avatar_avatar`
--

LOCK TABLES `avatar_avatar` WRITE;
/*!40000 ALTER TABLE `avatar_avatar` DISABLE KEYS */;
INSERT INTO `avatar_avatar` VALUES (154,356,1,'avatars/kevry/sheffutd.png','2016-09-26 20:20:23'),(156,352,1,'avatars/kOS/gunnersaurus.jpg','2016-09-27 07:33:01'),(157,354,1,'avatars/shanu/sw.jpg','2016-09-27 08:18:36'),(158,357,1,'avatars/d_whoppa/tango.jpg','2016-10-01 18:57:38'),(160,358,1,'avatars/snookro/bees.jpg','2016-10-14 19:51:58'),(207,360,1,'avatars/tester/str8RED_8uGKdbG.jpg','2016-10-27 12:09:50'),(211,361,1,'avatars/tester2/Edward.jpg','2016-10-27 12:37:49'),(212,359,1,'avatars/tingeypa/Edward_li746kY.jpg','2016-10-27 12:40:09'),(213,362,1,'avatars/MarcoPolo/cristiano_ronaldo_haircut_27.jpg','2016-10-27 12:44:49'),(218,365,1,'avatars/aaa/abc.jpg','2016-10-28 09:30:24'),(219,366,1,'avatars/aaaa/abc.jpg','2016-10-29 09:44:18'),(225,349,1,'avatars/tingeyal/avatar_ade7534b448d_128.png','2016-11-13 18:18:41'),(227,355,1,'avatars/kriste8403/20161115_130451.jpg','2016-11-15 13:05:15');
/*!40000 ALTER TABLE `avatar_avatar` ENABLE KEYS */;
UNLOCK TABLES;

--
-- Table structure for table `cache`
--

DROP TABLE IF EXISTS `cache`;
/*!40101 SET @saved_cs_client     = @@character_set_client */;
/*!40101 SET character_set_client = utf8 */;
CREATE TABLE `cache` (
  `cache_key` varchar(255) NOT NULL,
  `value` longtext NOT NULL,
  `expires` datetime NOT NULL,
  PRIMARY KEY (`cache_key`),
  KEY `cache_expires` (`expires`)
) ENGINE=InnoDB DEFAULT CHARSET=utf8;
/*!40101 SET character_set_client = @saved_cs_client */;

--
-- Dumping data for table `cache`
--

LOCK TABLES `cache` WRITE;
/*!40000 ALTER TABLE `cache` DISABLE KEYS */;
INSERT INTO `cache` VALUES (':1:avatar_65goody_80_b5c709bb1082cd487d93993a79672df6','gAJjZGphbmdvLnV0aWxzLnNhZmVzdHJpbmcKU2FmZVRleHQKcQFYfgAAADxpbWcgc3JjPSIvcmVzb3VyY2VzL2F2YXRhcnMvNjVnb29keS9yZXNpemVkLzgwL29yYW5ndXRhbi03OTc5NzkuanBnIiBhbHQ9IlN0dWFydCBHb29kc29uICg2NWdvb2R5KSIgd2lkdGg9IjgwIiBoZWlnaHQ9IjgwIiAvPnEChYFxA31xBGIu','2016-01-11 00:05:35'),(':1:avatar_adamswinton_80_f7a45f65282e7f515acd0140be005bfd','gAJjZGphbmdvLnV0aWxzLnNhZmVzdHJpbmcKU2FmZVRleHQKcQFYgwAAADxpbWcgc3JjPSIvcmVzb3VyY2VzL2F2YXRhcnMvYWRhbS5zd2ludG9uL3Jlc2l6ZWQvODAvR2V0QXR0YWNobWVudC5qcGciIGFsdD0iQWRhbSBTd2ludG9uIChhZGFtLnN3aW50b24pIiB3aWR0aD0iODAiIGhlaWdodD0iODAiIC8+cQKFgXEDfXEEYi4=','2016-03-04 22:53:39'),(':1:avatar_archiaal_80_03d0dc98fd22370be2f7f7c1d74d6a4f','gAJjZGphbmdvLnV0aWxzLnNhZmVzdHJpbmcKU2FmZVRleHQKcQFYfQAAADxpbWcgc3JjPSIvcmVzb3VyY2VzL2F2YXRhcnMvYXJjaGlhYWwvcmVzaXplZC84MC9pbWFnZSUzQTYxOTE5IiBhbHQ9IkFkYW0gTGVhdGhlcmJhcnJvdyAoYXJjaGlhYWwpIiB3aWR0aD0iODAiIGhlaWdodD0iODAiIC8+cQKFgXEDfXEEYi4=','2016-01-11 00:05:35'),(':1:avatar_benprcll_80_9065e184c7099632ac23cd4e26629d42','gAJjZGphbmdvLnV0aWxzLnNhZmVzdHJpbmcKU2FmZVRleHQKcQFYdAAAADxpbWcgc3JjPSIvcmVzb3VyY2VzL2F2YXRhcnMvYmVucHJjbGwvcmVzaXplZC84MC9DYXB0dXJlLlBORyIgYWx0PSJCZW4gUHVyY2VsbCAoYmVucHJjbGwpIiB3aWR0aD0iODAiIGhlaWdodD0iODAiIC8+cQKFgXEDfXEEYi4=','2016-03-04 22:53:39'),(':1:avatar_bigsi666_80_6ca122ca2319da676b7fbc601a434837','gAJjZGphbmdvLnV0aWxzLnNhZmVzdHJpbmcKU2FmZVRleHQKcQFYgwAAADxpbWcgc3JjPSIvcmVzb3VyY2VzL2F2YXRhcnMvYmlnc2k2NjYvcmVzaXplZC84MC8yMDEyLTA3LTIyJTIwMTQuNDAuMzEuanBnIiBhbHQ9IlNpbW9uIExhd3NvbiAoYmlnc2k2NjYpIiB3aWR0aD0iODAiIGhlaWdodD0iODAiIC8+cQKFgXEDfXEEYi4=','2016-01-11 00:05:35'),(':1:avatar_brain_80_13ec036b6fbd8c49fe4788d69eed2b02','gAJjZGphbmdvLnV0aWxzLnNhZmVzdHJpbmcKU2FmZVRleHQKcQFYdwAAADxpbWcgc3JjPSIvcmVzb3VyY2VzL2F2YXRhcnMvQnJhaW4vcmVzaXplZC84MC9pbWFnZXMtMy5qcGVnIiBhbHQ9IkJyaWFuIEZhbGNvbmJyaWRnZSAoQnJhaW4pIiB3aWR0aD0iODAiIGhlaWdodD0iODAiIC8+cQKFgXEDfXEEYi4=','2016-03-04 22:53:38'),(':1:avatar_cbirks_80_316e0387bcf010000ee7f05151f2135f','gAJjZGphbmdvLnV0aWxzLnNhZmVzdHJpbmcKU2FmZVRleHQKcQFYgAAAADxpbWcgc3JjPSIvcmVzb3VyY2VzL2F2YXRhcnMvY2JpcmtzL3Jlc2l6ZWQvODAvQ2hlcnlsJiMzOTtzJTIwUGljdHVyZS5KUEciIGFsdD0iQ2hlcnlsIEJpcmtzIChjYmlya3MpIiB3aWR0aD0iODAiIGhlaWdodD0iODAiIC8+cQKFgXEDfXEEYi4=','2016-03-04 22:53:38'),(':1:avatar_cbmayhew_80_9cbbbbe7b0b9536bf7062879b42bf868','gAJjZGphbmdvLnV0aWxzLnNhZmVzdHJpbmcKU2FmZVRleHQKcQFYfAAAADxpbWcgc3JjPSIvcmVzb3VyY2VzL2F2YXRhcnMvQ0JNYXloZXcvcmVzaXplZC84MC9DaHJpcyUyME1heWhldy5KUEciIGFsdD0iQ2hyaXMgTWF5aGV3IChDQk1heWhldykiIHdpZHRoPSI4MCIgaGVpZ2h0PSI4MCIgLz5xAoWBcQN9cQRiLg==','2016-03-04 22:53:38'),(':1:avatar_cconnolly_80_61a2d61659d84b013725538f4852043f','gAJjZGphbmdvLnV0aWxzLnNhZmVzdHJpbmcKU2FmZVRleHQKcQFYdwAAADxpbWcgc3JjPSIvcmVzb3VyY2VzL2F2YXRhcnMvY2Nvbm5vbGx5L3Jlc2l6ZWQvODAvaW1hZ2UuanBnIiBhbHQ9IkNocmlzIENvbm5vbGx5IChjY29ubm9sbHkpIiB3aWR0aD0iODAiIGhlaWdodD0iODAiIC8+cQKFgXEDfXEEYi4=','2016-03-04 22:53:39'),(':1:avatar_clarie3_80_ffa83e3f14afbc36d84a31819686afac','gAJjZGphbmdvLnV0aWxzLnNhZmVzdHJpbmcKU2FmZVRleHQKcQFYdwAAADxpbWcgc3JjPSIvcmVzb3VyY2VzL2F2YXRhcnMvY2xhcmllMy9yZXNpemVkLzgwL2ltYWdlXzIuanBnIiBhbHQ9IkNsYWlyZSBFYWdsZXNoYW0gKGNsYXJpZTMpIiB3aWR0aD0iODAiIGhlaWdodD0iODAiIC8+cQKFgXEDfXEEYi4=','2016-03-04 22:53:39'),(':1:avatar_colanders12_80_4efcc266d6a0f0f07ceef1ae7780b6ed','gAJjZGphbmdvLnV0aWxzLnNhZmVzdHJpbmcKU2FmZVRleHQKcQFYhgAAADxpbWcgc3JjPSIvcmVzb3VyY2VzL2F2YXRhcnMvY29sYW5kZXJzMTIvcmVzaXplZC84MC9hbGFudGluZ2V5YXZhdGFyLnBuZyIgYWx0PSJDb2xpbiBBbmRlcnNvbiAoY29sYW5kZXJzMTIpIiB3aWR0aD0iODAiIGhlaWdodD0iODAiIC8+cQKFgXEDfXEEYi4=','2016-03-04 22:53:39'),(':1:avatar_daddad22_80_b13aef4d4e271d8a6fc03c957d3f464b','gAJjZGphbmdvLnV0aWxzLnNhZmVzdHJpbmcKU2FmZVRleHQKcQFYdwAAADxpbWcgc3JjPSIvcmVzb3VyY2VzL2F2YXRhcnMvRGFkZGFkMjIvcmVzaXplZC84MC9vcmFuZ2UlMjB2dy5qcGciIGFsdD0iU2FtIFdlbGxlciAoRGFkZGFkMjIpIiB3aWR0aD0iODAiIGhlaWdodD0iODAiIC8+cQKFgXEDfXEEYi4=','2016-03-04 22:53:39'),(':1:avatar_dairylee_80_92954906db9650bce73f6cdd954319a9','gAJjZGphbmdvLnV0aWxzLnNhZmVzdHJpbmcKU2FmZVRleHQKcQFYdgAAADxpbWcgc3JjPSIvcmVzb3VyY2VzL2F2YXRhcnMvRGFpcnlMZWUvcmVzaXplZC84MC9kYWlyeWxlZS5qcGciIGFsdD0iTGVlIEhlYXJuZGVuIChEYWlyeUxlZSkiIHdpZHRoPSI4MCIgaGVpZ2h0PSI4MCIgLz5xAoWBcQN9cQRiLg==','2016-03-04 22:53:39'),(':1:avatar_dario81_80_ef1f8391e27ef79d71273f2ade2b23b5','gAJjZGphbmdvLnV0aWxzLnNhZmVzdHJpbmcKU2FmZVRleHQKcQFYdQAAADxpbWcgc3JjPSIvcmVzb3VyY2VzL2F2YXRhcnMvREFSSU84MS9yZXNpemVkLzgwL2ltYWdlcy5qcGVnIiBhbHQ9IkRhcml1c3ogS2xpbWVrIChEQVJJTzgxKSIgd2lkdGg9IjgwIiBoZWlnaHQ9IjgwIiAvPnEChYFxA31xBGIu','2016-03-04 22:53:39'),(':1:avatar_davehoile16_80_ec94ea2f3861804742c1bbeece44fe11','gAJjZGphbmdvLnV0aWxzLnNhZmVzdHJpbmcKU2FmZVRleHQKcQFYeQAAADxpbWcgc3JjPSIvcmVzb3VyY2VzL2F2YXRhcnMvRGF2ZWhvaWxlMTYvcmVzaXplZC84MC9pbWFnZS5qcGciIGFsdD0iRGF2aWQgSG9pbGUgIChEYXZlaG9pbGUxNikiIHdpZHRoPSI4MCIgaGVpZ2h0PSI4MCIgLz5xAoWBcQN9cQRiLg==','2016-01-11 00:05:35'),(':1:avatar_daymo_jnr_80_106cd7fc2364176841e416d142e29617','gAJjZGphbmdvLnV0aWxzLnNhZmVzdHJpbmcKU2FmZVRleHQKcQFYdAAAADxpbWcgc3JjPSIvcmVzb3VyY2VzL2F2YXRhcnMvRGF5bW9fam5yL3Jlc2l6ZWQvODAvaW1hZ2UuanBnIiBhbHQ9IkRhbWlhbiBIYWxsIChEYXltb19qbnIpIiB3aWR0aD0iODAiIGhlaWdodD0iODAiIC8+cQKFgXEDfXEEYi4=','2016-03-04 22:53:39'),(':1:avatar_denneja_80_439dbcbb8e54e20449e735b1044a7578','gAJjZGphbmdvLnV0aWxzLnNhZmVzdHJpbmcKU2FmZVRleHQKcQFYdQAAADxpbWcgc3JjPSIvcmVzb3VyY2VzL2F2YXRhcnMvZGVubmVqYS9yZXNpemVkLzgwL2RvbnQlMjB3aW4uanBnIiBhbHQ9IkphbWVzIERlbm5lIChkZW5uZWphKSIgd2lkdGg9IjgwIiBoZWlnaHQ9IjgwIiAvPnEChYFxA31xBGIu','2016-01-11 00:05:35'),(':1:avatar_dewgirl99_80_bd1694948d3cf8ef783bdc47d81961b4','gAJjZGphbmdvLnV0aWxzLnNhZmVzdHJpbmcKU2FmZVRleHQKcQFYiQAAADxpbWcgc3JjPSIvcmVzb3VyY2VzL2F2YXRhcnMvRGV3Z2lybDk5L3Jlc2l6ZWQvODAvUnVnYnklMjBQcm9maWxlJTIwcGljLmpwZyIgYWx0PSJEaWFuZSBQYWxtcXVpc3QgIChEZXdnaXJsOTkpIiB3aWR0aD0iODAiIGhlaWdodD0iODAiIC8+cQKFgXEDfXEEYi4=','2016-03-04 22:53:38'),(':1:avatar_dwdyer_80_aad07826a8c40559e2191e47d876c9d2','gAJjZGphbmdvLnV0aWxzLnNhZmVzdHJpbmcKU2FmZVRleHQKcQFYcwAAADxpbWcgc3JjPSIvcmVzb3VyY2VzL2F2YXRhcnMvZHdkeWVyL3Jlc2l6ZWQvODAvZGFuYndfZFlST3lZUS5qcGciIGFsdD0iRGFuIER5ZXIgKGR3ZHllcikiIHdpZHRoPSI4MCIgaGVpZ2h0PSI4MCIgLz5xAoWBcQN9cQRiLg==','2016-03-04 22:53:39'),(':1:avatar_eaglere_80_274badcd734d95491cf90e848f769547','gAJjZGphbmdvLnV0aWxzLnNhZmVzdHJpbmcKU2FmZVRleHQKcQFYfwAAADxpbWcgc3JjPSIvcmVzb3VyY2VzL2F2YXRhcnMvZWFnbGVyZS9yZXNpemVkLzgwL1JlZCUyMEVhZ2xlJTIwc3F1YXJlXzIuanBnIiBhbHQ9IlJlZCBFYWdsZSAoZWFnbGVyZSkiIHdpZHRoPSI4MCIgaGVpZ2h0PSI4MCIgLz5xAoWBcQN9cQRiLg==','2016-01-11 00:05:35'),(':1:avatar_elliott1403_80_013d2abf187d22e1bcf612251e5b19d7','gAJjZGphbmdvLnV0aWxzLnNhZmVzdHJpbmcKU2FmZVRleHQKcQFYfgAAADxpbWcgc3JjPSIvcmVzb3VyY2VzL2F2YXRhcnMvZWxsaW90dDE0MDMvcmVzaXplZC84MC9icm90aGVyczEuanBnIiBhbHQ9IlNpbW9uIEVsbGlvdHQgKGVsbGlvdHQxNDAzKSIgd2lkdGg9IjgwIiBoZWlnaHQ9IjgwIiAvPnEChYFxA31xBGIu','2016-03-04 22:53:39'),(':1:avatar_ettyabrics_80_df9eb811dd39277dd7f8dcca60c9a3ab','gAJjZGphbmdvLnV0aWxzLnNhZmVzdHJpbmcKU2FmZVRleHQKcQFYiAAAADxpbWcgc3JjPSIvcmVzb3VyY2VzL2F2YXRhcnMvRXR0eUFicmljcy9yZXNpemVkLzgwL1JOLVJhdGluZ3MtQmVyZXQtQmFkZ2UuanBnIiBhbHQ9Ik93ZW4gUHJvc3NlciAoRXR0eUFicmljcykiIHdpZHRoPSI4MCIgaGVpZ2h0PSI4MCIgLz5xAoWBcQN9cQRiLg==','2016-03-04 22:53:38'),(':1:avatar_fcanfield28_80_c08887a0dd60716ede742dfcfb4a19ba','gAJjZGphbmdvLnV0aWxzLnNhZmVzdHJpbmcKU2FmZVRleHQKcQFYhgAAADxpbWcgc3JjPSIvcmVzb3VyY2VzL2F2YXRhcnMvRkNBbmZpZWxkMjgvcmVzaXplZC84MC8xNDc5MzMwNzE0NzkzMzA3LmpwZyIgYWx0PSJQZXRlciBNaXRjaGVsbCAoRkNBbmZpZWxkMjgpIiB3aWR0aD0iODAiIGhlaWdodD0iODAiIC8+cQKFgXEDfXEEYi4=','2016-01-11 00:05:35'),(':1:avatar_gizmojason_80_a25be01172f647d0dc926ba3b7937e90','gAJjZGphbmdvLnV0aWxzLnNhZmVzdHJpbmcKU2FmZVRleHQKcQFYoQAAADxpbWcgc3JjPSIvcmVzb3VyY2VzL2F2YXRhcnMvZ2l6bW9qYXNvbi9yZXNpemVkLzgwLzEwNTI3MzUzXzEwMTUyMDYxNzgxNjM2MTE2XzQxNzYyNjA2MjUzNzA3NDc0NDFfbi5qcGciIGFsdD0iSmFzb24gQ2xhcmsgKGdpem1vamFzb24pIiB3aWR0aD0iODAiIGhlaWdodD0iODAiIC8+cQKFgXEDfXEEYi4=','2016-01-11 00:05:35'),(':1:avatar_hatty-hammer_80_082061cfc05e288a69197a0cb5d3cb45','gAJjZGphbmdvLnV0aWxzLnNhZmVzdHJpbmcKU2FmZVRleHQKcQFYggAAADxpbWcgc3JjPSIvcmVzb3VyY2VzL2F2YXRhcnMvaGF0dHktaGFtbWVyL3Jlc2l6ZWQvODAvMTQyMjkwNjYzMTIzMC5qcGciIGFsdD0iUGF1bCBIYXR0b24gKGhhdHR5LWhhbW1lcikiIHdpZHRoPSI4MCIgaGVpZ2h0PSI4MCIgLz5xAoWBcQN9cQRiLg==','2016-03-04 22:53:38'),(':1:avatar_hollange_80_e5499e3f06999e96bd42b628f8159bcf','gAJjZGphbmdvLnV0aWxzLnNhZmVzdHJpbmcKU2FmZVRleHQKcQFYfwAAADxpbWcgc3JjPSIvcmVzb3VyY2VzL2F2YXRhcnMvSG9sbGFuZ2UvcmVzaXplZC84MC9pbWFnZXNDQUNNTFowUi5qcGciIGFsdD0iR2VvcmdlIEhvbGxhbmRzIChIb2xsYW5nZSkiIHdpZHRoPSI4MCIgaGVpZ2h0PSI4MCIgLz5xAoWBcQN9cQRiLg==','2016-03-04 22:53:39'),(':1:avatar_huntea_80_400210e3aa8344c8dd3d6b528e8d0d85','gAJjZGphbmdvLnV0aWxzLnNhZmVzdHJpbmcKU2FmZVRleHQKcQFYcwAAADxpbWcgc3JjPSIvcmVzb3VyY2VzL2F2YXRhcnMvaHVudGVhL3Jlc2l6ZWQvODAvfjQ0NDMxMTAuanBnIiBhbHQ9IkFuZHJldyBIdW50ZXIgKGh1bnRlYSkiIHdpZHRoPSI4MCIgaGVpZ2h0PSI4MCIgLz5xAoWBcQN9cQRiLg==','2016-03-04 22:53:39'),(':1:avatar_jackrmee_80_c291dce16b1716e64799a4bd20889d0e','gAJjZGphbmdvLnV0aWxzLnNhZmVzdHJpbmcKU2FmZVRleHQKcQFYegAAADxpbWcgc3JjPSIvcmVzb3VyY2VzL2F2YXRhcnMvamFja3JtZWUvcmVzaXplZC84MC9zd2FucyUyMGJhZGdlLmdpZiIgYWx0PSJHYXJldGggU2hhdyAoamFja3JtZWUpIiB3aWR0aD0iODAiIGhlaWdodD0iODAiIC8+cQKFgXEDfXEEYi4=','2016-03-04 22:53:39'),(':1:avatar_jackymac64_80_d715b672443f6fd3d874da1d64ce944d','gAJjZGphbmdvLnV0aWxzLnNhZmVzdHJpbmcKU2FmZVRleHQKcQFYfQAAADxpbWcgc3JjPSIvcmVzb3VyY2VzL2F2YXRhcnMvamFja3ltYWM2NC9yZXNpemVkLzgwL0RTQ0YwMDg0LkpQRyIgYWx0PSJKYWNreSBNYWNkb25hbGQgKGphY2t5bWFjNjQpIiB3aWR0aD0iODAiIGhlaWdodD0iODAiIC8+cQKFgXEDfXEEYi4=','2016-03-04 22:53:39'),(':1:avatar_james_lipiec_80_64b8c262ee08ae7062466485f2b92930','gAJjZGphbmdvLnV0aWxzLnNhZmVzdHJpbmcKU2FmZVRleHQKcQFYegAAADxpbWcgc3JjPSIvcmVzb3VyY2VzL2F2YXRhcnMvSmFtZXNfTGlwaWVjL3Jlc2l6ZWQvODAvbWUxMi5qcGciIGFsdD0iSmFtZXMgTGlwaWVjIChKYW1lc19MaXBpZWMpIiB3aWR0aD0iODAiIGhlaWdodD0iODAiIC8+cQKFgXEDfXEEYi4=','2016-01-11 00:05:35'),(':1:avatar_jamiefeaver_80_0f910c663f3d9df77f67c43e46b0c222','gAJjZGphbmdvLnV0aWxzLnNhZmVzdHJpbmcKU2FmZVRleHQKcQFYeQAAADxpbWcgc3JjPSIvcmVzb3VyY2VzL2F2YXRhcnMvamFtaWUuZmVhdmVyL3Jlc2l6ZWQvODAvMDQ4LkpQRyIgYWx0PSJKYW1pZSBGZWF2ZXIgKGphbWllLmZlYXZlcikiIHdpZHRoPSI4MCIgaGVpZ2h0PSI4MCIgLz5xAoWBcQN9cQRiLg==','2016-01-11 00:05:35'),(':1:avatar_kenzo_80_b0214d0ca099bac4c358b64e7fdc6a1a','gAJjZGphbmdvLnV0aWxzLnNhZmVzdHJpbmcKU2FmZVRleHQKcQFYbwAAADxpbWcgc3JjPSIvcmVzb3VyY2VzL2F2YXRhcnMvS2Vuem8vcmVzaXplZC84MC9EU0NOMjc1Mi5KUEciIGFsdD0iS2VubnkgQnJvd24gKEtlbnpvKSIgd2lkdGg9IjgwIiBoZWlnaHQ9IjgwIiAvPnEChYFxA31xBGIu','2016-01-11 00:05:35'),(':1:avatar_kevinstacey_80_7f49c94b971478f828d886541aa9faed','gAJjZGphbmdvLnV0aWxzLnNhZmVzdHJpbmcKU2FmZVRleHQKcQFYfAAAADxpbWcgc3JjPSIvcmVzb3VyY2VzL2F2YXRhcnMva2V2aW5zdGFjZXkvcmVzaXplZC84MC91bnRpdGxlZC5ibXAiIGFsdD0iS2V2aW4gU3RhY2V5IChrZXZpbnN0YWNleSkiIHdpZHRoPSI4MCIgaGVpZ2h0PSI4MCIgLz5xAoWBcQN9cQRiLg==','2016-01-11 00:05:35'),(':1:avatar_kristina_80_a983d4cee36440bb1e576c233fc7e096','gAJjZGphbmdvLnV0aWxzLnNhZmVzdHJpbmcKU2FmZVRleHQKcQFYiwAAADxpbWcgc3JjPSIvcmVzb3VyY2VzL2F2YXRhcnMvS3Jpc3RpbmEvcmVzaXplZC84MC9JTUdfMjAxNTA5MTdfMTYzNzEyLmpwZyIgYWx0PSJLcmlzdGluYSBCYXJ0a2V2aWNpdXRlIChLcmlzdGluYSkiIHdpZHRoPSI4MCIgaGVpZ2h0PSI4MCIgLz5xAoWBcQN9cQRiLg==','2016-03-04 22:53:38'),(':1:avatar_lewisd3_80_4ad7eaa89e08fde81009bb82b075be28','gAJjZGphbmdvLnV0aWxzLnNhZmVzdHJpbmcKU2FmZVRleHQKcQFYcgAAADxpbWcgc3JjPSIvcmVzb3VyY2VzL2F2YXRhcnMvTGV3aXNkMy9yZXNpemVkLzgwL2ltYWdlLmpwZyIgYWx0PSJEYXZpZCBHIExld2lzIChMZXdpc2QzKSIgd2lkdGg9IjgwIiBoZWlnaHQ9IjgwIiAvPnEChYFxA31xBGIu','2016-03-04 22:53:39'),(':1:avatar_maccamoomoo_80_abd080140c81fe8d10dbeea4ad1730ac','gAJjZGphbmdvLnV0aWxzLnNhZmVzdHJpbmcKU2FmZVRleHQKcQFYpgAAADxpbWcgc3JjPSIvcmVzb3VyY2VzL2F2YXRhcnMvbWFjY2Ftb29tb28vcmVzaXplZC84MC8xOTA3OTMxXzEwMTUzMDMxMzAxNjY2MjE0Xzg2NzExMzgxODc1MTE4OTI1Njlfbi5qcGciIGFsdD0iQ2hyaXMgTWNjb3JrZWxsIChtYWNjYW1vb21vbykiIHdpZHRoPSI4MCIgaGVpZ2h0PSI4MCIgLz5xAoWBcQN9cQRiLg==','2016-03-04 22:53:38'),(':1:avatar_mahero_80_ac30ef296d82ab62b3c63cb396849ab1','gAJjZGphbmdvLnV0aWxzLnNhZmVzdHJpbmcKU2FmZVRleHQKcQFYbwAAADxpbWcgc3JjPSIvcmVzb3VyY2VzL2F2YXRhcnMvbWFoZXJvL3Jlc2l6ZWQvODAvaW1hZ2UuanBnIiBhbHQ9Ik1hcmsgUm9iZXJ0cyAobWFoZXJvKSIgd2lkdGg9IjgwIiBoZWlnaHQ9IjgwIiAvPnEChYFxA31xBGIu','2016-01-11 00:05:35'),(':1:avatar_markwood_80_fe8c1971cc491c35ef57dd25cd38bec2','gAJjZGphbmdvLnV0aWxzLnNhZmVzdHJpbmcKU2FmZVRleHQKcQFYbwAAADxpbWcgc3JjPSIvcmVzb3VyY2VzL2F2YXRhcnMvbWFya3dvb2QvcmVzaXplZC84MC93aXAyLnBuZyIgYWx0PSJNYXJrIFdvb2QgKG1hcmt3b29kKSIgd2lkdGg9IjgwIiBoZWlnaHQ9IjgwIiAvPnEChYFxA31xBGIu','2016-03-04 22:53:39'),(':1:avatar_maverick_80_c66b3238b0813875e5c390e9393c49f3','gAJjZGphbmdvLnV0aWxzLnNhZmVzdHJpbmcKU2FmZVRleHQKcQFYcgAAADxpbWcgc3JjPSIvcmVzb3VyY2VzL2F2YXRhcnMvbWF2ZXJpY2svcmVzaXplZC84MC9NYXR0LmpwZyIgYWx0PSJNYXR0IEdsZWVzb24gKG1hdmVyaWNrKSIgd2lkdGg9IjgwIiBoZWlnaHQ9IjgwIiAvPnEChYFxA31xBGIu','2016-01-11 00:05:35'),(':1:avatar_mdp_80_133d50fdfd43b689a5e5579ebb6e272f','gAJjZGphbmdvLnV0aWxzLnNhZmVzdHJpbmcKU2FmZVRleHQKcQFYhgAAADxpbWcgc3JjPSIvcmVzb3VyY2VzL2F2YXRhcnMvbWRwL3Jlc2l6ZWQvODAvMjAxNDA1MjVfMTk0MDM4X0FuZHJvaWQlMjBjb3B5XzEuanBnIiBhbHQ9Ik1hdHQgIFBlYXJzb24gIChtZHApIiB3aWR0aD0iODAiIGhlaWdodD0iODAiIC8+cQKFgXEDfXEEYi4=','2016-01-11 00:05:35'),(':1:avatar_meadowsh_80_1ac072bfd2d27533f2fd578dd1c125a2','gAJjZGphbmdvLnV0aWxzLnNhZmVzdHJpbmcKU2FmZVRleHQKcQFYpQAAADxpbWcgc3JjPSIvcmVzb3VyY2VzL2F2YXRhcnMvbWVhZG93c2gvcmVzaXplZC84MC8xODg5NF8xMDIwNjAxNTg4NTM3MDUwOV80ODAwNjAwMzY0NDY0MDk3MTg1X25fNGxyZ0tEVS5qcGciIGFsdD0iU2hhdW4gIE1lYWRvd3MgKG1lYWRvd3NoKSIgd2lkdGg9IjgwIiBoZWlnaHQ9IjgwIiAvPnEChYFxA31xBGIu','2016-03-04 22:53:39'),(':1:avatar_mikerobhr_80_722442e457b55dab151c18794b76577f','gAJjZGphbmdvLnV0aWxzLnNhZmVzdHJpbmcKU2FmZVRleHQKcQFYdAAAADxpbWcgc3JjPSIvcmVzb3VyY2VzL2F2YXRhcnMvTWlrZXJvYmhyL3Jlc2l6ZWQvODAvY3VwMi5qcGciIGFsdD0iTWlrZSBSb2JlcnRzIChNaWtlcm9iaHIpIiB3aWR0aD0iODAiIGhlaWdodD0iODAiIC8+cQKFgXEDfXEEYi4=','2016-01-11 00:05:35'),(':1:avatar_mpthompson68_80_5fbf99f757d3a9de5179440b206829d6','gAJjZGphbmdvLnV0aWxzLnNhZmVzdHJpbmcKU2FmZVRleHQKcQFYfgAAADxpbWcgc3JjPSIvcmVzb3VyY2VzL2F2YXRhcnMvTXB0aG9tcHNvbjY4L3Jlc2l6ZWQvODAvU0FGQy5qcGciIGFsdD0iTWljaGFlbCBUaG9tcHNvbiAoTXB0aG9tcHNvbjY4KSIgd2lkdGg9IjgwIiBoZWlnaHQ9IjgwIiAvPnEChYFxA31xBGIu','2016-01-11 00:05:35'),(':1:avatar_muzzy59_80_2f70f9c80c4eba52827fbd761ca436a4','gAJjZGphbmdvLnV0aWxzLnNhZmVzdHJpbmcKU2FmZVRleHQKcQFYdAAAADxpbWcgc3JjPSIvcmVzb3VyY2VzL2F2YXRhcnMvTXV6enk1OS9yZXNpemVkLzgwL0Nlbm90ZXMuanBnIiBhbHQ9IkNocmlzIE11cnJlbGwgKE11enp5NTkpIiB3aWR0aD0iODAiIGhlaWdodD0iODAiIC8+cQKFgXEDfXEEYi4=','2016-03-04 22:53:38'),(':1:avatar_na112608_80_03befc41bde0579966781a9ff1bb904a','gAJjZGphbmdvLnV0aWxzLnNhZmVzdHJpbmcKU2FmZVRleHQKcQFYewAAADxpbWcgc3JjPSIvcmVzb3VyY2VzL2F2YXRhcnMvbmExMTI2MDgvcmVzaXplZC84MC91c2VyX3Bob3RvLmpwZyIgYWx0PSJOZWlsICBBc3BpbmFsbCAgKG5hMTEyNjA4KSIgd2lkdGg9IjgwIiBoZWlnaHQ9IjgwIiAvPnEChYFxA31xBGIu','2016-03-04 22:53:38'),(':1:avatar_neweagle_80_d7aa9b8378f23250830d450b17f3238e','gAJjZGphbmdvLnV0aWxzLnNhZmVzdHJpbmcKU2FmZVRleHQKcQFYfwAAADxpbWcgc3JjPSIvcmVzb3VyY2VzL2F2YXRhcnMvTmV3RWFnbGUvcmVzaXplZC84MC93ZWQlMjBwaWMlMjAyLmpwZyIgYWx0PSJDbGFpcmUgRWFnbGVzaGFtIChOZXdFYWdsZSkiIHdpZHRoPSI4MCIgaGVpZ2h0PSI4MCIgLz5xAoWBcQN9cQRiLg==','2016-03-04 22:53:38'),(':1:avatar_paweko_80_1b022f879c22d591d8e2db5e8a548230','gAJjZGphbmdvLnV0aWxzLnNhZmVzdHJpbmcKU2FmZVRleHQKcQFYcgAAADxpbWcgc3JjPSIvcmVzb3VyY2VzL2F2YXRhcnMvcGF3ZWtvL3Jlc2l6ZWQvODAvaW1hZ2UuanBnIiBhbHQ9IlBhd2VsIFN6eW1hbmlhayAocGF3ZWtvKSIgd2lkdGg9IjgwIiBoZWlnaHQ9IjgwIiAvPnEChYFxA31xBGIu','2016-03-04 22:53:38'),(':1:avatar_pistol08_80_9b1b4d7ef9dcfedb6b0fe52dc8b54327','gAJjZGphbmdvLnV0aWxzLnNhZmVzdHJpbmcKU2FmZVRleHQKcQFYfAAAADxpbWcgc3JjPSIvcmVzb3VyY2VzL2F2YXRhcnMvcGlzdG9sMDgvcmVzaXplZC84MC8yMTQ0NjExNjE5MDE3MTYuanBnIiBhbHQ9IlBldGUgU2F5ZXJzIChwaXN0b2wwOCkiIHdpZHRoPSI4MCIgaGVpZ2h0PSI4MCIgLz5xAoWBcQN9cQRiLg==','2016-01-11 00:05:35'),(':1:avatar_realalemidriff_80_7fa4a69042a57256fc072b83a55f5e3b','gAJjZGphbmdvLnV0aWxzLnNhZmVzdHJpbmcKU2FmZVRleHQKcQFYmQAAADxpbWcgc3JjPSIvcmVzb3VyY2VzL2F2YXRhcnMvUmVhbEFsZU1pZHJpZmYvcmVzaXplZC84MC9ob3ctdG8tZ2V0LXJpZC1vZi1hLWJlZXItYmVsbHkuanBnIiBhbHQ9IlNpbW9uIEJlbGNoZXIgKFJlYWxBbGVNaWRyaWZmKSIgd2lkdGg9IjgwIiBoZWlnaHQ9IjgwIiAvPnEChYFxA31xBGIu','2016-03-04 22:53:38'),(':1:avatar_redeagle_80_094eb2c9d50eb685d9dfdf7ef2ebe807','gAJjZGphbmdvLnV0aWxzLnNhZmVzdHJpbmcKU2FmZVRleHQKcQFYigAAADxpbWcgc3JjPSIvcmVzb3VyY2VzL2F2YXRhcnMvcmVkZWFnbGUvcmVzaXplZC84MC9SZWQlMjBFYWdsZS5qcGciIGFsdD0iUmVkIEVhZ2xlIFBsYXlpbmcgRm9yIENoYXJpdHkgKHJlZGVhZ2xlKSIgd2lkdGg9IjgwIiBoZWlnaHQ9IjgwIiAvPnEChYFxA31xBGIu','2016-03-04 22:53:39'),(':1:avatar_richardmurrill_80_b732204abcf2b0f39f367d883c36d128','gAJjZGphbmdvLnV0aWxzLnNhZmVzdHJpbmcKU2FmZVRleHQKcQFYhQAAADxpbWcgc3JjPSIvcmVzb3VyY2VzL2F2YXRhcnMvcmljaGFyZC5tdXJyaWxsL3Jlc2l6ZWQvODAvZm9sa2VzdG9uZS5qcGciIGFsdD0iRGF2ZSBHYXJkaWUgKHJpY2hhcmQubXVycmlsbCkiIHdpZHRoPSI4MCIgaGVpZ2h0PSI4MCIgLz5xAoWBcQN9cQRiLg==','2016-03-04 22:53:39'),(':1:avatar_rolf_80_dc594bfae3a5cbbe230819bbf65ee53e','gAJjZGphbmdvLnV0aWxzLnNhZmVzdHJpbmcKU2FmZVRleHQKcQFYbgAAADxpbWcgc3JjPSIvcmVzb3VyY2VzL2F2YXRhcnMvcm9sZi9yZXNpemVkLzgwL1JPTEYuanBnIiBhbHQ9Ik1pY2hhZWwgRWFzdHdvb2QgKHJvbGYpIiB3aWR0aD0iODAiIGhlaWdodD0iODAiIC8+cQKFgXEDfXEEYi4=','2016-03-04 22:53:38'),(':1:avatar_ronaddick_80_b7ecf9cc7c0dca8884207fd48dfa6605','gAJjZGphbmdvLnV0aWxzLnNhZmVzdHJpbmcKU2FmZVRleHQKcQFYcwAAADxpbWcgc3JjPSIvcmVzb3VyY2VzL2F2YXRhcnMvUm9uYWRkaWNrL3Jlc2l6ZWQvODAvY2E1LmpwZyIgYWx0PSJSb24gU2tpbmdsZXkgKFJvbmFkZGljaykiIHdpZHRoPSI4MCIgaGVpZ2h0PSI4MCIgLz5xAoWBcQN9cQRiLg==','2016-01-11 00:05:35'),(':1:avatar_sam74_80_66381fc4906d86283eb151832c4b38c1','gAJjZGphbmdvLnV0aWxzLnNhZmVzdHJpbmcKU2FmZVRleHQKcQFYeAAAADxpbWcgc3JjPSIvcmVzb3VyY2VzL2F2YXRhcnMvU2FtNzQvcmVzaXplZC84MC9FbGVwaGFudCUyMGZvb3R5LmpwZyIgYWx0PSJQZXRlciBXZWxsZXIgKFNhbTc0KSIgd2lkdGg9IjgwIiBoZWlnaHQ9IjgwIiAvPnEChYFxA31xBGIu','2016-01-11 00:05:35'),(':1:avatar_seanbarham_80_5eef3bb825b51e54f0e8aa022cda5419','gAJjZGphbmdvLnV0aWxzLnNhZmVzdHJpbmcKU2FmZVRleHQKcQFYkwAAADxpbWcgc3JjPSIvcmVzb3VyY2VzL2F2YXRhcnMvc2Vhbi5iYXJoYW0vcmVzaXplZC84MC9IZWFkd2F5JTIwMjElMjBTZXAlMjAyMDEzJTIwNTBfMS5qcGciIGFsdD0iU2VhbiBCYXJoYW0gKHNlYW4uYmFyaGFtKSIgd2lkdGg9IjgwIiBoZWlnaHQ9IjgwIiAvPnEChYFxA31xBGIu','2016-01-11 00:05:35'),(':1:avatar_shankly74_80_e1ef46d88176552e2b8557501d0b8a46','gAJjZGphbmdvLnV0aWxzLnNhZmVzdHJpbmcKU2FmZVRleHQKcQFYcwAAADxpbWcgc3JjPSIvcmVzb3VyY2VzL2F2YXRhcnMvU2hhbmtseTc0L3Jlc2l6ZWQvODAvY2FwYW0uanBnIiBhbHQ9IlNhbSBXZWxsZXIgKFNoYW5rbHk3NCkiIHdpZHRoPSI4MCIgaGVpZ2h0PSI4MCIgLz5xAoWBcQN9cQRiLg==','2016-01-11 00:05:35'),(':1:avatar_shanu_80_c1692afacb2bab05b47d4e326177c486','gAJjZGphbmdvLnV0aWxzLnNhZmVzdHJpbmcKU2FmZVRleHQKcQFYcQAAADxpbWcgc3JjPSIvcmVzb3VyY2VzL2F2YXRhcnMvU2hhbnUvcmVzaXplZC84MC91bnRpdGxlZC5wbmciIGFsdD0iU2hhdW4gV2hlZWxlciAoU2hhbnUpIiB3aWR0aD0iODAiIGhlaWdodD0iODAiIC8+cQKFgXEDfXEEYi4=','2016-03-04 22:53:39'),(':1:avatar_sholdensaints_80_570372a694ce37da5072f7cc4b7cfa74','gAJjZGphbmdvLnV0aWxzLnNhZmVzdHJpbmcKU2FmZVRleHQKcQFYfgAAADxpbWcgc3JjPSIvcmVzb3VyY2VzL2F2YXRhcnMvU2hvbGRlbi5zYWludHMvcmVzaXplZC84MC9pbWFnZS5qcGciIGFsdD0iR2VvZmYgRWxsaXMgKFNob2xkZW4uc2FpbnRzKSIgd2lkdGg9IjgwIiBoZWlnaHQ9IjgwIiAvPnEChYFxA31xBGIu','2016-03-04 22:53:38'),(':1:avatar_si74_80_fc461336f9be314093871c71256984de','gAJjZGphbmdvLnV0aWxzLnNhZmVzdHJpbmcKU2FmZVRleHQKcQFYdQAAADxpbWcgc3JjPSIvcmVzb3VyY2VzL2F2YXRhcnMvU2k3NC9yZXNpemVkLzgwL1Byb2ZpbGUlMjBTR18xLmpwZyIgYWx0PSJTaW1vbiBHcmV0dG9uIChTaTc0KSIgd2lkdGg9IjgwIiBoZWlnaHQ9IjgwIiAvPnEChYFxA31xBGIu','2016-01-11 00:05:35'),(':1:avatar_silk_80_38b30ececf3bd65b0e5985d815fc5a29','gAJjZGphbmdvLnV0aWxzLnNhZmVzdHJpbmcKU2FmZVRleHQKcQFYcgAAADxpbWcgc3JjPSIvcmVzb3VyY2VzL2F2YXRhcnMvU2lsay9yZXNpemVkLzgwL2ltYWdlXzZBaXl5cFAuanBnIiBhbHQ9IkFuZHJldyBTaWxrIChTaWxrKSIgd2lkdGg9IjgwIiBoZWlnaHQ9IjgwIiAvPnEChYFxA31xBGIu','2016-03-04 22:53:38'),(':1:avatar_snooky32_80_d4e93b4e5df7a03bb669b57701f78b34','gAJjZGphbmdvLnV0aWxzLnNhZmVzdHJpbmcKU2FmZVRleHQKcQFYrgAAADxpbWcgc3JjPSIvcmVzb3VyY2VzL2F2YXRhcnMvc25vb2t5MzIvcmVzaXplZC84MC8zVWc2RzYyYVhPejFmMXFNTW9CWkV6bDcyZUprZmJtdDR0OHllbkltS0JWdTNSNUdSMHZkS0Q4ckdvR29mUURLLmpwZyIgYWx0PSJSb2JlcnQgU25vb2sgKHNub29reTMyKSIgd2lkdGg9IjgwIiBoZWlnaHQ9IjgwIiAvPnEChYFxA31xBGIu','2016-03-04 22:53:39'),(':1:avatar_stevesimmondssnr_80_7e7599878ac97dd63e07e5e7caca8579','gAJjZGphbmdvLnV0aWxzLnNhZmVzdHJpbmcKU2FmZVRleHQKcQFYjQAAADxpbWcgc3JjPSIvcmVzb3VyY2VzL2F2YXRhcnMvc3RldmUuc2ltbW9uZHNzbnIvcmVzaXplZC84MC9vbGRndXlzcnVsZS5qcGciIGFsdD0iU3RldmUgU2ltbW9uZHMgKHN0ZXZlLnNpbW1vbmRzc25yKSIgd2lkdGg9IjgwIiBoZWlnaHQ9IjgwIiAvPnEChYFxA31xBGIu','2016-01-11 00:05:35'),(':1:avatar_stoneyboyo_80_ba691c9699f3b227dc10690c420067e3','gAJjZGphbmdvLnV0aWxzLnNhZmVzdHJpbmcKU2FmZVRleHQKcQFYeQAAADxpbWcgc3JjPSIvcmVzb3VyY2VzL2F2YXRhcnMvc3RvbmV5Ym95by9yZXNpemVkLzgwL0ltYWdlMTc5LmpwZyIgYWx0PSJMZXdpcyBTdG9uZSAoc3RvbmV5Ym95bykiIHdpZHRoPSI4MCIgaGVpZ2h0PSI4MCIgLz5xAoWBcQN9cQRiLg==','2016-03-04 22:53:39'),(':1:avatar_talpawhite_80_ea631829e6ef44d85592c0e9baefd197','gAJjZGphbmdvLnV0aWxzLnNhZmVzdHJpbmcKU2FmZVRleHQKcQFYhgAAADxpbWcgc3JjPSIvcmVzb3VyY2VzL2F2YXRhcnMvVGFscGF3aGl0ZS9yZXNpemVkLzgwL21vbGVfb2N1bGlzdF8xMTgxMzE1LmpwZyIgYWx0PSJDaHJpcyBNb3dsZXMgKFRhbHBhd2hpdGUpIiB3aWR0aD0iODAiIGhlaWdodD0iODAiIC8+cQKFgXEDfXEEYi4=','2016-03-04 22:53:39'),(':1:avatar_tezza_80_0863cd37c793f7479f4440e94a5bdadd','gAJjZGphbmdvLnV0aWxzLnNhZmVzdHJpbmcKU2FmZVRleHQKcQFYewAAADxpbWcgc3JjPSIvcmVzb3VyY2VzL2F2YXRhcnMvVGV6emEvcmVzaXplZC84MC9DaGVybm8tU2FtYmEtQ00wMTAyLmpwZWciIGFsdD0iVGVycnkgU3dhbm4gKFRlenphKSIgd2lkdGg9IjgwIiBoZWlnaHQ9IjgwIiAvPnEChYFxA31xBGIu','2016-03-04 22:53:39'),(':1:avatar_themattyh_80_332d040b1350f1bab70058ad4931a3c0','gAJjZGphbmdvLnV0aWxzLnNhZmVzdHJpbmcKU2FmZVRleHQKcQFYcgAAADxpbWcgc3JjPSIvcmVzb3VyY2VzL2F2YXRhcnMvdGhlbWF0dHloL3Jlc2l6ZWQvODAvQi5qcGciIGFsdD0iTWF0dCBIYXJyaXNvbiAodGhlbWF0dHloKSIgd2lkdGg9IjgwIiBoZWlnaHQ9IjgwIiAvPnEChYFxA31xBGIu','2016-03-04 22:53:39'),(':1:avatar_theredeagle_80_e433d88c8f52613aa656f3c8b005dc53','gAJjZGphbmdvLnV0aWxzLnNhZmVzdHJpbmcKU2FmZVRleHQKcQFYjgAAADxpbWcgc3JjPSIvcmVzb3VyY2VzL2F2YXRhcnMvVGhlUkVERUFHTEUvcmVzaXplZC84MC9SZWQlMjBFYWdsZSUyMGdvbGQlMjB3aW5nLmpwZyIgYWx0PSJXYXluZSBIb2Rnc29uIChUaGVSRURFQUdMRSkiIHdpZHRoPSI4MCIgaGVpZ2h0PSI4MCIgLz5xAoWBcQN9cQRiLg==','2016-03-04 22:53:39'),(':1:avatar_thetutsta_80_6a22b1dec2cc1985062acc0c2271fe6b','gAJjZGphbmdvLnV0aWxzLnNhZmVzdHJpbmcKU2FmZVRleHQKcQFYfAAAADxpbWcgc3JjPSIvcmVzb3VyY2VzL2F2YXRhcnMvVGhlVHV0c3RhL3Jlc2l6ZWQvODAvQXJzZW5hbF9GQ19zdmcucG5nIiBhbHQ9Ikxpc2EgVHV0dHkgKFRoZVR1dHN0YSkiIHdpZHRoPSI4MCIgaGVpZ2h0PSI4MCIgLz5xAoWBcQN9cQRiLg==','2016-03-04 22:53:39'),(':1:avatar_tingeyal_80_b77571af7c17555ceae1853cf4bf396d','gAJjZGphbmdvLnV0aWxzLnNhZmVzdHJpbmcKU2FmZVRleHQKcQFYgAAAADxpbWcgc3JjPSIvcmVzb3VyY2VzL2F2YXRhcnMvdGluZ2V5YWwvcmVzaXplZC84MC9CaWctV2luLVNvY2Nlci1JY29uLnBuZyIgYWx0PSJBbGFuIFRpbmdleSAodGluZ2V5YWwpIiB3aWR0aD0iODAiIGhlaWdodD0iODAiIC8+cQKFgXEDfXEEYi4=','2016-03-04 22:53:39'),(':1:avatar_tingeyt76_80_33fdad971771a44ac58d43dddacc8d40','gAJjZGphbmdvLnV0aWxzLnNhZmVzdHJpbmcKU2FmZVRleHQKcQFYdAAAADxpbWcgc3JjPSIvcmVzb3VyY2VzL2F2YXRhcnMvdGluZ2V5dDc2L3Jlc2l6ZWQvODAvaW1hZ2UuanBnIiBhbHQ9IlRvbnkgVGluZ2V5ICh0aW5nZXl0NzYpIiB3aWR0aD0iODAiIGhlaWdodD0iODAiIC8+cQKFgXEDfXEEYi4=','2016-03-04 22:53:39'),(':1:avatar_tingles84_80_d1a20afab503d416ed734e333c594f65','gAJjZGphbmdvLnV0aWxzLnNhZmVzdHJpbmcKU2FmZVRleHQKcQFYdQAAADxpbWcgc3JjPSIvcmVzb3VyY2VzL2F2YXRhcnMvdGluZ2xlczg0L3Jlc2l6ZWQvODAvU0FMQUQucG5nIiBhbHQ9IlRlcnJ5IFRpbmdleSAodGluZ2xlczg0KSIgd2lkdGg9IjgwIiBoZWlnaHQ9IjgwIiAvPnEChYFxA31xBGIu','2016-01-11 00:05:35'),(':1:avatar_toni_80_29378a068187bb8925639c206d4da798','gAJjZGphbmdvLnV0aWxzLnNhZmVzdHJpbmcKU2FmZVRleHQKcQFYcwAAADxpbWcgc3JjPSIvcmVzb3VyY2VzL2F2YXRhcnMvVG9uaS9yZXNpemVkLzgwL2plbnNlbi1hY2tsZXMuanBnIiBhbHQ9IlRvbmkgR3JldHRvbiAoVG9uaSkiIHdpZHRoPSI4MCIgaGVpZ2h0PSI4MCIgLz5xAoWBcQN9cQRiLg==','2016-03-04 22:53:39'),(':1:avatar_tonycooper_80_3b874f0186f56c7820e7174cfd57ab59','gAJjZGphbmdvLnV0aWxzLnNhZmVzdHJpbmcKU2FmZVRleHQKcQFYfAAAADxpbWcgc3JjPSIvcmVzb3VyY2VzL2F2YXRhcnMvdG9ueS5jb29wZXIvcmVzaXplZC84MC9tdWx0aXBvbmQuanBnIiBhbHQ9IlRvbnkgQ29vcGVyICh0b255LmNvb3BlcikiIHdpZHRoPSI4MCIgaGVpZ2h0PSI4MCIgLz5xAoWBcQN9cQRiLg==','2016-03-04 22:53:39'),(':1:avatar_ultrasteve_80_41fb1c8fd48c9f3a89eb2620a7b35f0f','gAJjZGphbmdvLnV0aWxzLnNhZmVzdHJpbmcKU2FmZVRleHQKcQFYhQAAADxpbWcgc3JjPSIvcmVzb3VyY2VzL2F2YXRhcnMvdWx0cmFzdGV2ZS9yZXNpemVkLzgwL1RZVFJhaWRlcnNFbmdsaXNoV0lQLmpwZyIgYWx0PSJTdGV2ZSBHcmVlbiAodWx0cmFzdGV2ZSkiIHdpZHRoPSI4MCIgaGVpZ2h0PSI4MCIgLz5xAoWBcQN9cQRiLg==','2016-01-11 00:05:35'),(':1:avatar_url_65goody_80_fdf1f81d7df5b52a2e1c7f44fd556b62','gAJVOi9yZXNvdXJjZXMvYXZhdGFycy82NWdvb2R5L3Jlc2l6ZWQvODAvb3Jhbmd1dGFuLTc5Nzk3OS5qcGdxAS4=','2016-01-11 00:05:35'),(':1:avatar_url_adamswinton_80_bcd3fc46fedeabdf9678b1a3530b08c5','gAJVPC9yZXNvdXJjZXMvYXZhdGFycy9hZGFtLnN3aW50b24vcmVzaXplZC84MC9HZXRBdHRhY2htZW50LmpwZ3EBLg==','2016-03-04 22:53:39'),(':1:avatar_url_archiaal_80_2b301851f216c04086a3b41f82720e01','gAJVNC9yZXNvdXJjZXMvYXZhdGFycy9hcmNoaWFhbC9yZXNpemVkLzgwL2ltYWdlJTNBNjE5MTlxAS4=','2016-01-11 00:05:35'),(':1:avatar_url_benprcll_80_d476c2ebb873e0991ab76412eb0fb035','gAJVMi9yZXNvdXJjZXMvYXZhdGFycy9iZW5wcmNsbC9yZXNpemVkLzgwL0NhcHR1cmUuUE5HcQEu','2016-03-04 22:53:39'),(':1:avatar_url_bigsi666_80_4ac67e8a42d6d41419cc845139b6b376','gAJVQC9yZXNvdXJjZXMvYXZhdGFycy9iaWdzaTY2Ni9yZXNpemVkLzgwLzIwMTItMDctMjIlMjAxNC40MC4zMS5qcGdxAS4=','2016-01-11 00:05:35'),(':1:avatar_url_brain_80_9491a6085703caa0b5a99ee4a3e58246','gAJVMS9yZXNvdXJjZXMvYXZhdGFycy9CcmFpbi9yZXNpemVkLzgwL2ltYWdlcy0zLmpwZWdxAS4=','2016-03-04 22:53:38'),(':1:avatar_url_cbirks_80_b4d4e88927d77db5ebe98d9a6e2134fd','gAJVOy9yZXNvdXJjZXMvYXZhdGFycy9jYmlya3MvcmVzaXplZC84MC9DaGVyeWwncyUyMFBpY3R1cmUuSlBHcQEu','2016-03-04 22:53:38'),(':1:avatar_url_cbmayhew_80_d4e2fb1a74adce2e113eb2186caefa57','gAJVOS9yZXNvdXJjZXMvYXZhdGFycy9DQk1heWhldy9yZXNpemVkLzgwL0NocmlzJTIwTWF5aGV3LkpQR3EBLg==','2016-03-04 22:53:38'),(':1:avatar_url_cconnolly_80_cd6c9aef806c55906a4e6b781b324f96','gAJVMS9yZXNvdXJjZXMvYXZhdGFycy9jY29ubm9sbHkvcmVzaXplZC84MC9pbWFnZS5qcGdxAS4=','2016-03-04 22:53:39'),(':1:avatar_url_clarie3_80_c8ec53cf7b0fcea2d80b9d2410ebc7e8','gAJVMS9yZXNvdXJjZXMvYXZhdGFycy9jbGFyaWUzL3Jlc2l6ZWQvODAvaW1hZ2VfMi5qcGdxAS4=','2016-03-04 22:53:39'),(':1:avatar_url_colanders12_80_429ece0c528675ed34e49429a91dc969','gAJVPi9yZXNvdXJjZXMvYXZhdGFycy9jb2xhbmRlcnMxMi9yZXNpemVkLzgwL2FsYW50aW5nZXlhdmF0YXIucG5ncQEu','2016-03-04 22:53:39'),(':1:avatar_url_daddad22_80_8d79bb38caa2b0ae7cc765f77e564045','gAJVNi9yZXNvdXJjZXMvYXZhdGFycy9EYWRkYWQyMi9yZXNpemVkLzgwL29yYW5nZSUyMHZ3LmpwZ3EBLg==','2016-03-04 22:53:39'),(':1:avatar_url_dairylee_80_180d1997d109ac482b95c94e9211153f','gAJVMy9yZXNvdXJjZXMvYXZhdGFycy9EYWlyeUxlZS9yZXNpemVkLzgwL2RhaXJ5bGVlLmpwZ3EBLg==','2016-03-04 22:53:39'),(':1:avatar_url_dario81_80_2962ce5cc8652a255e119fbb1603299d','gAJVMS9yZXNvdXJjZXMvYXZhdGFycy9EQVJJTzgxL3Jlc2l6ZWQvODAvaW1hZ2VzLmpwZWdxAS4=','2016-03-04 22:53:39'),(':1:avatar_url_davehoile16_80_bfedfc8896eff1138ba7a66e7c4615af','gAJVMy9yZXNvdXJjZXMvYXZhdGFycy9EYXZlaG9pbGUxNi9yZXNpemVkLzgwL2ltYWdlLmpwZ3EBLg==','2016-01-11 00:05:35'),(':1:avatar_url_daymo_jnr_80_933712ac9c4867e73beb98eaf508ded8','gAJVMS9yZXNvdXJjZXMvYXZhdGFycy9EYXltb19qbnIvcmVzaXplZC84MC9pbWFnZS5qcGdxAS4=','2016-03-04 22:53:39'),(':1:avatar_url_denneja_80_d4a01e986a380c697210edddfa7c1b20','gAJVNC9yZXNvdXJjZXMvYXZhdGFycy9kZW5uZWphL3Jlc2l6ZWQvODAvZG9udCUyMHdpbi5qcGdxAS4=','2016-01-11 00:05:35'),(':1:avatar_url_dewgirl99_80_08b72ddafd7eed8c8d3392c14debb1cc','gAJVQS9yZXNvdXJjZXMvYXZhdGFycy9EZXdnaXJsOTkvcmVzaXplZC84MC9SdWdieSUyMFByb2ZpbGUlMjBwaWMuanBncQEu','2016-03-04 22:53:38'),(':1:avatar_url_dwdyer_80_834ac21f49b5ab376cdf1f3338396f6f','gAJVNi9yZXNvdXJjZXMvYXZhdGFycy9kd2R5ZXIvcmVzaXplZC84MC9kYW5id19kWVJPeVlRLmpwZ3EBLg==','2016-03-04 22:53:39'),(':1:avatar_url_eaglere_80_e0d514ae185dc95064e822c3952a71ae','gAJVQC9yZXNvdXJjZXMvYXZhdGFycy9lYWdsZXJlL3Jlc2l6ZWQvODAvUmVkJTIwRWFnbGUlMjBzcXVhcmVfMi5qcGdxAS4=','2016-01-11 00:05:35'),(':1:avatar_url_elliott1403_80_1ce83c5ad4f5a9e6f81190e5614d1981','gAJVNy9yZXNvdXJjZXMvYXZhdGFycy9lbGxpb3R0MTQwMy9yZXNpemVkLzgwL2Jyb3RoZXJzMS5qcGdxAS4=','2016-03-04 22:53:39'),(':1:avatar_url_ettyabrics_80_a2ef8e55d56370f06d5e1485ff93bc36','gAJVQy9yZXNvdXJjZXMvYXZhdGFycy9FdHR5QWJyaWNzL3Jlc2l6ZWQvODAvUk4tUmF0aW5ncy1CZXJldC1CYWRnZS5qcGdxAS4=','2016-03-04 22:53:38'),(':1:avatar_url_fcanfield28_80_d6156599a20433cfdf75ef1f40543ca8','gAJVPi9yZXNvdXJjZXMvYXZhdGFycy9GQ0FuZmllbGQyOC9yZXNpemVkLzgwLzE0NzkzMzA3MTQ3OTMzMDcuanBncQEu','2016-01-11 00:05:35'),(':1:avatar_url_gizmojason_80_52c3215560d1f35b3e0798a4aebe95bb','gAJVXS9yZXNvdXJjZXMvYXZhdGFycy9naXptb2phc29uL3Jlc2l6ZWQvODAvMTA1MjczNTNfMTAxNTIwNjE3ODE2MzYxMTZfNDE3NjI2MDYyNTM3MDc0NzQ0MV9uLmpwZ3EBLg==','2016-01-11 00:05:35'),(':1:avatar_url_hatty-hammer_80_b4b48b6f53f7c806b98a6c36498104b1','gAJVPC9yZXNvdXJjZXMvYXZhdGFycy9oYXR0eS1oYW1tZXIvcmVzaXplZC84MC8xNDIyOTA2NjMxMjMwLmpwZ3EBLg==','2016-03-04 22:53:38'),(':1:avatar_url_hollange_80_6b586588d6eeb60dcbb579f837afc34d','gAJVOS9yZXNvdXJjZXMvYXZhdGFycy9Ib2xsYW5nZS9yZXNpemVkLzgwL2ltYWdlc0NBQ01MWjBSLmpwZ3EBLg==','2016-03-04 22:53:39'),(':1:avatar_url_huntea_80_628f100322d1d0e56445e9657c085db6','gAJVMS9yZXNvdXJjZXMvYXZhdGFycy9odW50ZWEvcmVzaXplZC84MC9+NDQ0MzExMC5qcGdxAS4=','2016-03-04 22:53:38'),(':1:avatar_url_jackrmee_80_d9cabec479adf24684b71d5a431c5e0f','gAJVOC9yZXNvdXJjZXMvYXZhdGFycy9qYWNrcm1lZS9yZXNpemVkLzgwL3N3YW5zJTIwYmFkZ2UuZ2lmcQEu','2016-03-04 22:53:39'),(':1:avatar_url_jackymac64_80_aa312767a92307be1b1083c9f339362e','gAJVNS9yZXNvdXJjZXMvYXZhdGFycy9qYWNreW1hYzY0L3Jlc2l6ZWQvODAvRFNDRjAwODQuSlBHcQEu','2016-03-04 22:53:39'),(':1:avatar_url_james_lipiec_80_94e207b7d3ce7438a6a1b9ed7d9de13e','gAJVMy9yZXNvdXJjZXMvYXZhdGFycy9KYW1lc19MaXBpZWMvcmVzaXplZC84MC9tZTEyLmpwZ3EBLg==','2016-01-11 00:05:35'),(':1:avatar_url_jamiefeaver_80_f5664d3d680926bc447a74a2beb8fadf','gAJVMi9yZXNvdXJjZXMvYXZhdGFycy9qYW1pZS5mZWF2ZXIvcmVzaXplZC84MC8wNDguSlBHcQEu','2016-01-11 00:05:35'),(':1:avatar_url_kenzo_80_c5fb4e644cc5057bcbcb419c956c9468','gAJVMC9yZXNvdXJjZXMvYXZhdGFycy9LZW56by9yZXNpemVkLzgwL0RTQ04yNzUyLkpQR3EBLg==','2016-01-11 00:05:35'),(':1:avatar_url_kevinstacey_80_ceed841a62d866a079746cdae1ccf33a','gAJVNi9yZXNvdXJjZXMvYXZhdGFycy9rZXZpbnN0YWNleS9yZXNpemVkLzgwL3VudGl0bGVkLmJtcHEBLg==','2016-01-11 00:05:35'),(':1:avatar_url_kristina_80_b48369566d8dff1058426978394eb671','gAJVPi9yZXNvdXJjZXMvYXZhdGFycy9LcmlzdGluYS9yZXNpemVkLzgwL0lNR18yMDE1MDkxN18xNjM3MTIuanBncQEu','2016-03-04 22:53:38'),(':1:avatar_url_lewisd3_80_80b6a99bdf2d43347473130f77432438','gAJVLy9yZXNvdXJjZXMvYXZhdGFycy9MZXdpc2QzL3Jlc2l6ZWQvODAvaW1hZ2UuanBncQEu','2016-03-04 22:53:39'),(':1:avatar_url_maccamoomoo_80_63f90682b284bcb2070fb34631eeae39','gAJVXS9yZXNvdXJjZXMvYXZhdGFycy9tYWNjYW1vb21vby9yZXNpemVkLzgwLzE5MDc5MzFfMTAxNTMwMzEzMDE2NjYyMTRfODY3MTEzODE4NzUxMTg5MjU2OV9uLmpwZ3EBLg==','2016-03-04 22:53:38'),(':1:avatar_url_mahero_80_dd68c5b207032354f2dafe042c0ca3d7','gAJVLi9yZXNvdXJjZXMvYXZhdGFycy9tYWhlcm8vcmVzaXplZC84MC9pbWFnZS5qcGdxAS4=','2016-01-11 00:05:35'),(':1:avatar_url_markwood_80_5b6b2b49ac9a20d4f07ddc898aee4608','gAJVLy9yZXNvdXJjZXMvYXZhdGFycy9tYXJrd29vZC9yZXNpemVkLzgwL3dpcDIucG5ncQEu','2016-03-04 22:53:39'),(':1:avatar_url_maverick_80_1aa216d7fa969415a4be283f94b8ea3d','gAJVLy9yZXNvdXJjZXMvYXZhdGFycy9tYXZlcmljay9yZXNpemVkLzgwL01hdHQuanBncQEu','2016-01-11 00:05:35'),(':1:avatar_url_mdp_80_0af179f7a296b2b155d80dd7830cf8fb','gAJVRi9yZXNvdXJjZXMvYXZhdGFycy9tZHAvcmVzaXplZC84MC8yMDE0MDUyNV8xOTQwMzhfQW5kcm9pZCUyMGNvcHlfMS5qcGdxAS4=','2016-01-11 00:05:35'),(':1:avatar_url_meadowsh_80_01a61b2bb33a4891e5883bdcb800c1df','gAJVYC9yZXNvdXJjZXMvYXZhdGFycy9tZWFkb3dzaC9yZXNpemVkLzgwLzE4ODk0XzEwMjA2MDE1ODg1MzcwNTA5XzQ4MDA2MDAzNjQ0NjQwOTcxODVfbl80bHJnS0RVLmpwZ3EBLg==','2016-03-04 22:53:39'),(':1:avatar_url_mikerobhr_80_4d61de67677bad72b5c3b7fa465e339a','gAJVMC9yZXNvdXJjZXMvYXZhdGFycy9NaWtlcm9iaHIvcmVzaXplZC84MC9jdXAyLmpwZ3EBLg==','2016-01-11 00:05:35'),(':1:avatar_url_mpthompson68_80_68eb5594c58003d24b147c5a04afb31d','gAJVMy9yZXNvdXJjZXMvYXZhdGFycy9NcHRob21wc29uNjgvcmVzaXplZC84MC9TQUZDLmpwZ3EBLg==','2016-01-11 00:05:35'),(':1:avatar_url_muzzy59_80_11434488d633f24ae114631fb217e281','gAJVMS9yZXNvdXJjZXMvYXZhdGFycy9NdXp6eTU5L3Jlc2l6ZWQvODAvQ2Vub3Rlcy5qcGdxAS4=','2016-03-04 22:53:38'),(':1:avatar_url_na112608_80_b4181b2e8aa6affca1e4abd39c6c2aa5','gAJVNS9yZXNvdXJjZXMvYXZhdGFycy9uYTExMjYwOC9yZXNpemVkLzgwL3VzZXJfcGhvdG8uanBncQEu','2016-03-04 22:53:38'),(':1:avatar_url_neweagle_80_eb9903b481912424c328dcba6ebb99ee','gAJVOC9yZXNvdXJjZXMvYXZhdGFycy9OZXdFYWdsZS9yZXNpemVkLzgwL3dlZCUyMHBpYyUyMDIuanBncQEu','2016-03-04 22:53:38'),(':1:avatar_url_paweko_80_b956b78d4df547fe2deca4b000c47c82','gAJVLi9yZXNvdXJjZXMvYXZhdGFycy9wYXdla28vcmVzaXplZC84MC9pbWFnZS5qcGdxAS4=','2016-03-04 22:53:38'),(':1:avatar_url_pistol08_80_d1a46cfecb2bb6f1da7af4a67062190c','gAJVOi9yZXNvdXJjZXMvYXZhdGFycy9waXN0b2wwOC9yZXNpemVkLzgwLzIxNDQ2MTE2MTkwMTcxNi5qcGdxAS4=','2016-01-11 00:05:35'),(':1:avatar_url_realalemidriff_80_40c928f80afcab38992ca2bf385a6d54','gAJVTy9yZXNvdXJjZXMvYXZhdGFycy9SZWFsQWxlTWlkcmlmZi9yZXNpemVkLzgwL2hvdy10by1nZXQtcmlkLW9mLWEtYmVlci1iZWxseS5qcGdxAS4=','2016-03-04 22:53:38'),(':1:avatar_url_redeagle_80_5b7de4039685407ea64b3ff71d2224b5','gAJVNi9yZXNvdXJjZXMvYXZhdGFycy9yZWRlYWdsZS9yZXNpemVkLzgwL1JlZCUyMEVhZ2xlLmpwZ3EBLg==','2016-03-04 22:53:39'),(':1:avatar_url_richardmurrill_80_9a05199fe2e77cab402af1470236259e','gAJVPC9yZXNvdXJjZXMvYXZhdGFycy9yaWNoYXJkLm11cnJpbGwvcmVzaXplZC84MC9mb2xrZXN0b25lLmpwZ3EBLg==','2016-03-04 22:53:39'),(':1:avatar_url_rolf_80_a10c60596a041f64390dc2ec25b71784','gAJVKy9yZXNvdXJjZXMvYXZhdGFycy9yb2xmL3Jlc2l6ZWQvODAvUk9MRi5qcGdxAS4=','2016-03-04 22:53:38'),(':1:avatar_url_ronaddick_80_d4031819607f34e1640b82a6659a3777','gAJVLy9yZXNvdXJjZXMvYXZhdGFycy9Sb25hZGRpY2svcmVzaXplZC84MC9jYTUuanBncQEu','2016-01-11 00:05:35'),(':1:avatar_url_sam74_80_117dc9db676c278a7f7ef6c0a60be4c5','gAJVOC9yZXNvdXJjZXMvYXZhdGFycy9TYW03NC9yZXNpemVkLzgwL0VsZXBoYW50JTIwZm9vdHkuanBncQEu','2016-01-11 00:05:35'),(':1:avatar_url_seanbarham_80_fc03468573aa03a1111176185d9b8f16','gAJVTi9yZXNvdXJjZXMvYXZhdGFycy9zZWFuLmJhcmhhbS9yZXNpemVkLzgwL0hlYWR3YXklMjAyMSUyMFNlcCUyMDIwMTMlMjA1MF8xLmpwZ3EBLg==','2016-01-11 00:05:35'),(':1:avatar_url_shankly74_80_5d7840e0be275f98d864f8c750c4a45e','gAJVMS9yZXNvdXJjZXMvYXZhdGFycy9TaGFua2x5NzQvcmVzaXplZC84MC9jYXBhbS5qcGdxAS4=','2016-01-11 00:05:35'),(':1:avatar_url_shanu_80_c5c926f882afcb2785980fc81a88c019','gAJVMC9yZXNvdXJjZXMvYXZhdGFycy9TaGFudS9yZXNpemVkLzgwL3VudGl0bGVkLnBuZ3EBLg==','2016-03-04 22:53:39'),(':1:avatar_url_sholdensaints_80_d4c598f9d4df7152f18776d3c9b370ab','gAJVNi9yZXNvdXJjZXMvYXZhdGFycy9TaG9sZGVuLnNhaW50cy9yZXNpemVkLzgwL2ltYWdlLmpwZ3EBLg==','2016-03-04 22:53:38'),(':1:avatar_url_si74_80_d3b1979ab12970699fb74fa6ee5f9024','gAJVNS9yZXNvdXJjZXMvYXZhdGFycy9TaTc0L3Jlc2l6ZWQvODAvUHJvZmlsZSUyMFNHXzEuanBncQEu','2016-01-11 00:05:35'),(':1:avatar_url_silk_80_49cc783348ed03d30d9f72c2f8639c7e','gAJVNC9yZXNvdXJjZXMvYXZhdGFycy9TaWxrL3Jlc2l6ZWQvODAvaW1hZ2VfNkFpeXlwUC5qcGdxAS4=','2016-03-04 22:53:38'),(':1:avatar_url_snooky32_80_b585e8b6a8b40e40d98f5da9ec359952','gAJVay9yZXNvdXJjZXMvYXZhdGFycy9zbm9va3kzMi9yZXNpemVkLzgwLzNVZzZHNjJhWE96MWYxcU1Nb0JaRXpsNzJlSmtmYm10NHQ4eWVuSW1LQlZ1M1I1R1IwdmRLRDhyR29Hb2ZRREsuanBncQEu','2016-03-04 22:53:39'),(':1:avatar_url_stevesimmondssnr_80_62f7f4fce5de33b1beedbdc360a8763f','gAJVPy9yZXNvdXJjZXMvYXZhdGFycy9zdGV2ZS5zaW1tb25kc3Nuci9yZXNpemVkLzgwL29sZGd1eXNydWxlLmpwZ3EBLg==','2016-01-11 00:05:35'),(':1:avatar_url_stoneyboyo_80_e00b02ee1275d95d9ffb0c15b6279826','gAJVNS9yZXNvdXJjZXMvYXZhdGFycy9zdG9uZXlib3lvL3Jlc2l6ZWQvODAvSW1hZ2UxNzkuanBncQEu','2016-03-04 22:53:39'),(':1:avatar_url_talpawhite_80_f9a0c0b62b93e9558d4c4f75c9b77ca2','gAJVQS9yZXNvdXJjZXMvYXZhdGFycy9UYWxwYXdoaXRlL3Jlc2l6ZWQvODAvbW9sZV9vY3VsaXN0XzExODEzMTUuanBncQEu','2016-03-04 22:53:39'),(':1:avatar_url_tezza_80_3205ee7f6b5afb464ff693875b5431eb','gAJVPC9yZXNvdXJjZXMvYXZhdGFycy9UZXp6YS9yZXNpemVkLzgwL0NoZXJuby1TYW1iYS1DTTAxMDIuanBlZ3EBLg==','2016-03-04 22:53:39'),(':1:avatar_url_themattyh_80_6119d12f4d06fe957a8ca6e60d7d1878','gAJVLS9yZXNvdXJjZXMvYXZhdGFycy90aGVtYXR0eWgvcmVzaXplZC84MC9CLmpwZ3EBLg==','2016-03-04 22:53:39'),(':1:avatar_url_theredeagle_80_3d781c7fefdd84b0ac4242dc6d0b9c79','gAJVRy9yZXNvdXJjZXMvYXZhdGFycy9UaGVSRURFQUdMRS9yZXNpemVkLzgwL1JlZCUyMEVhZ2xlJTIwZ29sZCUyMHdpbmcuanBncQEu','2016-03-04 22:53:39'),(':1:avatar_url_thetutsta_80_7ca9a0ffc5f2dc2385b02ed75be06ee3','gAJVOi9yZXNvdXJjZXMvYXZhdGFycy9UaGVUdXRzdGEvcmVzaXplZC84MC9BcnNlbmFsX0ZDX3N2Zy5wbmdxAS4=','2016-03-04 22:53:39'),(':1:avatar_url_tingeyal_80_23ea83bd8cc4b1a73d88dc7ab92f1580','gAJVPi9yZXNvdXJjZXMvYXZhdGFycy90aW5nZXlhbC9yZXNpemVkLzgwL0JpZy1XaW4tU29jY2VyLUljb24ucG5ncQEu','2016-03-04 22:53:39'),(':1:avatar_url_tingeyt76_80_34bcee7bd1373ccdfe9e41ac7e7f3c8f','gAJVMS9yZXNvdXJjZXMvYXZhdGFycy90aW5nZXl0NzYvcmVzaXplZC84MC9pbWFnZS5qcGdxAS4=','2016-03-04 22:53:39'),(':1:avatar_url_tingles84_80_ce1481c89bf9c804064fee52f9ddf6ae','gAJVMS9yZXNvdXJjZXMvYXZhdGFycy90aW5nbGVzODQvcmVzaXplZC84MC9TQUxBRC5wbmdxAS4=','2016-01-11 00:05:35'),(':1:avatar_url_toni_80_ad58a1b47ba15bf6b7a9856acdcc0f90','gAJVNC9yZXNvdXJjZXMvYXZhdGFycy9Ub25pL3Jlc2l6ZWQvODAvamVuc2VuLWFja2xlcy5qcGdxAS4=','2016-03-04 22:53:39'),(':1:avatar_url_tonycooper_80_829056b0d4d86cca42c815b06f50f069','gAJVNy9yZXNvdXJjZXMvYXZhdGFycy90b255LmNvb3Blci9yZXNpemVkLzgwL211bHRpcG9uZC5qcGdxAS4=','2016-03-04 22:53:39'),(':1:avatar_url_ultrasteve_80_57209fd6698ce3e2950ed986e5a5d17c','gAJVQS9yZXNvdXJjZXMvYXZhdGFycy91bHRyYXN0ZXZlL3Jlc2l6ZWQvODAvVFlUUmFpZGVyc0VuZ2xpc2hXSVAuanBncQEu','2016-01-11 00:05:35'),(':1:avatar_url_walshda_80_2d3782de0fa2d644b92fb833cdcdd784','gAJVLi9yZXNvdXJjZXMvYXZhdGFycy93YWxzaGRhL3Jlc2l6ZWQvODAvYnVydC5qcGdxAS4=','2016-03-04 22:53:38'),(':1:avatar_url_woolybully_80_4bf55b53bb2d0418eea2ec8811ed21a1','gAJVMi9yZXNvdXJjZXMvYXZhdGFycy9Xb29seUJ1bGx5L3Jlc2l6ZWQvODAvaW1hZ2UuanBncQEu','2016-03-04 22:53:39'),(':1:avatar_walshda_80_ef373d5f395d1a3c8560887a7055efb2','gAJjZGphbmdvLnV0aWxzLnNhZmVzdHJpbmcKU2FmZVRleHQKcQFYbQAAADxpbWcgc3JjPSIvcmVzb3VyY2VzL2F2YXRhcnMvd2Fsc2hkYS9yZXNpemVkLzgwL2J1cnQuanBnIiBhbHQ9IkRhbiBXYWxzaCAod2Fsc2hkYSkiIHdpZHRoPSI4MCIgaGVpZ2h0PSI4MCIgLz5xAoWBcQN9cQRiLg==','2016-03-04 22:53:38'),(':1:avatar_woolybully_80_bf0c0d0c0ed3e998a3e8ea9042fc2cee','gAJjZGphbmdvLnV0aWxzLnNhZmVzdHJpbmcKU2FmZVRleHQKcQFYdwAAADxpbWcgc3JjPSIvcmVzb3VyY2VzL2F2YXRhcnMvV29vbHlCdWxseS9yZXNpemVkLzgwL2ltYWdlLmpwZyIgYWx0PSJNYXR0aGV3IEJ1bGwgKFdvb2x5QnVsbHkpIiB3aWR0aD0iODAiIGhlaWdodD0iODAiIC8+cQKFgXEDfXEEYi4=','2016-03-04 22:53:39'),(':1:optimal_monthly_selection|2013-14','gAIoY2RqYW5nby5kYi5tb2RlbHMuYmFzZQptb2RlbF91bnBpY2tsZQpxAVUHc3VwZXIxMHECVQRUZWFtcQOGXXEEWAoAAABjb3VudHJ5X2lkcQVhY2RqYW5nby5kYi5tb2RlbHMucXVlcnlfdXRpbHMKZGVmZXJyZWRfY2xhc3NfZmFjdG9yeQpxBodScQd9cQgoVQRuYW1lcQlYEAAAAFJvdGhlcmhhbSBVbml0ZWRVDWluaXRpYWxfdmFsdWVxCksyVQZfc3RhdGVxC2NkamFuZ28uZGIubW9kZWxzLmJhc2UKTW9kZWxTdGF0ZQpxDCmBcQ19cQ4oVQZhZGRpbmdxD4lVAmRicRBVB2RlZmF1bHRxEXViVQJpZHESigE9VQVzY29yZXETY2RlY2ltYWwKRGVjaW1hbApxFFUCMThxFYVScRZVBHNsdWdxF1gQAAAAcm90aGVyaGFtLXVuaXRlZHViaAFoAmgDhl1xGGgFYWgGh1JxGX1xGihoCVgPAAAATWFuY2hlc3RlciBDaXR5cRtoCkuMaAtoDCmBcRx9cR0oaA+JaBBoEXViaBKKAQpoE2gUVQIxOHEehVJxH2gXWA8AAABtYW5jaGVzdGVyLWNpdHlxIHViaAFoAmgDhl1xIWgFYWgGh1JxIn1xIyhoCVgTAAAAUXVlZW5zIFBhcmsgUmFuZ2Vyc3EkaApLfWgLaAwpgXElfXEmKGgPiWgQaBF1YmgSigEnaBNoFFUCMTZxJ4VScShoF1gTAAAAcXVlZW5zLXBhcmstcmFuZ2Vyc3EpdWJoAWgCaAOGXXEqaAVhaAaHUnErfXEsKGgJWA0AAABMZXl0b24gT3JpZW50cS1oCktaaAtoDCmBcS59cS8oaA+JaBBoEXViaBKKATZoE2gUVQIxNXEwhVJxMWgXWA0AAABsZXl0b24tb3JpZW50cTJ1YmgBaAJoA4ZdcTNoBWFoBodScTR9cTUoaAlYDAAAAERlcmJ5IENvdW50eXE2aApLS2gLaAwpgXE3fXE4KGgPiWgQaBF1YmgSigEeaBNoFFUCMTRxOYVScTpoF1gMAAAAZGVyYnktY291bnR5cTt1YmgBaAJoA4ZdcTxoBWFoBodScT19cT4oaAlYCgAAAFN0b2tlIENpdHlxP2gKS0ZoC2gMKYFxQH1xQShoD4loEGgRdWJoEooBD2gTaBRVAjEycUKFUnFDaBdYCgAAAHN0b2tlLWNpdHlxRHViaAFoAmgDhl1xRWgFYWgGh1JxRn1xRyhoCVgKAAAAU3VuZGVybGFuZGgKSzJoC2gMKYFxSH1xSShoD4loEGgRdWJoEooBEGgTaBRVAjEwcUqFUnFLaBdYCgAAAHN1bmRlcmxhbmR1YmgBaAJoA4ZdcUxoBWFoBodScU19cU4oaAlYBgAAAE5hcG9saXFPaApLgmgLaAwpgXFQfXFRKGgPiWgQaBF1YmgSigKPAGgTaBRVAjI4cVKFUnFTaBdYBgAAAG5hcG9saXFUdWJoAWgCaAOGXXFVaAVhaAaHUnFWfXFXKGgJWAcAAABDYXRhbmlhcVhoCktVaAtoDCmBcVl9cVooaA+JaBBoEXViaBKKAoYAaBNoFFUCMTdxW4VScVxoF1gHAAAAY2F0YW5pYXFddWJoAWgCaAOGXXFeaAVhaAaHUnFffXFgKGgJWAgAAABTYXNzdW9sb2gKSzJoC2gMKYFxYX1xYihoD4loEGgRdWJoEooCkwBoE2gUVQIxNXFjhVJxZGgXWAgAAABzYXNzdW9sb3VidE1hA2gUVQMxODFxZYVScWaHcWcu','9999-12-31 23:59:59'),(':1:optimal_monthly_selection|2014-15','gAIoY2RqYW5nby5kYi5tb2RlbHMuYmFzZQptb2RlbF91bnBpY2tsZQpxAVUHc3VwZXIxMHECVQRUZWFtcQOGXXEEWAoAAABjb3VudHJ5X2lkcQVhY2RqYW5nby5kYi5tb2RlbHMucXVlcnlfdXRpbHMKZGVmZXJyZWRfY2xhc3NfZmFjdG9yeQpxBodScQd9cQgoVQRuYW1lcQlYDwAAAE1hbmNoZXN0ZXIgQ2l0eXEKVQ1pbml0aWFsX3ZhbHVlcQtLtFUGX3N0YXRlcQxjZGphbmdvLmRiLm1vZGVscy5iYXNlCk1vZGVsU3RhdGUKcQ0pgXEOfXEPKFUGYWRkaW5ncRCJVQJkYnERVQdkZWZhdWx0cRJ1YlUCaWRxE4oBClUFc2NvcmVxFGNkZWNpbWFsCkRlY2ltYWwKcRVVAjI1cRaFUnEXVQRzbHVncRhYDwAAAG1hbmNoZXN0ZXItY2l0eXEZdWJoAWgCaAOGXXEaaAVhaAaHUnEbfXEcKGgJWAcAAABBcnNlbmFscR1oC0uCaAxoDSmBcR59cR8oaBCJaBFoEnViaBOKAQFoFGgVVQIyM3EghVJxIWgYWAcAAABhcnNlbmFscSJ1YmgBaAJoA4ZdcSNoBWFoBodScSR9cSUoaAlYDgAAAExlaWNlc3RlciBDaXR5cSZoC0s8aAxoDSmBcSd9cSgoaBCJaBFoEnViaBOKASNoFGgVVQIyMHEphVJxKmgYWA4AAABsZWljZXN0ZXItY2l0eXErdWJoAWgCaAOGXXEsaAVhaAaHUnEtfXEuKGgJWAwAAABOb3J3aWNoIENpdHlxL2gLS4xoDGgNKYFxMH1xMShoEIloEWgSdWJoE4oBDWgUaBVVAjIwcTKFUnEzaBhYDAAAAG5vcndpY2gtY2l0eXE0dWJoAWgCaAOGXXE1aAVhaAaHUnE2fXE3KGgJWBEAAABXeWNvbWJlIFdhbmRlcmVyc2gLSzJoDGgNKYFxOH1xOShoEIloEWgSdWJoE4oBW2gUaBVVAjE4cTqFUnE7aBhYEQAAAHd5Y29tYmUtd2FuZGVyZXJzdWJoAWgCaAOGXXE8aAVhaAaHUnE9fXE+KGgJWBQAAABXZXN0IEJyb213aWNoIEFsYmlvbmgLSzJoDGgNKYFxP31xQChoEIloEWgSdWJoE4oBE2gUaBVVAjEzcUGFUnFCaBhYFAAAAHdlc3QtYnJvbXdpY2gtYWxiaW9udWJoAWgCaAOGXXFDaAVhaAaHUnFEfXFFKGgJWAoAAABTdW5kZXJsYW5kcUZoC0tBaAxoDSmBcUd9cUgoaBCJaBFoEnViaBOKARBoFGgVVQIxM3FJhVJxSmgYWAoAAABzdW5kZXJsYW5kcUt1YmgBaAJoA4ZdcUxoBWFoBodScU19cU4oaAlYCgAAAEZpb3JlbnRpbmFxT2gLS25oDGgNKYFxUH1xUShoEIloEWgSdWJoE4oCiABoFGgVVQIzMHFShVJxU2gYWAoAAABmaW9yZW50aW5hcVR1YmgBaAJoA4ZdcVVoBWFoBodScVZ9cVcoaAlYCAAAAFNhc3N1b2xvaAtLMmgMaA0pgXFYfXFZKGgQiWgRaBJ1YmgTigKTAGgUaBVVAjIzcVqFUnFbaBhYCAAAAHNhc3N1b2xvdWJoAWgCaAOGXXFcaAVhaAaHUnFdfXFeKGgJWAUAAABHZW5vYXFfaAtLPGgMaA0pgXFgfXFhKGgQiWgRaBJ1YmgTigKJAGgUaBVVAjIycWKFUnFjaBhYBQAAAGdlbm9hcWR1YnRNfwNoFVUDMjMycWWFUnFmh3FnLg==','9999-12-31 23:59:59'),(':1:optimal_monthly_selection|2015-16','gAIoY2RqYW5nby5kYi5tb2RlbHMuYmFzZQptb2RlbF91bnBpY2tsZQpxAVUHc3VwZXIxMHECVQRUZWFtcQOGXXEEWAoAAABjb3VudHJ5X2lkcQVhY2RqYW5nby5kYi5tb2RlbHMucXVlcnlfdXRpbHMKZGVmZXJyZWRfY2xhc3NfZmFjdG9yeQpxBodScQd9cQgoVQRuYW1lcQlYCAAAAEJhcm5zbGV5cQpVDWluaXRpYWxfdmFsdWVxC0tQVQ9fZGphbmdvX3ZlcnNpb25xDFUFMS45LjFVBl9zdGF0ZXENY2RqYW5nby5kYi5tb2RlbHMuYmFzZQpNb2RlbFN0YXRlCnEOKYFxD31xEChVBmFkZGluZ3ERiVUCZGJxElUHZGVmYXVsdHETdWJVAmlkcRSKARVVBXNjb3JlcRVjZGVjaW1hbApEZWNpbWFsCnEWVQIxOXEXhVJxGFUEc2x1Z3EZWAgAAABiYXJuc2xleXEadWJoAWgCaAOGXXEbaAVhaAaHUnEcfXEdKGgJWAsAAABTb3V0aGFtcHRvbnEeaAtLZGgMVQUxLjkuMWgNaA4pgXEffXEgKGgRiWgSaBN1YmgUigEOaBVoFlUCMTlxIYVScSJoGVgLAAAAc291dGhhbXB0b25xI3ViaAFoAmgDhl1xJGgFYWgGh1JxJX1xJihoCVgKAAAAU3VuZGVybGFuZGgLSzJoDFUFMS45LjFoDWgOKYFxJ31xKChoEYloEmgTdWJoFIoBEGgVaBZVAjE1cSmFUnEqaBlYCgAAAHN1bmRlcmxhbmR1YmgBaAJoA4ZdcStoBWFoBodScSx9cS0oaAlYBwAAAFdhbHNhbGxxLmgLS0FoDFUFMS45LjFoDWgOKYFxL31xMChoEYloEmgTdWJoFIoBQ2gVaBZVAjE1cTGFUnEyaBlYBwAAAHdhbHNhbGxxM3ViaAFoAmgDhl1xNGgFYWgGh1JxNX1xNihoCVgMAAAAU3dhbnNlYSBDaXR5cTdoC0tfaAxVBTEuOS4xaA1oDimBcTh9cTkoaBGJaBJoE3ViaBSKARFoFWgWVQIxNXE6hVJxO2gZWAwAAABzd2Fuc2VhLWNpdHlxPHViaAFoAmgDhl1xPWgFYWgGh1JxPn1xPyhoCVgPAAAAUGx5bW91dGggQXJneWxlcUBoC0tkaAxVBTEuOS4xaA1oDimBcUF9cUIoaBGJaBJoE3ViaBSKAVRoFWgWVQIxNXFDhVJxRGgZWA8AAABwbHltb3V0aC1hcmd5bGVxRXViaAFoAmgDhl1xRmgFYWgGh1JxR31xSChoCVgNAAAAQUZDIFdpbWJsZWRvbnFJaAtLPGgMVQUxLjkuMWgNaA4pgXFKfXFLKGgRiWgSaBN1YmgUigFaaBVoFlUCMTFxTIVScU1oGVgNAAAAYWZjLXdpbWJsZWRvbnFOdWJoAWgCaAOGXXFPaAVhaAaHUnFQfXFRKGgJWA0AAABEdW5kZWUgVW5pdGVkcVJoC0taaAxVBTEuOS4xaA1oDimBcVN9cVQoaBGJaBJoE3ViaBSKAmwBaBVoFlUCMThxVYVScVZoGVgNAAAAZHVuZGVlLXVuaXRlZHFXdWJoAWgCaAOGXXFYaAVhaAaHUnFZfXFaKGgJWAQAAABSb21hcVtoC0ugaAxVBTEuOS4xaA1oDimBcVx9cV0oaBGJaBJoE3ViaBSKApEAaBVoFlUCMThxXoVScV9oGVgEAAAAcm9tYXFgdWJoAWgCaAOGXXFhaAVhaAaHUnFifXFjKGgJWAYAAABOYXBvbGlxZGgLS2RoDFUFMS45LjFoDWgOKYFxZX1xZihoEYloEmgTdWJoFIoCjwBoFWgWVQIxN3FnhVJxaGgZWAYAAABuYXBvbGlxaXVidE2EA2gWVQMxODFxaoVScWuHcWwu','9999-12-31 23:59:59'),(':1:optimal_overall_selection|2013-14','gAIoY2RqYW5nby5kYi5tb2RlbHMuYmFzZQptb2RlbF91bnBpY2tsZQpxAVUHc3VwZXIxMHECVQRUZWFtcQOGXXEEWAoAAABjb3VudHJ5X2lkcQVhY2RqYW5nby5kYi5tb2RlbHMucXVlcnlfdXRpbHMKZGVmZXJyZWRfY2xhc3NfZmFjdG9yeQpxBodScQd9cQgoVQRuYW1lcQlYDwAAAE1hbmNoZXN0ZXIgQ2l0eXEKVQ1pbml0aWFsX3ZhbHVlcQtLjFUGX3N0YXRlcQxjZGphbmdvLmRiLm1vZGVscy5iYXNlCk1vZGVsU3RhdGUKcQ0pgXEOfXEPKFUGYWRkaW5ncRCJVQJkYnERVQdkZWZhdWx0cRJ1YlUCaWRxE4oBClUFc2NvcmVxFGNkZWNpbWFsCkRlY2ltYWwKcRVVAzIxMXEWhVJxF1UEc2x1Z3EYWA8AAABtYW5jaGVzdGVyLWNpdHlxGXViaAFoAmgDhl1xGmgFYWgGh1JxG31xHChoCVgJAAAATGl2ZXJwb29scR1oC0tkaAxoDSmBcR59cR8oaBCJaBFoEnViaBOKAQloFGgVVQMxOTZxIIVScSFoGFgJAAAAbGl2ZXJwb29scSJ1YmgBaAJoA4ZdcSNoBWFoBodScSR9cSUoaAlYEAAAAFJvdGhlcmhhbSBVbml0ZWRoC0syaAxoDSmBcSZ9cScoaBCJaBFoEnViaBOKAT1oFGgVVQMxOTJxKIVScSloGFgQAAAAcm90aGVyaGFtLXVuaXRlZHViaAFoAmgDhl1xKmgFYWgGh1JxK31xLChoCVgNAAAATGV5dG9uIE9yaWVudHEtaAtLWmgMaA0pgXEufXEvKGgQiWgRaBJ1YmgTigE2aBRoFVUDMTkycTCFUnExaBhYDQAAAGxleXRvbi1vcmllbnRxMnViaAFoAmgDhl1xM2gFYWgGh1JxNH1xNShoCVgOAAAATGVpY2VzdGVyIENpdHlxNmgLS19oDGgNKYFxN31xOChoEIloEWgSdWJoE4oBI2gUaBVVAzE4NnE5hVJxOmgYWA4AAABsZWljZXN0ZXItY2l0eXE7dWJoAWgCaAOGXXE8aAVhaAaHUnE9fXE+KGgJWBEAAABQcmVzdG9uIE5vcnRoIEVuZHE/aAtLN2gMaA0pgXFAfXFBKGgQiWgRaBJ1YmgTigE8aBRoFVUDMTgycUKFUnFDaBhYEQAAAHByZXN0b24tbm9ydGgtZW5kcUR1YmgBaAJoA4ZdcUVoBWFoBodScUZ9cUcoaAlYDAAAAERlcmJ5IENvdW50eXFIaAtLS2gMaA0pgXFJfXFKKGgQiWgRaBJ1YmgTigEeaBRoFVUDMTgxcUuFUnFMaBhYDAAAAGRlcmJ5LWNvdW50eXFNdWJoAWgCaAOGXXFOaAVhaAaHUnFPfXFQKGgJWAkAAABCYXJjZWxvbmFxUWgLS7RoDGgNKYFxUn1xUyhoEIloEWgSdWJoE4oCmgBoFGgVVQMyMzVxVIVScVVoGFgJAAAAYmFyY2Vsb25hcVZ1YmgBaAJoA4ZdcVdoBWFoBodScVh9cVkoaAlYBgAAAE1vbmFjb2gLSzJoDGgNKYFxWn1xWyhoEIloEWgSdWJoE4oBZmgUaBVVAzE2OXFchVJxXWgYWAYAAABtb25hY291YmgBaAJoA4ZdcV5oBWFoBodScV99cWAoaAlYDwAAAEF0aGxldGljIEJpbGJhb3FhaAtLQWgMaA0pgXFifXFjKGgQiWgRaBJ1YmgTigKYAGgUaBVVAzE0OXFkhVJxZWgYWA8AAABhdGhsZXRpYy1iaWxiYW9xZnVidE2EA2gVVQQyMTA0cWeFUnFoh3FpLg==','9999-12-31 23:59:59'),(':1:optimal_overall_selection|2014-15','gAIoY2RqYW5nby5kYi5tb2RlbHMuYmFzZQptb2RlbF91bnBpY2tsZQpxAVUHc3VwZXIxMHECVQRUZWFtcQOGXXEEWAoAAABjb3VudHJ5X2lkcQVhY2RqYW5nby5kYi5tb2RlbHMucXVlcnlfdXRpbHMKZGVmZXJyZWRfY2xhc3NfZmFjdG9yeQpxBodScQd9cQgoVQRuYW1lcQlYDAAAAEJyaXN0b2wgQ2l0eXEKVQ1pbml0aWFsX3ZhbHVlcQtLS1UGX3N0YXRlcQxjZGphbmdvLmRiLm1vZGVscy5iYXNlCk1vZGVsU3RhdGUKcQ0pgXEOfXEPKFUGYWRkaW5ncRCJVQJkYnERVQdkZWZhdWx0cRJ1YlUCaWRxE4oBL1UFc2NvcmVxFGNkZWNpbWFsCkRlY2ltYWwKcRVVAzIxMXEWhVJxF1UEc2x1Z3EYWAwAAABicmlzdG9sLWNpdHlxGXViaAFoAmgDhl1xGmgFYWgGh1JxG31xHChoCVgRAAAAUHJlc3RvbiBOb3J0aCBFbmRxHWgLS3NoDGgNKYFxHn1xHyhoEIloEWgSdWJoE4oBPGgUaBVVAzIwOXEghVJxIWgYWBEAAABwcmVzdG9uLW5vcnRoLWVuZHEidWJoAWgCaAOGXXEjaAVhaAaHUnEkfXElKGgJWBIAAABNaWx0b24gS2V5bmVzIERvbnNxJmgLS1VoDGgNKYFxJ31xKChoEIloEWgSdWJoE4oBN2gUaBVVAzE5OXEphVJxKmgYWBIAAABtaWx0b24ta2V5bmVzLWRvbnNxK3ViaAFoAmgDhl1xLGgFYWgGh1JxLX1xLihoCVgLAAAAQm91cm5lbW91dGhxL2gLS1VoDGgNKYFxMH1xMShoEIloEWgSdWJoE4oBGmgUaBVVAzE5N3EyhVJxM2gYWAsAAABib3VybmVtb3V0aHE0dWJoAWgCaAOGXXE1aAVhaAaHUnE2fXE3KGgJWAcAAABXYXRmb3JkcThoC0tGaAxoDSmBcTl9cTooaBCJaBFoEnViaBOKASpoFGgVVQMxODBxO4VScTxoGFgHAAAAd2F0Zm9yZHE9dWJoAWgCaAOGXXE+aAVhaAaHUnE/fXFAKGgJWBEAAABXeWNvbWJlIFdhbmRlcmVyc2gLSzJoDGgNKYFxQX1xQihoEIloEWgSdWJoE4oBW2gUaBVVAzE2OXFDhVJxRGgYWBEAAAB3eWNvbWJlLXdhbmRlcmVyc3ViaAFoAmgDhl1xRWgFYWgGh1JxRn1xRyhoCVgMAAAAQ2hlc3RlcmZpZWxkcUhoC0s8aAxoDSmBcUl9cUooaBCJaBFoEnViaBOKAUpoFGgVVQMxNThxS4VScUxoGFgMAAAAY2hlc3RlcmZpZWxkcU11YmgBaAJoA4ZdcU5oBWFoBodScU99cVAoaAlYCQAAAEJhcmNlbG9uYXFRaAtLqmgMaA0pgXFSfXFTKGgQiWgRaBJ1YmgTigKaAGgUaBVVAzI2NXFUhVJxVWgYWAkAAABiYXJjZWxvbmFxVnViaAFoAmgDhl1xV2gFYWgGh1JxWH1xWShoCVgHAAAAU2V2aWxsYXFaaAtLZGgMaA0pgXFbfXFcKGgQiWgRaBJ1YmgTigKoAGgUaBVVAzE4MXFdhVJxXmgYWAcAAABzZXZpbGxhcV91YmgBaAJoA4ZdcWBoBWFoBodScWF9cWIoaAlYBQAAAExhemlvcWNoC0tQaAxoDSmBcWR9cWUoaBCJaBFoEnViaBOKAowAaBRoFVUDMTczcWaFUnFnaBhYBQAAAGxhemlvcWh1YnRNegNoFVUEMjE1M3FphVJxaodxay4=','9999-12-31 23:59:59'),(':1:optimal_overall_selection|2015-16','gAIoY2RqYW5nby5kYi5tb2RlbHMuYmFzZQptb2RlbF91bnBpY2tsZQpxAVUHc3VwZXIxMHECVQRUZWFtcQOGXXEEWAoAAABjb3VudHJ5X2lkcQVhY2RqYW5nby5kYi5tb2RlbHMucXVlcnlfdXRpbHMKZGVmZXJyZWRfY2xhc3NfZmFjdG9yeQpxBodScQd9cQgoVQRuYW1lcQlYEAAAAE5vcnRoYW1wdG9uIFRvd25xClUNaW5pdGlhbF92YWx1ZXELS0tVD19kamFuZ29fdmVyc2lvbnEMVQUxLjkuMVUGX3N0YXRlcQ1jZGphbmdvLmRiLm1vZGVscy5iYXNlCk1vZGVsU3RhdGUKcQ4pgXEPfXEQKFUGYWRkaW5ncRGJVQJkYnESVQdkZWZhdWx0cRN1YlUCaWRxFIoBUlUFc2NvcmVxFWNkZWNpbWFsCkRlY2ltYWwKcRZVAzE5NXEXhVJxGFUEc2x1Z3EZWBAAAABub3J0aGFtcHRvbi10b3ducRp1YmgBaAJoA4ZdcRtoBWFoBodScRx9cR0oaAlYDQAAAE94Zm9yZCBVbml0ZWRxHmgLS0ZoDFUFMS45LjFoDWgOKYFxH31xIChoEYloEmgTdWJoFIoBU2gVaBZVAzE4OHEhhVJxImgZWA0AAABveGZvcmQtdW5pdGVkcSN1YmgBaAJoA4ZdcSRoBWFoBodScSV9cSYoaAlYCgAAAFBvcnRzbW91dGhoC0syaAxVBTEuOS4xaA1oDimBcSd9cSgoaBGJaBJoE3ViaBSKAVVoFWgWVQMxNzRxKYVScSpoGVgKAAAAcG9ydHNtb3V0aHViaAFoAmgDhl1xK2gFYWgGh1JxLH1xLShoCVgHAAAAV2Fsc2FsbHEuaAtLQWgMVQUxLjkuMWgNaA4pgXEvfXEwKGgRiWgSaBN1YmgUigFDaBVoFlUDMTcwcTGFUnEyaBlYBwAAAHdhbHNhbGxxM3ViaAFoAmgDhl1xNGgFYWgGh1JxNX1xNihoCVgSAAAAQWNjcmluZ3RvbiBTdGFubGV5aAtLMmgMVQUxLjkuMWgNaA4pgXE3fXE4KGgRiWgSaBN1YmgUigFFaBVoFlUDMTY4cTmFUnE6aBlYEgAAAGFjY3Jpbmd0b24tc3RhbmxleXViaAFoAmgDhl1xO2gFYWgGh1JxPH1xPShoCVgWAAAAQnJpZ2h0b24gJiBIb3ZlIEFsYmlvbmgLSzJoDFUFMS45LjFoDWgOKYFxPn1xPyhoEYloEmgTdWJoFIoBG2gVaBZVAzE2M3FAhVJxQWgZWBgAAABicmlnaHRvbi1hbmQtaG92ZS1hbGJpb251YmgBaAJoA4ZdcUJoBWFoBodScUN9cUQoaAlYDgAAAEJyaXN0b2wgUm92ZXJzcUVoC0s8aAxVBTEuOS4xaA1oDimBcUZ9cUcoaBGJaBJoE3ViaBSKAUZoFWgWVQMxNjJxSIVScUloGVgOAAAAYnJpc3RvbC1yb3ZlcnNxSnViaAFoAmgDhl1xS2gFYWgGh1JxTH1xTShoCVgJAAAAQmFyY2Vsb25hcU5oC0u0aAxVBTEuOS4xaA1oDimBcU99cVAoaBGJaBJoE3ViaBSKApoAaBVoFlUDMjQ4cVGFUnFSaBlYCQAAAGJhcmNlbG9uYXFTdWJoAWgCaAOGXXFUaAVhaAaHUnFVfXFWKGgJWBAAAABQYXJpcyBTdC1HZXJtYWlucVdoC0u0aAxVBTEuOS4xaA1oDimBcVh9cVkoaBGJaBJoE3ViaBSKAWpoFWgWVQMyMjNxWoVScVtoGVgQAAAAcGFyaXMtc3QtZ2VybWFpbnFcdWJoAWgCaAOGXXFdaAVhaAaHUnFefXFfKGgJWBEAAABCb3J1c3NpYSBEb3J0bXVuZHFgaAtLX2gMVQUxLjkuMWgNaA4pgXFhfXFiKGgRiWgSaBN1YmgUigF0aBVoFlUDMTkycWOFUnFkaBlYEQAAAGJvcnVzc2lhLWRvcnRtdW5kcWV1YnRNawNoFlUEMjA3OHFmhVJxZ4dxaC4=','9999-12-31 23:59:59'),(':1:overall_table|2013-14','gAJdcQEoY2RqYW5nby5kYi5tb2RlbHMuYmFzZQptb2RlbF91bnBpY2tsZQpxAlUHc3VwZXIxMHEDVQVFbnRyeXEEhl1xBShYCQAAAHNlYXNvbl9pZHEGVQljdXBfZW50cnlxB2VjZGphbmdvLmRiLm1vZGVscy5xdWVyeV91dGlscwpkZWZlcnJlZF9jbGFzc19mYWN0b3J5CnEIh1JxCX1xCihVB3VzZXJfaWRxC4oBVVUEbmFtZXEMWBIAAABQaWxncmltcyBIb3NwaWNlIDFxDVUKZW50cnlfdHlwZXEOSwBVCmNoYXJpdHlfaWRxD4oBAVUGX3N0YXRlcRBjZGphbmdvLmRiLm1vZGVscy5iYXNlCk1vZGVsU3RhdGUKcREpgXESfXETKFUGYWRkaW5ncRSJVQJkYnEVVQdkZWZhdWx0cRZ1YlUHZm9yZWlnbnEXY2RlY2ltYWwKRGVjaW1hbApxGFUDNjA5cRmFUnEaVQVzY29yZXEbaBhVBDE5NDhxHIVScR1VBmRvdWJsZXEeaBhVAzIxMXEfhVJxIFUCaWRxIYoCsgBVCGRvbWVzdGljcSJoGFUEMTEyOHEjhVJxJHViaAJoA1UFUHJpemVxJYZdY2RqYW5nby5kYi5tb2RlbHMuYmFzZQpzaW1wbGVfY2xhc3NfZmFjdG9yeQpxJodScSd9cSgoVQtwcml6ZV9tb25leXEpaBhVBTk1LjAwhVJxKmgQaBEpgXErfXEsKGgUiWgVaBZ1YlUJc2Vhc29uX2lkcS2KAQFVCHBvc2l0aW9ucS6KAQFVDWNoYXJpdHlfbW9uZXlxL2gYVQYxNTAuMDCFUnEwVQV0YWJsZXExSwBoIYoBC3ViSwCHcTJoAmgDaASGXXEzKGgGaAdlaAiHUnE0fXE1KGgLigFVaAxYDgAAAE9seW1waWMgRWZmb3J0cTZoDksAaA+KAQVoEGgRKYFxN31xOChoFIloFWgWdWJoF2gYVQM1NDRxOYVScTpoG2gYVQQxOTAzcTuFUnE8aB5oGFUDMTgxcT2FUnE+aCGKAqQAaCJoGFUEMTE3OHE/hVJxQHViaAJoA2glhl1oJodScUF9cUIoaCloGFUFNTQuMDCFUnFDaBBoESmBcUR9cUUoaBSJaBVoFnViaC2KAQFoLooBAmgvaBhVBDAuMDCFUnFGaDFLAGghigEMdWJLAIdxR2gCaANoBIZdcUgoaAZoB2VoCIdScUl9cUooaAuKAR9oDFgSAAAAQmFyY2UtTG9uZS1SYW5nZXJzcUtoDksAaA+KAQFoEGgRKYFxTH1xTShoFIloFWgWdWJoF2gYVQM1OTBxToVScU9oG2gYVQQxOTAycVCFUnFRaB5oGFUDMTc1cVKFUnFTaCGKAV9oImgYVQQxMTM3cVSFUnFVdWJoAmgDaCWGXWgmh1JxVn1xVyhoKWgYVQU0MC4wMIVScVhoEGgRKYFxWX1xWihoFIloFWgWdWJoLYoBAWguigEDaC9oGFUEMC4wMIVScVtoMUsAaCGKAQ11YksAh3FcaAJoA2gEhl1xXShoBmgHZWgIh1JxXn1xXyhoC4oBEWgMWA0AAABGb290YmFsbCBLaWd6cWBoDksAaA+KAQ9oEGgRKYFxYX1xYihoFIloFWgWdWJoF2gYVQM2MDJxY4VScWRoG2gYVQQxODk3cWWFUnFmaB5oGFUDMTc1cWeFUnFoaCGKAU1oImgYVQQxMTIwcWmFUnFqdWJoAmgDaCWGXWgmh1Jxa31xbChoKWgYVQUyMi4wMIVScW1oEGgRKYFxbn1xbyhoFIloFWgWdWJoLYoBAWguigEEaC9oGFUEMC4wMIVScXBoMUsAaCGKAQ51YksCh3FxaAJoA2gEhl1xcihoBmgHZWgIh1Jxc31xdChoC4oBa2gMWBAAAABNYXRjaCBvZiB0aGUgZGF5cXVoDksAaA+KAQFoEGgRKYFxdn1xdyhoFIloFWgWdWJoF2gYVQM2MDNxeIVScXloG2gYVQQxODk2cXqFUnF7aB5oGFUDMTY3cXyFUnF9aCGKARJoImgYVQQxMTI2cX6FUnF/dWJOSv////+HcYBoAmgDaASGXXGBKGgGaAdlaAiHUnGCfXGDKGgLigFVaAxYEAAAAEJpZyBUZXN0IEljaWNsZXNxhGgOSwBoD4oBD2gQaBEpgXGFfXGGKGgUiWgVaBZ1YmgXaBhVAzU5MnGHhVJxiGgbaBhVBDE4OTJxiYVScYpoHmgYVQMxNzVxi4VScYxoIYoCpgBoImgYVQQxMTI1cY2FUnGOdWJOSwGHcY9oAmgDaASGXXGQKGgGaAdlaAiHUnGRfXGSKGgLigFWaAxYGAAAAEkgZG9udCB3YW50IHRvIHdpbiB0aGlzIXGTaA5LAGgPigEBaBBoESmBcZR9cZUoaBSJaBVoFnViaBdoGFUDNTk0cZaFUnGXaBtoGFUEMTg5MXGYhVJxmWgeaBhVAzE3NXGahVJxm2ghigKlAGgiaBhVBDExMjJxnIVScZ11Yk5K/v///4dxnmgCaANoBIZdcZ8oaAZoB2VoCIdScaB9caEoaAuKASFoDFgSAAAAVHlwaWNhbGx5IFNjb3R0aXNocaJoDksAaA+KAQFoEGgRKYFxo31xpChoFIloFWgWdWJoF2gYVQM2MzlxpYVScaZoG2gYVQQxODg2caeFUnGoaB5oGFUDMTY1camFUnGqaCGKAWBoImgYVQQxMDgycauFUnGsdWJOSwCHca1oAmgDaASGXXGuKGgGaAdlaAiHUnGvfXGwKGgLigEpaAxYEwAAAE1pbGxpb24gUG91bmQgU3RhbmRxsWgOSwBoD4oBAWgQaBEpgXGyfXGzKGgUiWgVaBZ1YmgXaBhVAzYxN3G0hVJxtWgbaBhVBDE4NjFxtoVScbdoHmgYVQMxOTZxuIVScbloIYoBa2giaBhVBDEwNDhxuoVScbt1Yk5LAIdxvGgCaANoBIZdcb0oaAZoB2VoCIdScb59cb8oaAuKAVVoDFgLAAAAQmV0dHkgU3cuLi5xwGgOSwBoD4oBA2gQaBEpgXHBfXHCKGgUiWgVaBZ1YmgXaBhVAzU0NHHDhVJxxGgbaBhVBDE4NTRxxYVSccZoHmgYVQMxNzVxx4VScchoIYoCpwBoImgYVQQxMTM1ccmFUnHKdWJOSwGHcctoAmgDaASGXXHMKGgGaAdlaAiHUnHNfXHOKGgLigFVaAxYFwAAAFF1aWNrIG9uZSBvbiB0aGUgaVBob25lcc9oDksAaA+KAQVoEGgRKYFx0H1x0ShoFIloFWgWdWJoF2gYVQM1OTBx0oVScdNoG2gYVQQxODUycdSFUnHVaB5oGFUDMTc1cdaFUnHXaCGKATpoImgYVQQxMDg3cdiFUnHZdWJOSv////+HcdpoAmgDaASGXXHbKGgGaAdlaAiHUnHcfXHdKGgLigEeaAxYHwAAAEZvciA4NW0gaGUgc2hvdWxkIGJlIHNvbGQuLi5hZG9x3mgOSwBoD4oBAWgQaBEpgXHffXHgKGgUiWgVaBZ1YmgXaBhVAzU0N3HhhVJx4mgbaBhVBDE4NDVx44VSceRoHmgYVQMxODFx5YVSceZoIYoBXmgiaBhVBDExMTdx54VSceh1Yk5LAIdx6WgCaANoBIZdceooaAZoB2VoCIdScet9cewoaAuKARVoDFgSAAAAU2NvdXRpbmcgRm9yIEdvYWxzce1oDksAaA+KAQFoEGgRKYFx7n1x7yhoFIloFWgWdWJoF2gYVQM1ODJx8IVScfFoG2gYVQQxODQycfKFUnHzaB5oGFUDMTc1cfSFUnH1aCGKAVFoImgYVQQxMDg1cfaFUnH3dWJOSwCHcfhoAmgDaASGXXH5KGgGaAdlaAiHUnH6fXH7KGgLigFXaAxYEwAAAFJlZ2FpbmluZyB0aGUgdGl0bGVx/GgOSwBoD4oBAWgQaBEpgXH9fXH+KGgUiWgVaBZ1YmgXaBhVAzU2NXH/hVJyAAEAAGgbaBhVBDE4NDByAQEAAIVScgIBAABoHmgYVQMxODZyAwEAAIVScgQBAABoIYoCqQBoImgYVQQxMDg5cgUBAACFUnIGAQAAdWJOSwCHcgcBAABoAmgDaASGXXIIAQAAKGgGaAdlaAiHUnIJAQAAfXIKAQAAKGgLigFfaAxYDgAAAExpdmVycG9vbCAxOTkwcgsBAABoDksAaA+KAQFoEGgRKYFyDAEAAH1yDQEAAChoFIloFWgWdWJoF2gYVQM1OTJyDgEAAIVScg8BAABoG2gYVQQxODM3chABAACFUnIRAQAAaB5oGFUDMTk2chIBAACFUnITAQAAaCGKAqMAaCJoGFUEMTA0OXIUAQAAhVJyFQEAAHViTksAh3IWAQAAaAJoA2gEhl1yFwEAAChoBmgHZWgIh1JyGAEAAH1yGQEAAChoC4oBK2gMWA0AAABKaWdnZXJ5cG9rZXJ5choBAABoDksAaA+KAQFoEGgRKYFyGwEAAH1yHAEAAChoFIloFWgWdWJoF2gYVQM2MzRyHQEAAIVSch4BAABoG2gYVQQxODMzch8BAACFUnIgAQAAaB5oGFUDMTg4ciEBAACFUnIiAQAAaCGKAW1oImgYVQQxMDExciMBAACFUnIkAQAAdWJOSv////+HciUBAABoAmgDaASGXXImAQAAKGgGaAdlaAiHUnInAQAAfXIoAQAAKGgLigFXaAxYDQAAAERpenp5IGhlaWdodHNyKQEAAGgOSwBoD4oBCmgQaBEpgXIqAQAAfXIrAQAAKGgUiWgVaBZ1YmgXaBhVAzU2MXIsAQAAhVJyLQEAAGgbaBhVBDE4MjlyLgEAAIVSci8BAABoHmgYVQMxNzVyMAEAAIVScjEBAABoIYoCqABoImgYVQQxMDkzcjIBAACFUnIzAQAAdWJOSwOHcjQBAABoAmgDaASGXXI1AQAAKGgGaAdlaAiHUnI2AQAAfXI3AQAAKGgLigFCaAxYDwAAAFBPTElTSCBJTlZBREVSU3I4AQAAaA5LAGgPigEBaBBoESmBcjkBAAB9cjoBAAAoaBSJaBVoFnViaBdoGFUDNTU1cjsBAACFUnI8AQAAaBtoGFUEMTgyN3I9AQAAhVJyPgEAAGgeaBhVAzE3NXI/AQAAhVJyQAEAAGghigKHAGgiaBhVBDEwOTdyQQEAAIVSckIBAAB1Yk5K/////4dyQwEAAGgCaANoBIZdckQBAAAoaAZoB2VoCIdSckUBAAB9ckYBAAAoaAuKAVdoDFgQAAAAVGhpcyBvbmUgaXMgbWluZXJHAQAAaA5LAGgPigEKaBBoESmBckgBAAB9ckkBAAAoaBSJaBVoFnViaBdoGFUDNTU4ckoBAACFUnJLAQAAaBtoGFUEMTgyN3JMAQAAhVJyTQEAAGgeaBhVAzE3NXJOAQAAhVJyTwEAAGghigKqAGgiaBhVBDEwOTRyUAEAAIVSclEBAAB1Yk5K/////4dyUgEAAGgCaANoBIZdclMBAAAoaAZoB2VoCIdSclQBAAB9clUBAAAoaAuKARtoDFgRAAAAV2VyZXNvbHZlbnRhdGxhc3RyVgEAAGgOSwBoD4oBA2gQaBEpgXJXAQAAfXJYAQAAKGgUiWgVaBZ1YmgXaBhVAzU0MHJZAQAAhVJyWgEAAGgbaBhVBDE4MjNyWwEAAIVSclwBAABoHmgYVQMxNTFyXQEAAIVScl4BAABoIYoBWmgiaBhVBDExMzJyXwEAAIVScmABAAB1Yk5K/f///4dyYQEAAGgCaANoBIZdcmIBAAAoaAZoB2VoCIdScmMBAAB9cmQBAAAoaAuKAXZoDFgLAAAAQ2hhcml0eSAxNiByZQEAAGgOSwBoD4oBAWgQaBEpgXJmAQAAfXJnAQAAKGgUiWgVaBZ1YmgXaBhVAzUxMXJoAQAAhVJyaQEAAGgbaBhVBDE4MjFyagEAAIVScmsBAABoHmgYVQMyMTFybAEAAIVScm0BAABoIYoBMWgiaBhVBDEwOTlybgEAAIVScm8BAAB1Yk5LAIdycAEAAGgCaANoBIZdcnEBAAAoaAZoB2VoCIdScnIBAAB9cnMBAAAoaAuKATVoDFgfAAAAU2xpZ2h0bHkgQXRobGV0aWMgRm9vdGJhbGwgQ2x1YnJ0AQAAaA5LAGgPigEBaBBoESmBcnUBAAB9cnYBAAAoaBSJaBVoFnViaBdoGFUDNTk0cncBAACFUnJ4AQAAaBtoGFUEMTgxOXJ5AQAAhVJyegEAAGgeaBhVAzE0NnJ7AQAAhVJyfAEAAGghigF5aCJoGFUEMTA3OXJ9AQAAhVJyfgEAAHViTksAh3J/AQAAaAJoA2gEhl1ygAEAAChoBmgHZWgIh1JygQEAAH1yggEAAChoC4oBdmgMWBYAAABDaGFyaXR5IDA0IEFsbCBMZ2UgT25lcoMBAABoDksAaA+KAQFoEGgRKYFyhAEAAH1yhQEAAChoFIloFWgWdWJoF2gYVQM2MzZyhgEAAIVScocBAABoG2gYVQQxODE0cogBAACFUnKJAQAAaB5oGFUDMTkycooBAACFUnKLAQAAaCGKASNoImgYVQM5ODZyjAEAAIVSco0BAAB1Yk5LAodyjgEAAGgCaANoBIZdco8BAAAoaAZoB2VoCIdScpABAAB9cpEBAAAoaAuKAXZoDFgKAAAAQ2hhcml0eSAyMnKSAQAAaA5LAGgPigEBaBBoESmBcpMBAAB9cpQBAAAoaBSJaBVoFnViaBdoGFUDNTM5cpUBAACFUnKWAQAAaBtoGFUEMTgxMnKXAQAAhVJymAEAAGgeaBhVAzE5NnKZAQAAhVJymgEAAGghigE3aCJoGFUEMTA3N3KbAQAAhVJynAEAAHViTkr/////h3KdAQAAaAJoA2gEhl1yngEAAChoBmgHZWgIh1JynwEAAH1yoAEAAChoC4oBdmgMWAoAAABDaGFyaXR5IDIwcqEBAABoDksAaA+KAQFoEGgRKYFyogEAAH1yowEAAChoFIloFWgWdWJoF2gYVQM1ODBypAEAAIVScqUBAABoG2gYVQQxODA2cqYBAACFUnKnAQAAaB5oGFUDMTk2cqgBAACFUnKpAQAAaCGKATVoImgYVQQxMDMwcqoBAACFUnKrAQAAdWJOSv7///+HcqwBAABoAmgDaASGXXKtAQAAKGgGaAdlaAiHUnKuAQAAfXKvAQAAKGgLigEDaAxYIgAAAEdpdmUgdGhlICNraWNrZXR5Ym9tYm9tYm9vIGEgd2hpcmxysAEAAGgOSwBoD4oBAWgQaBEpgXKxAQAAfXKyAQAAKGgUiWgVaBZ1YmgXaBhVAzY1MHKzAQAAhVJytAEAAGgbaBhVBDE3OTVytQEAAIVScrYBAABoHmgYVQMxNjJytwEAAIVScrgBAABoIYoBPGgiaBhVAzk4M3K5AQAAhVJyugEAAHViTksBh3K7AQAAaAJoA2gEhl1yvAEAAChoBmgHZWgIh1JyvQEAAH1yvgEAAChoC4oBZWgMWA4AAABIaWdobGFuZCBGbGluZ3K/AQAAaA5LAGgPigEMaBBoESmBcsABAAB9csEBAAAoaBSJaBVoFnViaBdoGFUDNTM1csIBAACFUnLDAQAAaBtoGFUEMTc5NXLEAQAAhVJyxQEAAGgeaBhVAzE2MnLGAQAAhVJyxwEAAGghigEHaCJoGFUEMTA5OHLIAQAAhVJyyQEAAHViTksCh3LKAQAAaAJoA2gEhl1yywEAAChoBmgHZWgIh1JyzAEAAH1yzQEAAChoC4oBaWgMWAsAAABJbnZpbmNpYmxlc3LOAQAAaA5LAGgPigEBaBBoESmBcs8BAAB9ctABAAAoaBSJaBVoFnViaBdoGFUDNTMxctEBAACFUnLSAQAAaBtoGFUEMTc5NXLTAQAAhVJy1AEAAGgeaBhVAzE5MnLVAQAAhVJy1gEAAGghigEOaCJoGFUEMTA3MnLXAQAAhVJy2AEAAHViTksAh3LZAQAAaAJoA2gEhl1y2gEAAChoBmgHZWgIh1Jy2wEAAH1y3AEAAChoC4oBb2gMWBIAAABTZWNvbmQgVGltZSBBcm91bmRy3QEAAGgOSwBoD4oBAWgQaBEpgXLeAQAAfXLfAQAAKGgUiWgVaBZ1YmgXaBhVAzU3NXLgAQAAhVJy4QEAAGgbaBhVBDE3ODVy4gEAAIVScuMBAABoHmgYVQMxNzVy5AEAAIVScuUBAABoIYoBFmgiaBhVBDEwMzVy5gEAAIVScucBAAB1Yk5LAIdy6AEAAGgCaANoBIZdcukBAAAoaAZoB2VoCIdScuoBAAB9cusBAAAoaAuKAXNoDFgJAAAATXVycmlsbCBBcuwBAABoDksAaA+KAQFoEGgRKYFy7QEAAH1y7gEAAChoFIloFWgWdWJoF2gYVQM2Mjly7wEAAIVScvABAABoG2gYVQQxNzg0cvEBAACFUnLyAQAAaB5oGFUDMTYycvMBAACFUnL0AQAAaCGKARpoImgYVQM5OTNy9QEAAIVScvYBAAB1Yk5LAYdy9wEAAGgCaANoBIZdcvgBAAAoaAZoB2VoCIdScvkBAAB9cvoBAAAoaAuKAQhoDFgTAAAAQXJpc2UgS2luZyBDb3V0aW5ob3L7AQAAaA5LAGgPigEBaBBoESmBcvwBAAB9cv0BAAAoaBSJaBVoFnViaBdoGFUDNjI5cv4BAACFUnL/AQAAaBtoGFUEMTc4M3IAAgAAhVJyAQIAAGgeaBhVAzE0M3ICAgAAhVJyAwIAAGghigFBaCJoGFUEMTAxMXIEAgAAhVJyBQIAAHViTksBh3IGAgAAaAJoA2gEhl1yBwIAAChoBmgHZWgIh1JyCAIAAH1yCQIAAChoC4oBdmgMWB4AAABDaGFyaXR5IDEwIEFsbCBQcmVtIFRvcCBEb2dzIDFyCgIAAGgOSwBoD4oBAWgQaBEpgXILAgAAfXIMAgAAKGgUiWgVaBZ1YmgXaBhVAzQ3NXINAgAAhVJyDgIAAGgbaBhVBDE3ODNyDwIAAIVSchACAABoHmgYVQMxNjJyEQIAAIVSchICAABoIYoBK2giaBhVBDExNDZyEwIAAIVSchQCAAB1Yk5K/v///4dyFQIAAGgCaANoBIZdchYCAAAoaAZoB2VoCIdSchcCAAB9chgCAAAoaAuKAXNoDFgOAAAAU3BhcnJvdydzIE5lc3RyGQIAAGgOSwBoD4oBAWgQaBEpgXIaAgAAfXIbAgAAKGgUiWgVaBZ1YmgXaBhVAzUzM3IcAgAAhVJyHQIAAGgbaBhVBDE3ODFyHgIAAIVSch8CAABoHmgYVQMyMTFyIAIAAIVSciECAABoIYoBHGgiaBhVBDEwMzdyIgIAAIVSciMCAAB1Yk5LAIdyJAIAAGgCaANoBIZdciUCAAAoaAZoB2VoCIdSciYCAAB9cicCAAAoaAuKAXNoDFgGAAAAV2FycmVucigCAABoDksAaA+KAQFoEGgRKYFyKQIAAH1yKgIAAChoFIloFWgWdWJoF2gYVQM2MjVyKwIAAIVSciwCAABoG2gYVQQxNzgxci0CAACFUnIuAgAAaB5oGFUDMTQzci8CAACFUnIwAgAAaCGKAR5oImgYVQQxMDEzcjECAACFUnIyAgAAdWJOSwCHcjMCAABoAmgDaASGXXI0AgAAKGgGaAdlaAiHUnI1AgAAfXI2AgAAKGgLigEhaAxYGQAAAEJ1dCB5b3UgY2FuIGNhbGwgbWUgQnJpYW5yNwIAAGgOSwBoD4oBAWgQaBEpgXI4AgAAfXI5AgAAKGgUiWgVaBZ1YmgXaBhVAzYxNXI6AgAAhVJyOwIAAGgbaBhVBDE3NzdyPAIAAIVScj0CAABoHmgYVQMxODFyPgIAAIVScj8CAABoIYoBYWgiaBhVAzk4MXJAAgAAhVJyQQIAAHViTkr+////h3JCAgAAaAJoA2gEhl1yQwIAAChoBmgHZWgIh1JyRAIAAH1yRQIAAChoC4oBMWgMWA4AAABDaHJpcyBDb25ub2xseXJGAgAAaA5LAGgPigEBaBBoESmBckcCAAB9ckgCAAAoaBSJaBVoFnViaBdoGFUDNjM5ckkCAACFUnJKAgAAaBtoGFUEMTc3NXJLAgAAhVJyTAIAAGgeaBhVAzE1OHJNAgAAhVJyTgIAAGghigF0aCJoGFUDOTc4ck8CAACFUnJQAgAAdWJOSwKHclECAABoAmgDaASGXXJSAgAAKGgGaAdlaAiHUnJTAgAAfXJUAgAAKGgLigFfaAxYEQAAAExpdmVycG9vbCAyMDEzLzE0clUCAABoDksAaA+KAQFoEGgRKYFyVgIAAH1yVwIAAChoFIloFWgWdWJoF2gYVQM1OTJyWAIAAIVSclkCAABoG2gYVQQxNzc1cloCAACFUnJbAgAAaB5oGFUDMTYyclwCAACFUnJdAgAAaCGKAWloImgYVQQxMDIxcl4CAACFUnJfAgAAdWJOSwCHcmACAABoAmgDaASGXXJhAgAAKGgGaAdlaAiHUnJiAgAAfXJjAgAAKGgLigFzaAxYBgAAAEVhZ2xlc3JkAgAAaA5LAGgPigEBaBBoESmBcmUCAAB9cmYCAAAoaBSJaBVoFnViaBdoGFUDNjI5cmcCAACFUnJoAgAAaBtoGFUEMTc3NHJpAgAAhVJyagIAAGgeaBhVAzE2NXJrAgAAhVJybAIAAGghigEdaCJoGFUDOTgwcm0CAACFUnJuAgAAdWJOSv////+Hcm8CAABoAmgDaASGXXJwAgAAKGgGaAdlaAiHUnJxAgAAfXJyAgAAKGgLigFkaAxYDwAAAE1hcnNoeXMgc3VwZXIxMHJzAgAAaA5LAGgPigEBaBBoESmBcnQCAAB9cnUCAAAoaBSJaBVoFnViaBdoGFUDNTM5cnYCAACFUnJ3AgAAaBtoGFUEMTc3MXJ4AgAAhVJyeQIAAGgeaBhVAzE2MnJ6AgAAhVJyewIAAGghigEGaCJoGFUEMTA3MHJ8AgAAhVJyfQIAAHViTkr/////h3J+AgAAaAJoA2gEhl1yfwIAAChoBmgHZWgIh1JygAIAAH1ygQIAAChoC4oBL2gMWA8AAABTbGVlcGluZyBHaWFudHNyggIAAGgOSwBoD4oBCmgQaBEpgXKDAgAAfXKEAgAAKGgUiWgVaBZ1YmgXaBhVAzQ5N3KFAgAAhVJyhgIAAGgbaBhVBDE3NjhyhwIAAIVScogCAABoHmgYVQMxNzVyiQIAAIVScooCAABoIYoBd2giaBhVBDEwOTZyiwIAAIVScowCAAB1Yk5LAIdyjQIAAGgCaANoBIZdco4CAAAoaAZoB2VoCIdSco8CAAB9cpACAAAoaAuKAXZoDFgeAAAAQ2hhcml0eSAxNCBBbGwgUHJlbSBUb3AgRG9ncyAycpECAABoDksAaA+KAQFoEGgRKYFykgIAAH1ykwIAAChoFIloFWgWdWJoF2gYVQM0NzVylAIAAIVScpUCAABoG2gYVQQxNzY2cpYCAACFUnKXAgAAaB5oGFUDMTYycpgCAACFUnKZAgAAaCGKAS1oImgYVQQxMTI5cpoCAACFUnKbAgAAdWJOSv////+HcpwCAABoAmgDaASGXXKdAgAAKGgGaAdlaAiHUnKeAgAAfXKfAgAAKGgLigF2aAxYCwAAAENoYXJpdHkgMTggcqACAABoDksAaA+KAQFoEGgRKYFyoQIAAH1yogIAAChoFIloFWgWdWJoF2gYVQM1ODByowIAAIVScqQCAABoG2gYVQQxNzYxcqUCAACFUnKmAgAAaB5oGFUDMTQ3cqcCAACFUnKoAgAAaCGKATNoImgYVQQxMDM0cqkCAACFUnKqAgAAdWJOSwGHcqsCAABoAmgDaASGXXKsAgAAKGgGaAdlaAiHUnKtAgAAfXKuAgAAKGgLigEmaAxYDQAAAE1vYXQtaXZhdGlvbiByrwIAAGgOSwBoD4oBAWgQaBEpgXKwAgAAfXKxAgAAKGgUiWgVaBZ1YmgXaBhVAzU3M3KyAgAAhVJyswIAAGgbaBhVBDE3NjFytAIAAIVScrUCAABoHmgYVQMyMTFytgIAAIVScrcCAABoIYoBZ2giaBhVAzk3N3K4AgAAhVJyuQIAAHViTksAh3K6AgAAaAJoA2gEhl1yuwIAAChoBmgHZWgIh1JyvAIAAH1yvQIAAChoC4oBHmgMWBgAAABEbyB5b3Ugc21va2UgUGF1bC4uLmluaG9yvgIAAGgOSwBoD4oBAWgQaBEpgXK/AgAAfXLAAgAAKGgUiWgVaBZ1YmgXaBhVAzU5OXLBAgAAhVJywgIAAGgbaBhVBDE3NTdywwIAAIVScsQCAABoHmgYVQMxMzJyxQIAAIVScsYCAABoIYoBXWgiaBhVBDEwMjZyxwIAAIVScsgCAAB1Yk5LAIdyyQIAAGgCaANoBIZdcsoCAAAoaAZoB2VoCIdScssCAAB9cswCAAAoaAuKAXRoDFgQAAAAQW1iZXIgRHJpZnQgR29kc3LNAgAAaA5LAGgPigEBaBBoESmBcs4CAAB9cs8CAAAoaBSJaBVoFnViaBdoGFUDNTQ1ctACAACFUnLRAgAAaBtoGFUEMTc1NHLSAgAAhVJy0wIAAGgeaBhVAzE2MnLUAgAAhVJy1QIAAGghigEfaCJoGFUEMTA0N3LWAgAAhVJy1wIAAHViTksAh3LYAgAAaAJoA2gEhl1y2QIAAChoBmgHZWgIh1Jy2gIAAH1y2wIAAChoC4oBN2gMWAoAAABUaGUgQ2F0IFhJctwCAABoDksAaA+KAQFoEGgRKYFy3QIAAH1y3gIAAChoFIloFWgWdWJoF2gYVQM1NzVy3wIAAIVScuACAABoG2gYVQQxNzQzcuECAACFUnLiAgAAaB5oGFUDMTYycuMCAACFUnLkAgAAaCGKAXtoImgYVQQxMDA2cuUCAACFUnLmAgAAdWJOSwCHcucCAABoAmgDaASGXXLoAgAAKGgGaAdlaAiHUnLpAgAAfXLqAgAAKGgLigEWaAxYDAAAAE1vbmtleSBNYWdpY3LrAgAAaA5LAGgPigEBaBBoESmBcuwCAAB9cu0CAAAoaBSJaBVoFnViaBdoGFUDNTc5cu4CAACFUnLvAgAAaBtoGFUEMTczOXLwAgAAhVJy8QIAAGgeaBhVAzE1MHLyAgAAhVJy8wIAAGghigFTaCJoGFUEMTAxMHL0AgAAhVJy9QIAAHViTksCh3L2AgAAaAJoA2gEhl1y9wIAAChoBmgHZWgIh1Jy+AIAAH1y+QIAAChoC4oBBGgMWA4AAABnb2luZyBub3doZXJlIHL6AgAAaA5LAGgPigEMaBBoESmBcvsCAAB9cvwCAAAoaBSJaBVoFnViaBdoGFUDNTAxcv0CAACFUnL+AgAAaBtoGFUEMTczN3L/AgAAhVJyAAMAAGgeaBhVAzE5NXIBAwAAhVJyAgMAAGghigFEaCJoGFUEMTA0MXIDAwAAhVJyBAMAAHViTkr/////h3IFAwAAaAJoA2gEhl1yBgMAAChoBmgHZWgIh1JyBwMAAH1yCAMAAChoC4oBbWgMWBEAAABSZWFsIENvbnF1aXN0YWRvcnIJAwAAaA5LAGgPigEBaBBoESmBcgoDAAB9cgsDAAAoaBSJaBVoFnViaBdoGFUDNTc2cgwDAACFUnINAwAAaBtoGFUEMTczMXIOAwAAhVJyDwMAAGgeaBhVAzE2MnIQAwAAhVJyEQMAAGghigEUaCJoGFUDOTkzchIDAACFUnITAwAAdWJOSwGHchQDAABoAmgDaASGXXIVAwAAKGgGaAdlaAiHUnIWAwAAfXIXAwAAKGgLigFqaAxYJwAAAElmIHlvdSBhcmUgcmVhZGluZyB0aGlzIEkgYW0gZG9pbmcgd2VsbHIYAwAAaA5LAGgPigEBaBBoESmBchkDAAB9choDAAAoaBSJaBVoFnViaBdoGFUDNTkxchsDAACFUnIcAwAAaBtoGFUEMTczMHIdAwAAhVJyHgMAAGgeaBhVAzE1MXIfAwAAhVJyIAMAAGghigERaCJoGFUDOTg4ciEDAACFUnIiAwAAdWJOSv7///+HciMDAABoAmgDaASGXXIkAwAAKGgGaAdlaAiHUnIlAwAAfXImAwAAKGgLigEcaAxYDQAAAFRvbnkncyBUaWdlcnNyJwMAAGgOSwBoD4oBAWgQaBEpgXIoAwAAfXIpAwAAKGgUiWgVaBZ1YmgXaBhVAzUzM3IqAwAAhVJyKwMAAGgbaBhVBDE3MjhyLAMAAIVSci0DAABoHmgYVQMxNjFyLgMAAIVSci8DAABoIYoBW2giaBhVBDEwMzRyMAMAAIVScjEDAAB1Yk5LAIdyMgMAAGgCaANoBIZdcjMDAAAoaAZoB2VoCIdScjQDAAB9cjUDAAAoaAuKARNoDFgQAAAAQWludCBHb3QgQSBLYWxvdXI2AwAAaA5LAGgPigEBaBBoESmBcjcDAAB9cjgDAAAoaBSJaBVoFnViaBdoGFUDNDYycjkDAACFUnI6AwAAaBtoGFUEMTcyNHI7AwAAhVJyPAMAAGgeaBhVAzIxMXI9AwAAhVJyPgMAAGghigFPaCJoGFUEMTA1MXI/AwAAhVJyQAMAAHViTkr/////h3JBAwAAaAJoA2gEhl1yQgMAAChoBmgHZWgIh1JyQwMAAH1yRAMAAChoC4oBc2gMWAkAAABNdXJyaWxsIEJyRQMAAGgOSwBoD4oBAWgQaBEpgXJGAwAAfXJHAwAAKGgUiWgVaBZ1YmgXaBhVAzYyOXJIAwAAhVJySQMAAGgbaBhVBDE3MjJySgMAAIVScksDAABoHmgYVQMxNTByTAMAAIVSck0DAABoIYoBG2giaBhVAzk0M3JOAwAAhVJyTwMAAHViTksDh3JQAwAAaAJoA2gEhl1yUQMAAChoBmgHZWgIh1JyUgMAAH1yUwMAAChoC4oBQ2gMWA4AAABUUlkgVE8gQkVBVCBNRXJUAwAAaA5LAGgPigEBaBBoESmBclUDAAB9clYDAAAoaBSJaBVoFnViaBdoGFUDNTY4clcDAACFUnJYAwAAaBtoGFUEMTcxOHJZAwAAhVJyWgMAAGgeaBhVAzE2MXJbAwAAhVJyXAMAAGghigKJAGgiaBhVAzk4OXJdAwAAhVJyXgMAAHViTksCh3JfAwAAaAJoA2gEhl1yYAMAAChoBmgHZWgIh1JyYQMAAH1yYgMAAChoC4oBU2gMWDIAAABJZiB5b3UgY2FuJ3Qgc3RhbmQgdGhlIGhlYXQgaW4gdGhlIGRyZXNzaW5nLXJvb20sIHJjAwAAaA5LAGgPigEBaBBoESmBcmQDAAB9cmUDAAAoaBSJaBVoFnViaBdoGFUDNDQ0cmYDAACFUnJnAwAAaBtoGFUEMTcxNHJoAwAAhVJyaQMAAGgeaBhVAzE4NnJqAwAAhVJyawMAAGghigKhAGgiaBhVBDEwODRybAMAAIVScm0DAAB1Yk5K/////4dybgMAAGgCaANoBIZdcm8DAAAoaAZoB2VoCIdScnADAAB9cnEDAAAoaAuKAXJoDFgKAAAATmlnaHRoYXdrc3JyAwAAaA5LAGgPigEBaBBoESmBcnMDAAB9cnQDAAAoaBSJaBVoFnViaBdoGFUDNjM1cnUDAACFUnJ2AwAAaBtoGFUEMTcxM3J3AwAAhVJyeAMAAGgeaBhVAzE2M3J5AwAAhVJyegMAAGghigEZaCJoGFUDOTE1cnsDAACFUnJ8AwAAdWJOSv3///+Hcn0DAABoAmgDaASGXXJ+AwAAKGgGaAdlaAiHUnJ/AwAAfXKAAwAAKGgLigE+aAxYAwAAAEFUTXKBAwAAaA5LAGgPigEBaBBoESmBcoIDAAB9coMDAAAoaBSJaBVoFnViaBdoGFUDNTgwcoQDAACFUnKFAwAAaBtoGFUEMTcxMnKGAwAAhVJyhwMAAGgeaBhVAzE4MXKIAwAAhVJyiQMAAGghigKDAGgiaBhVAzk1MXKKAwAAhVJyiwMAAHViTkr9////h3KMAwAAaAJoA2gEhl1yjQMAAChoBmgHZWgIh1JyjgMAAH1yjwMAAChoC4oBDGgMWCQAAABJIHdvbmRlciB3aG8gYm91Z2h0IHRoZSBQYXJyaXBhay4uLj9ykAMAAGgOSwBoD4oBAWgQaBEpgXKRAwAAfXKSAwAAKGgUiWgVaBZ1YmgXaBhVAzY0MnKTAwAAhVJylAMAAGgbaBhVBDE3MTFylQMAAIVScpYDAABoHmgYVQMxNDFylwMAAIVScpgDAABoIYoBR2giaBhVAzkyOHKZAwAAhVJymgMAAHViTksAh3KbAwAAaAJoA2gEhl1ynAMAAChoBmgHZWgIh1JynQMAAH1yngMAAChoC4oBRWgMWBcAAABDaGFyaXR5IDAyIC0gQG1lYmVjb2xpbnKfAwAAaA5LAGgPigEBaBBoESmBcqADAAB9cqEDAAAoaBSJaBVoFnViaBdoGFUDNDE3cqIDAACFUnKjAwAAaBtoGFUEMTcwM3KkAwAAhVJypQMAAGgeaBhVAzIxMXKmAwAAhVJypwMAAGghigKPAGgiaBhVBDEwNzVyqAMAAIVScqkDAAB1Yk5LAIdyqgMAAGgCaANoBIZdcqsDAAAoaAZoB2VoCIdScqwDAAB9cq0DAAAoaAuKAWNoDFgGAAAATVIgTWVucq4DAABoDksAaA+KAQtoEGgRKYFyrwMAAH1ysAMAAChoFIloFWgWdWJoF2gYVQM0MzhysQMAAIVScrIDAABoG2gYVQQxNzAzcrMDAACFUnK0AwAAaB5oGFUDMTYxcrUDAACFUnK2AwAAaCGKAQVoImgYVQQxMTA0crcDAACFUnK4AwAAdWJOSwKHcrkDAABoAmgDaASGXXK6AwAAKGgGaAdlaAiHUnK7AwAAfXK8AwAAKGgLigFpaAxYFAAAAEl0cyBVcCBGb3IgR3JhYnMgTm93cr0DAABoDksAaA+KAQFoEGgRKYFyvgMAAH1yvwMAAChoFIloFWgWdWJoF2gYVQM0NDVywAMAAIVScsEDAABoG2gYVQQxNzAycsIDAACFUnLDAwAAaB5oGFUDMTkycsQDAACFUnLFAwAAaCGKAQ9oImgYVQQxMDY1csYDAACFUnLHAwAAdWJOSv////+HcsgDAABoAmgDaASGXXLJAwAAKGgGaAdlaAiHUnLKAwAAfXLLAwAAKGgLigESaAxYDQAAAEJsdXNoaW5nIEJlZXNyzAMAAGgOSwBoD4oBAmgQaBEpgXLNAwAAfXLOAwAAKGgUiWgVaBZ1YmgXaBhVAzQzM3LPAwAAhVJy0AMAAGgbaBhVBDE2OTly0QMAAIVSctIDAABoHmgYVQMxNzly0wMAAIVSctQDAABoIYoBTmgiaBhVBDEwODdy1QMAAIVSctYDAAB1Yk5LAYdy1wMAAGgCaANoBIZdctgDAAAoaAZoB2VoCIdSctkDAAB9ctoDAAAoaAuKARtoDFgPAAAAV2Vvd25vdXJvd25jbHVictsDAABoDksAaA+KAQNoEGgRKYFy3AMAAH1y3QMAAChoFIloFWgWdWJoF2gYVQM1MjVy3gMAAIVSct8DAABoG2gYVQQxNjk5cuADAACFUnLhAwAAaB5oGFUDMTUxcuIDAACFUnLjAwAAaCGKAVloImgYVQQxMDIzcuQDAACFUnLlAwAAdWJOSwCHcuYDAABoAmgDaASGXXLnAwAAKGgGaAdlaAiHUnLoAwAAfXLpAwAAKGgLigFcaAxYCQAAAEJvdXJuZSBGQ3LqAwAAaA5LAGgPigEDaBBoESmBcusDAAB9cuwDAAAoaBSJaBVoFnViaBdoGFUDNTQ5cu0DAACFUnLuAwAAaBtoGFUEMTY5MXLvAwAAhVJy8AMAAGgeaBhVAzE3MnLxAwAAhVJy8gMAAGghigKwAGgiaBhVAzk3MHLzAwAAhVJy9AMAAHViTksBh3L1AwAAaAJoA2gEhl1y9gMAAChoBmgHZWgIh1Jy9wMAAH1y+AMAAChoC4oBY2gMWBAAAABNYXJrJ3MgTWFyYXVkZXJzcvkDAABoDksAaA+KAQtoEGgRKYFy+gMAAH1y+wMAAChoFIloFWgWdWJoF2gYVQM1Mjdy/AMAAIVScv0DAABoG2gYVQQxNjkxcv4DAACFUnL/AwAAaB5oGFUDMTYycgAEAACFUnIBBAAAaCGKAQJoImgYVQQxMDAycgIEAACFUnIDBAAAdWJOSv////+HcgQEAABoAmgDaASGXXIFBAAAKGgGaAdlaAiHUnIGBAAAfXIHBAAAKGgLigEvaAxYFAAAAFJlY3Rhbmd1bGFyIEZvb3RiYWxscggEAABoDksAaA+KAQRoEGgRKYFyCQQAAH1yCgQAAChoFIloFWgWdWJoF2gYVQM1MzJyCwQAAIVScgwEAABoG2gYVQQxNjkxcg0EAACFUnIOBAAAaB5oGFUDMTMycg8EAACFUnIQBAAAaCGKAXJoImgYVQQxMDI3chEEAACFUnISBAAAdWJOSwOHchMEAABoAmgDaASGXXIUBAAAKGgGaAdlaAiHUnIVBAAAfXIWBAAAKGgLigFJaAxYBgAAAE1hcnNoeXIXBAAAaA5LAGgPigEGaBBoESmBchgEAAB9chkEAAAoaBSJaBVoFnViaBdoGFUDNDA0choEAACFUnIbBAAAaBtoGFUEMTY4N3IcBAAAhVJyHQQAAGgeaBhVAzIxMXIeBAAAhVJyHwQAAGghigKTAGgiaBhVBDEwNzJyIAQAAIVSciEEAAB1Yk5K/v///4dyIgQAAGgCaANoBIZdciMEAAAoaAZoB2VoCIdSciQEAAB9ciUEAAAoaAuKASRoDFgNAAAAQW0gSSB0b3AgeWV0P3ImBAAAaA5LAGgPigEBaBBoESmBcicEAAB9cigEAAAoaBSJaBVoFnViaBdoGFUDNTA2cikEAACFUnIqBAAAaBtoGFUEMTY4M3IrBAAAhVJyLAQAAGgeaBhVAzE0M3ItBAAAhVJyLgQAAGghigFkaCJoGFUEMTAzNHIvBAAAhVJyMAQAAHViTksBh3IxBAAAaAJoA2gEhl1yMgQAAChoBmgHZWgIh1JyMwQAAH1yNAQAAChoC4oBOGgMWA0AAABUaGUgV2VkbmVzZGF5cjUEAABoDksAaA+KAQFoEGgRKYFyNgQAAH1yNwQAAChoFIloFWgWdWJoF2gYVQM1MTlyOAQAAIVScjkEAABoG2gYVQQxNjgycjoEAACFUnI7BAAAaB5oGFUDMTQzcjwEAACFUnI9BAAAaCGKAXxoImgYVQQxMDIwcj4EAACFUnI/BAAAdWJOSv////+HckAEAABoAmgDaASGXXJBBAAAKGgGaAdlaAiHUnJCBAAAfXJDBAAAKGgLigFmaAxYCwAAAFRoZSBBLXRlYW1zckQEAABoDksAaA+KAQFoEGgRKYFyRQQAAH1yRgQAAChoFIloFWgWdWJoF2gYVQM0NzJyRwQAAIVSckgEAABoG2gYVQQxNjc5ckkEAACFUnJKBAAAaB5oGFUDMTk2cksEAACFUnJMBAAAaCGKAQloImgYVQQxMDExck0EAACFUnJOBAAAdWJOSwCHck8EAABoAmgDaASGXXJQBAAAKGgGaAdlaAiHUnJRBAAAfXJSBAAAKGgLigEnaAxYDgAAAEkgaGF0ZSBBcnNlbmFsclMEAABoDksAaA+KAQFoEGgRKYFyVAQAAH1yVQQAAChoFIloFWgWdWJoF2gYVQM1MjRyVgQAAIVSclcEAABoG2gYVQQxNjc3clgEAACFUnJZBAAAaB5oGFUDMTUxcloEAACFUnJbBAAAaCGKAoEAaCJoGFUEMTAwMnJcBAAAhVJyXQQAAHViTksAh3JeBAAAaAJoA2gEhl1yXwQAAChoBmgHZWgIh1JyYAQAAH1yYQQAAChoC4oBcGgMWBAAAAA0NyBZZWFycyBvZiBIdXJ0cmIEAABoDksAaA+KAQpoEGgRKYFyYwQAAH1yZAQAAChoFIloFWgWdWJoF2gYVQM0OTJyZQQAAIVScmYEAABoG2gYVQQxNjc1cmcEAACFUnJoBAAAaB5oGFUDMTYycmkEAACFUnJqBAAAaCGKARdoImgYVQQxMDIxcmsEAACFUnJsBAAAdWJOSwCHcm0EAABoAmgDaASGXXJuBAAAKGgGaAdlaAiHUnJvBAAAfXJwBAAAKGgLigFjaAxYDwAAAFJvYmVydHMgUmFpZGVyc3JxBAAAaA5LAGgPigELaBBoESmBcnIEAAB9cnMEAAAoaBSJaBVoFnViaBdoGFUDNDgwcnQEAACFUnJ1BAAAaBtoGFUEMTY3MnJ2BAAAhVJydwQAAGgeaBhVAzE2MnJ4BAAAhVJyeQQAAGghigEDaCJoGFUEMTAzMHJ6BAAAhVJyewQAAHViTksAh3J8BAAAaAJoA2gEhl1yfQQAAChoBmgHZWgIh1JyfgQAAH1yfwQAAChoC4oBcWgMWAoAAABSZWQgRGV2aWxzcoAEAABoDksAaA+KAQFoEGgRKYFygQQAAH1yggQAAChoFIloFWgWdWJoF2gYVQM1MzlygwQAAIVScoQEAABoG2gYVQQxNjY5coUEAACFUnKGBAAAaB5oGFUDMTYycocEAACFUnKIBAAAaCGKARhoImgYVQM5NjhyiQQAAIVScooEAAB1Yk5LAIdyiwQAAGgCaANoBIZdcowEAAAoaAZoB2VoCIdSco0EAAB9co4EAAAoaAuKAShoDFgiAAAAQ2hyaXMgS2lubmVhcidzIEJsYWNrICYgV2hpdGUgYXJteXKPBAAAaA5LAGgPigEBaBBoESmBcpAEAAB9cpEEAAAoaBSJaBVoFnViaBdoGFUDNTM5cpIEAACFUnKTBAAAaBtoGFUEMTY2OHKUBAAAhVJylQQAAGgeaBhVAzE0M3KWBAAAhVJylwQAAGghigFqaCJoGFUDOTg2cpgEAACFUnKZBAAAdWJOSwGHcpoEAABoAmgDaASGXXKbBAAAKGgGaAdlaAiHUnKcBAAAfXKdBAAAKGgLigEEaAxYEgAAAHRvbmdlc3RlcnJpZXJzIE1LMnKeBAAAaA5LAGgPigEIaBBoESmBcp8EAAB9cqAEAAAoaBSJaBVoFnViaBdoGFUDNTMzcqEEAACFUnKiBAAAaBtoGFUEMTY2OHKjBAAAhVJypAQAAGgeaBhVAzE2MnKlBAAAhVJypgQAAGghigE9aCJoGFUDOTczcqcEAACFUnKoBAAAdWJOSwKHcqkEAABoAmgDaASGXXKqBAAAKGgGaAdlaAiHUnKrBAAAfXKsBAAAKGgLigEPaAxYCwAAAEJvYiBIb3BlIEZDcq0EAABoDksAaA+KAQhoEGgRKYFyrgQAAH1yrwQAAChoFIloFWgWdWJoF2gYVQM1MzBysAQAAIVScrEEAABoG2gYVQQxNjY2crIEAACFUnKzBAAAaB5oGFUDMTk2crQEAACFUnK1BAAAaCGKAUtoImgYVQM5NDBytgQAAIVScrcEAAB1Yk5K/v///4dyuAQAAGgCaANoBIZdcrkEAAAoaAZoB2VoCIdScroEAAB9crsEAAAoaAuKAUpoDFgOAAAASmF5J3MgSGVybydzIDJyvAQAAGgOSwBoD4oBAWgQaBEpgXK9BAAAfXK+BAAAKGgUiWgVaBZ1YmgXaBhVAzQ5NnK/BAAAhVJywAQAAGgbaBhVBDE2NjVywQQAAIVScsIEAABoHmgYVQMyMTFywwQAAIVScsQEAABoIYoClgBoImgYVQM5NThyxQQAAIVScsYEAAB1Yk5LAIdyxwQAAGgCaANoBIZdcsgEAAAoaAZoB2VoCIdScskEAAB9csoEAAAoaAuKAUhoDFgIAAAAQ2h1Y2tsZXNyywQAAGgOSwBoD4oBCmgQaBEpgXLMBAAAfXLNBAAAKGgUiWgVaBZ1YmgXaBhVAzM0OXLOBAAAhVJyzwQAAGgbaBhVBDE2NjRy0AQAAIVSctEEAABoHmgYVQMxMjly0gQAAIVSctMEAABoIYoCkgBoImgYVQQxMTg2ctQEAACFUnLVBAAAdWJOSwCHctYEAABoAmgDaASGXXLXBAAAKGgGaAdlaAiHUnLYBAAAfXLZBAAAKGgLigEHaAxYDAAAAEdpbW1pZSBHb2Fsc3LaBAAAaA5LAGgPigEBaBBoESmBctsEAAB9ctwEAAAoaBSJaBVoFnViaBdoGFUDNTI3ct0EAACFUnLeBAAAaBtoGFUEMTY1N3LfBAAAhVJy4AQAAGgeaBhVAzE3MnLhBAAAhVJy4gQAAGghigFAaCJoGFUDOTU4cuMEAACFUnLkBAAAdWJOSwOHcuUEAABoAmgDaASGXXLmBAAAKGgGaAdlaAiHUnLnBAAAfXLoBAAAKGgLigFaaAxYCgAAAFRFQU0gU0hBTk5y6QQAAGgOSwBoD4oBAWgQaBEpgXLqBAAAfXLrBAAAKGgUiWgVaBZ1YmgXaBhVAzQ5MnLsBAAAhVJy7QQAAGgbaBhVBDE2NTdy7gQAAIVScu8EAABoHmgYVQMxODJy8AQAAIVScvEEAABoIYoCrgBoImgYVQM5ODNy8gQAAIVScvMEAAB1Yk5LAYdy9AQAAGgCaANoBIZdcvUEAAAoaAZoB2VoCIdScvYEAAB9cvcEAAAoaAuKAQloDFgRAAAARHIgRG9vbXMgRW1wb3JpdW1y+AQAAGgOSwBoD4oBDmgQaBEpgXL5BAAAfXL6BAAAKGgUiWgVaBZ1YmgXaBhVAzQ3NXL7BAAAhVJy/AQAAGgbaBhVBDE2NTZy/QQAAIVScv4EAABoHmgYVQMyMTFy/wQAAIVScgAFAABoIYoBQmgiaBhVAzk3MHIBBQAAhVJyAgUAAHViTksAh3IDBQAAaAJoA2gEhl1yBAUAAChoBmgHZWgIh1JyBQUAAH1yBgUAAChoC4oBZ2gMWA0AAABUZWFtIEVsZXBoYW50cgcFAABoDksAaA+KAQFoEGgRKYFyCAUAAH1yCQUAAChoFIloFWgWdWJoF2gYVQM0MzhyCgUAAIVScgsFAABoG2gYVQQxNjU2cgwFAACFUnINBQAAaB5oGFUDMTk2cg4FAACFUnIPBQAAaCGKAQpoImgYVQQxMDIychAFAACFUnIRBQAAdWJOSv7///+HchIFAABoAmgDaASGXXITBQAAKGgGaAdlaAiHUnIUBQAAfXIVBQAAKGgLigEdaAxYDQAAAERhaXJ5TGVlIFhJLklyFgUAAGgOSwBoD4oBBmgQaBEpgXIXBQAAfXIYBQAAKGgUiWgVaBZ1YmgXaBhVAzUzOHIZBQAAhVJyGgUAAGgbaBhVBDE2NDlyGwUAAIVSchwFAABoHmgYVQMxNjJyHQUAAIVSch4FAABoIYoBXGgiaBhVAzk0OXIfBQAAhVJyIAUAAHViTksAh3IhBQAAaAJoA2gEhl1yIgUAAChoBmgHZWgIh1JyIwUAAH1yJAUAAChoC4oBM2gMWBEAAABEdW5reSdzIERvdWdobnV0c3IlBQAAaA5LAGgPigEBaBBoESmBciYFAAB9cicFAAAoaBSJaBVoFnViaBdoGFUDNTg4cigFAACFUnIpBQAAaBtoGFUEMTY0NHIqBQAAhVJyKwUAAGgeaBhVAzE0M3IsBQAAhVJyLQUAAGghigF2aCJoGFUDOTEzci4FAACFUnIvBQAAdWJOSwCHcjAFAABoAmgDaASGXXIxBQAAKGgGaAdlaAiHUnIyBQAAfXIzBQAAKGgLigFFaAxYEAAAAE9uZSBNb250aCBXb25kZXJyNAUAAGgOSwBoD4oBAWgQaBEpgXI1BQAAfXI2BQAAKGgUiWgVaBZ1YmgXaBhVAzQzM3I3BQAAhVJyOAUAAGgbaBhVBDE2NDJyOQUAAIVScjoFAABoHmgYVQMxNDNyOwUAAIVScjwFAABoIYoCiwBoImgYVQQxMDY2cj0FAACFUnI+BQAAdWJOSwCHcj8FAABoAmgDaASGXXJABQAAKGgGaAdlaAiHUnJBBQAAfXJCBQAAKGgLigFpaAxYCgAAAFdobyBBcmUgWWFyQwUAAGgOSwBoD4oBAWgQaBEpgXJEBQAAfXJFBQAAKGgUiWgVaBZ1YmgXaBhVAzY5MXJGBQAAhVJyRwUAAGgbaBhVBDE2MzRySAUAAIVSckkFAABoHmgYVQMxNDBySgUAAIVScksFAABoIYoBEGgiaBhVAzgwM3JMBQAAhVJyTQUAAHViTksAh3JOBQAAaAJoA2gEhl1yTwUAAChoBmgHZWgIh1JyUAUAAH1yUQUAAChoC4oBBmgMWAwAAABUaGUgQ2xvZ2dlcnNyUgUAAGgOSwBoD4oBAWgQaBEpgXJTBQAAfXJUBQAAKGgUiWgVaBZ1YmgXaBhVAzUzNXJVBQAAhVJyVgUAAGgbaBhVBDE2MzNyVwUAAIVSclgFAABoHmgYVQMxMjlyWQUAAIVScloFAABoIYoBP2giaBhVAzk2OXJbBQAAhVJyXAUAAHViTksAh3JdBQAAaAJoA2gEhl1yXgUAAChoBmgHZWgIh1JyXwUAAH1yYAUAAChoC4oBbGgMWAsAAABCcm94aSBCZWFyc3JhBQAAaA5LAGgPigEQaBBoESmBcmIFAAB9cmMFAAAoaBSJaBVoFnViaBdoGFUDNDg2cmQFAACFUnJlBQAAaBtoGFUEMTYzMnJmBQAAhVJyZwUAAGgeaBhVAzEzMnJoBQAAhVJyaQUAAGghigETaCJoGFUEMTAxNHJqBQAAhVJyawUAAHViTksDh3JsBQAAaAJoA2gEhl1ybQUAAChoBmgHZWgIh1JybgUAAH1ybwUAAChoC4oBI2gMWBMAAABjb3VyZ2V0dGUgY3J1c2FkZXJzcnAFAABoDksAaA+KAQFoEGgRKYFycQUAAH1ycgUAAChoFIloFWgWdWJoF2gYVQM1MzlycwUAAIVScnQFAABoG2gYVQQxNjMycnUFAACFUnJ2BQAAaB5oGFUDMTI4cncFAACFUnJ4BQAAaCGKAWNoImgYVQM5NjVyeQUAAIVScnoFAAB1Yk5LBIdyewUAAGgCaANoBIZdcnwFAAAoaAZoB2VoCIdScn0FAAB9cn4FAAAoaAuKAV5oDFgQAAAATXVsdGlwb25kIFVuaXRlZHJ/BQAAaA5LAGgPigEBaBBoESmBcoAFAAB9coEFAAAoaBSJaBVoFnViaBdoGFUDNDg2coIFAACFUnKDBQAAaBtoGFUEMTYzMnKEBQAAhVJyhQUAAGgeaBhVAzE2MnKGBQAAhVJyhwUAAGghigKzAGgiaBhVAzk4NHKIBQAAhVJyiQUAAHViTksBh3KKBQAAaAJoA2gEhl1yiwUAAChoBmgHZWgIh1JyjAUAAH1yjQUAAChoC4oBQGgMWBMAAABIYW1teSBDaXJjdXMgQ2xvd25zco4FAABoDksAaA+KAQFoEGgRKYFyjwUAAH1ykAUAAChoFIloFWgWdWJoF2gYVQM1OTJykQUAAIVScpIFAABoG2gYVQQxNjMxcpMFAACFUnKUBQAAaB5oGFUDMTYycpUFAACFUnKWBQAAaCGKAoUAaCJoGFUDODc3cpcFAACFUnKYBQAAdWJOSv3///+HcpkFAABoAmgDaASGXXKaBQAAKGgGaAdlaAiHUnKbBQAAfXKcBQAAKGgLigF2aAxYFwAAAENoYXJpdHkgMDMgLSBBIHRvIHRoZSBKcp0FAABoDksAaA+KAQFoEGgRKYFyngUAAH1ynwUAAChoFIloFWgWdWJoF2gYVQM0MTdyoAUAAIVScqEFAABoG2gYVQQxNjI3cqIFAACFUnKjBQAAaB5oGFUDMTYycqQFAACFUnKlBQAAaCGKASRoImgYVQQxMDQ4cqYFAACFUnKnBQAAdWJOSwGHcqgFAABoAmgDaASGXXKpBQAAKGgGaAdlaAiHUnKqBQAAfXKrBQAAKGgLigF2aAxYFQAAAENoYXJpdHkgMDkgLSBMZWFndWUgMXKsBQAAaA5LAGgPigEBaBBoESmBcq0FAAB9cq4FAAAoaBSJaBVoFnViaBdoGFUDNTE2cq8FAACFUnKwBQAAaBtoGFUEMTYyN3KxBQAAhVJysgUAAGgeaBhVAzE5NXKzBQAAhVJytAUAAGghigEsaCJoGFUDOTE2crUFAACFUnK2BQAAdWJOSv7///+HcrcFAABoAmgDaASGXXK4BQAAKGgGaAdlaAiHUnK5BQAAfXK6BQAAKGgLigF2aAxYFgAAAENoYXJpdHkgMDYgQWxsIExnZSBUd29yuwUAAGgOSwBoD4oBAWgQaBEpgXK8BQAAfXK9BQAAKGgUiWgVaBZ1YmgXaBhVAzYzNnK+BQAAhVJyvwUAAGgbaBhVBDE2MjZywAUAAIVScsEFAABoHmgYVQMxMjJywgUAAIVScsMFAABoIYoBJWgiaBhVAzg2OHLEBQAAhVJyxQUAAHViTksAh3LGBQAAaAJoA2gEhl1yxwUAAChoBmgHZWgIh1JyyAUAAH1yyQUAAChoC4oBUGgMWBIAAABHZWVUZWUncyBOb2JiZXJzIEJyygUAAGgOSwBoD4oBAWgQaBEpgXLLBQAAfXLMBQAAKGgUiWgVaBZ1YmgXaBhVAzU5MnLNBQAAhVJyzgUAAGgbaBhVBDE2MjFyzwUAAIVSctAFAABoHmgYVQMxNjJy0QUAAIVSctIFAABoIYoCnQBoImgYVQM4Njdy0wUAAIVSctQFAAB1Yk5LAIdy1QUAAGgCaANoBIZdctYFAAAoaAZoB2VoCIdSctcFAAB9ctgFAAAoaAuKARpoDFgQAAAASGFsbGV0dCdzIEhlcm9lc3LZBQAAaA5LAGgPigEBaBBoESmBctoFAAB9ctsFAAAoaBSJaBVoFnViaBdoGFUDNDA5ctwFAACFUnLdBQAAaBtoGFUEMTYyMXLeBQAAhVJy3wUAAGgeaBhVAzE1OHLgBQAAhVJy4QUAAGghigFYaCJoGFUEMTA1NHLiBQAAhVJy4wUAAHViTksDh3LkBQAAaAJoA2gEhl1y5QUAAChoBmgHZWgIh1Jy5gUAAH1y5wUAAChoC4oBWWgMWA0AAABQbGV3cycgUG9zZXJzcugFAABoDksAaA+KAQFoEGgRKYFy6QUAAH1y6gUAAChoFIloFWgWdWJoF2gYVQM0MjZy6wUAAIVScuwFAABoG2gYVQQxNjE5cu0FAACFUnLuBQAAaB5oGFUDMTI5cu8FAACFUnLwBQAAaCGKAq0AaCJoGFUEMTA2NHLxBQAAhVJy8gUAAHViTkr/////h3LzBQAAaAJoA2gEhl1y9AUAAChoBmgHZWgIh1Jy9QUAAH1y9gUAAChoC4oBdmgMWBUAAABDaGFyaXR5IDEzIC0gTGVhZ3VlIDJy9wUAAGgOSwBoD4oBAWgQaBEpgXL4BQAAfXL5BQAAKGgUiWgVaBZ1YmgXaBhVAzU4OHL6BQAAhVJy+wUAAGgbaBhVBDE2MTZy/AUAAIVScv0FAABoHmgYVQMxNTBy/gUAAIVScv8FAABoIYoBLmgiaBhVAzg3OHIABgAAhVJyAQYAAHViTksBh3ICBgAAaAJoA2gEhl1yAwYAAChoBmgHZWgIh1JyBAYAAH1yBQYAAChoC4oBQWgMWBEAAABMdWNIYW5TYW0gRHJhZ29uc3IGBgAAaA5LAGgPigEBaBBoESmBcgcGAAB9cggGAAAoaBSJaBVoFnViaBdoGFUDNDg2cgkGAACFUnIKBgAAaBtoGFUEMTYxNHILBgAAhVJyDAYAAGgeaBhVAzE5NnINBgAAhVJyDgYAAGghigKGAGgiaBhVAzkzMnIPBgAAhVJyEAYAAHViTkr+////h3IRBgAAaAJoA2gEhl1yEgYAAChoBmgHZWgIh1JyEwYAAH1yFAYAAChoC4oBRGgMWBIAAABBbWFuZGEncyBBbGwgU3RhcnNyFQYAAGgOSwBoD4oBAWgQaBEpgXIWBgAAfXIXBgAAKGgUiWgVaBZ1YmgXaBhVAzQxMHIYBgAAhVJyGQYAAGgbaBhVBDE2MTFyGgYAAIVSchsGAABoHmgYVQMxOTZyHAYAAIVSch0GAABoIYoCigBoImgYVQQxMDA1ch4GAACFUnIfBgAAdWJOSwCHciAGAABoAmgDaASGXXIhBgAAKGgGaAdlaAiHUnIiBgAAfXIjBgAAKGgLigFgaAxYBgAAAGFtbWVyc3IkBgAAaA5LAGgPigEBaBBoESmBciUGAAB9ciYGAAAoaBSJaBVoFnViaBdoGFUDNDg2cicGAACFUnIoBgAAaBtoGFUEMTYxMXIpBgAAhVJyKgYAAGgeaBhVAzE1MHIrBgAAhVJyLAYAAGghigFWaCJoGFUDOTc1ci0GAACFUnIuBgAAdWJOSwCHci8GAABoAmgDaASGXXIwBgAAKGgGaAdlaAiHUnIxBgAAfXIyBgAAKGgLigFpaAxYFQAAAEd1bm5lciBCZSBUb3AgVGhlIDNyZHIzBgAAaA5LAGgPigEBaBBoESmBcjQGAAB9cjUGAAAoaBSJaBVoFnViaBdoGFUDNDY3cjYGAACFUnI3BgAAaBtoGFUEMTYwOHI4BgAAhVJyOQYAAGgeaBhVAzEyMHI6BgAAhVJyOwYAAGghigENaCJoGFUEMTAyMXI8BgAAhVJyPQYAAHViTksBh3I+BgAAaAJoA2gEhl1yPwYAAChoBmgHZWgIh1JyQAYAAH1yQQYAAChoC4oBYmgMWAcAAABvbGQgbWVuckIGAABoDksAaA+KAQFoEGgRKYFyQwYAAH1yRAYAAChoFIloFWgWdWJoF2gYVQM1OTZyRQYAAIVSckYGAABoG2gYVQQxNjA4ckcGAACFUnJIBgAAaB5oGFUDMTU4ckkGAACFUnJKBgAAaCGKAQFoImgYVQM4NTRySwYAAIVSckwGAAB1Yk5LA4dyTQYAAGgCaANoBIZdck4GAAAoaAZoB2VoCIdSck8GAAB9clAGAAAoaAuKAVRoDFgPAAAAVGlkZGxlciBWaWxsYW5zclEGAABoDksAaA+KAQFoEGgRKYFyUgYAAH1yUwYAAChoFIloFWgWdWJoF2gYVQM1ODJyVAYAAIVSclUGAABoG2gYVQQxNjA1clYGAACFUnJXBgAAaB5oGFUDMTQzclgGAACFUnJZBgAAaCGKAqIAaCJoGFUDODgwcloGAACFUnJbBgAAdWJOSwCHclwGAABoAmgDaASGXXJdBgAAKGgGaAdlaAiHUnJeBgAAfXJfBgAAKGgLigFFaAxYCwAAAExlcyBCb2NhZ2VzcmAGAABoDksAaA+KAQFoEGgRKYFyYQYAAH1yYgYAAChoFIloFWgWdWJoF2gYVQM1ODByYwYAAIVScmQGAABoG2gYVQQxNjA0cmUGAACFUnJmBgAAaB5oGFUDMTYycmcGAACFUnJoBgAAaCGKAowAaCJoGFUDODYycmkGAACFUnJqBgAAdWJOSwCHcmsGAABoAmgDaASGXXJsBgAAKGgGaAdlaAiHUnJtBgAAfXJuBgAAKGgLigF2aAxYFAAAAENoYXJpdHkgMDIgQWxsIENoYW1wcm8GAABoDksAaA+KAQFoEGgRKYFycAYAAH1ycQYAAChoFIloFWgWdWJoF2gYVQM2MzZycgYAAIVScnMGAABoG2gYVQQxNjAzcnQGAACFUnJ1BgAAaB5oGFUDMTQ3cnYGAACFUnJ3BgAAaCGKASJoImgYVQM4MjByeAYAAIVScnkGAAB1Yk5K+v///4dyegYAAGgCaANoBIZdcnsGAAAoaAZoB2VoCIdScnwGAAB9cn0GAAAoaAuKAWFoDFgNAAAAZmMgYmF0aGFsb25lcnJ+BgAAaA5LAGgPigEBaBBoESmBcn8GAAB9coAGAAAoaBSJaBVoFnViaBdoGFUDNTM5coEGAACFUnKCBgAAaBtoGFUEMTYwMnKDBgAAhVJyhAYAAGgeaBhVAzE3NnKFBgAAhVJyhgYAAGghigE4aCJoGFUDODg3cocGAACFUnKIBgAAdWJOSwGHcokGAABoAmgDaASGXXKKBgAAKGgGaAdlaAiHUnKLBgAAfXKMBgAAKGgLigFnaAxYCgAAAFRlYW0gSGlwcG9yjQYAAGgOSwBoD4oBAWgQaBEpgXKOBgAAfXKPBgAAKGgUiWgVaBZ1YmgXaBhVAzQzNXKQBgAAhVJykQYAAGgbaBhVBDE2MDBykgYAAIVScpMGAABoHmgYVQMxOTZylAYAAIVScpUGAABoIYoBC2giaBhVAzk2OXKWBgAAhVJylwYAAHViTkr9////h3KYBgAAaAJoA2gEhl1ymQYAAChoBmgHZWgIh1JymgYAAH1ymwYAAChoC4oBZmgMWAMAAABTT1NynAYAAGgOSwBoD4oBAWgQaBEpgXKdBgAAfXKeBgAAKGgUiWgVaBZ1YmgXaBhVAzUyOXKfBgAAhVJyoAYAAGgbaBhVBDE1OThyoQYAAIVScqIGAABoHmgYVQMxNjJyowYAAIVScqQGAABoIYoBCGgiaBhVAzkwN3KlBgAAhVJypgYAAHViTkr/////h3KnBgAAaAJoA2gEhl1yqAYAAChoBmgHZWgIh1JyqQYAAH1yqgYAAChoC4oBFWgMWBQAAABTY291dGluZyBGb3IgR29hbHMgMnKrBgAAaA5LAGgPigEBaBBoESmBcqwGAAB9cq0GAAAoaBSJaBVoFnViaBdoGFUDNDY5cq4GAACFUnKvBgAAaBtoGFUEMTU5N3KwBgAAhVJysQYAAGgeaBhVAzE4NHKyBgAAhVJyswYAAGghigFSaCJoGFUDOTQ0crQGAACFUnK1BgAAdWJOSwCHcrYGAABoAmgDaASGXXK3BgAAKGgGaAdlaAiHUnK4BgAAfXK5BgAAKGgLigFFaAxYCwAAAFNlbnRpTWVudGFscroGAABoDksAaA+KAQFoEGgRKYFyuwYAAH1yvAYAAChoFIloFWgWdWJoF2gYVQM0OTNyvQYAAIVScr4GAABoG2gYVQQxNTk3cr8GAACFUnLABgAAaB5oGFUDMTk2csEGAACFUnLCBgAAaCGKAo0AaCJoGFUDOTA4csMGAACFUnLEBgAAdWJOSwCHcsUGAABoAmgDaASGXXLGBgAAKGgGaAdlaAiHUnLHBgAAfXLIBgAAKGgLigEXaAxYEgAAAFN3ZWV0IEdvbGRlbiBCYWxsc3LJBgAAaA5LAGgPigEQaBBoESmBcsoGAAB9cssGAAAoaBSJaBVoFnViaBdoGFUDNTM2cswGAACFUnLNBgAAaBtoGFUEMTU5NXLOBgAAhVJyzwYAAGgeaBhVAzE4NXLQBgAAhVJy0QYAAGghigFUaCJoGFUDODc0ctIGAACFUnLTBgAAdWJOSwKHctQGAABoAmgDaASGXXLVBgAAKGgGaAdlaAiHUnLWBgAAfXLXBgAAKGgLigE8aAxYEAAAAE5vcmZvcmsgJiBDaGFuY2Vy2AYAAGgOSwBoD4oBAWgQaBEpgXLZBgAAfXLaBgAAKGgUiWgVaBZ1YmgXaBhVAzQ4N3LbBgAAhVJy3AYAAGgbaBhVBDE1OTNy3QYAAIVSct4GAABoHmgYVQMxODFy3wYAAIVScuAGAABoIYoCgABoImgYVQM5MjVy4QYAAIVScuIGAAB1Yk5K/////4dy4wYAAGgCaANoBIZdcuQGAAAoaAZoB2VoCIdScuUGAAB9cuYGAAAoaAuKARloDFgOAAAAU3RhbidzIHRoZSBNYW5y5wYAAGgOSwBoD4oBCGgQaBEpgXLoBgAAfXLpBgAAKGgUiWgVaBZ1YmgXaBhVAzM5MHLqBgAAhVJy6wYAAGgbaBhVBDE1OTNy7AYAAIVScu0GAABoHmgYVQMxOTVy7gYAAIVScu8GAABoIYoBV2giaBhVBDEwMDhy8AYAAIVScvEGAAB1Yk5K/////4dy8gYAAGgCaANoBIZdcvMGAAAoaAZoB2VoCIdScvQGAAB9cvUGAAAoaAuKASdoDFgQAAAARklSU1QgTU9OVEggT05MWXL2BgAAaA5LAGgPigEBaBBoESmBcvcGAAB9cvgGAAAoaBSJaBVoFnViaBdoGFUDNDkycvkGAACFUnL6BgAAaBtoGFUEMTU4OHL7BgAAhVJy/AYAAGgeaBhVAzE0MHL9BgAAhVJy/gYAAGghigFoaCJoGFUDOTU2cv8GAACFUnIABwAAdWJOSwGHcgEHAABoAmgDaASGXXICBwAAKGgGaAdlaAiHUnIDBwAAfXIEBwAAKGgLigFdaAxYDgAAAEhhdmVuJ3QgYSBjbHVlcgUHAABoDksAaA+KAQNoEGgRKYFyBgcAAH1yBwcAAChoFIloFWgWdWJoF2gYVQM1MDhyCAcAAIVScgkHAABoG2gYVQQxNTc3cgoHAACFUnILBwAAaB5oGFUDMTYycgwHAACFUnINBwAAaCGKArEAaCJoGFUDOTA3cg4HAACFUnIPBwAAdWJOSv////+HchAHAABoAmgDaASGXXIRBwAAKGgGaAdlaAiHUnISBwAAfXITBwAAKGgLigF3aAxYEAAAAHdlYmJ5IHdlYmIgd2ViYnNyFAcAAGgOSwBoD4oBAWgQaBEpgXIVBwAAfXIWBwAAKGgUiWgVaBZ1YmgXaBhVAzQ4NnIXBwAAhVJyGAcAAGgbaBhVBDE1NzZyGQcAAIVSchoHAABoHmgYVQMxNTByGwcAAIVSchwHAABoIYoCtQBoImgYVQM5NDByHQcAAIVSch4HAAB1Yk5LAYdyHwcAAGgCaANoBIZdciAHAAAoaAZoB2VoCIdSciEHAAB9ciIHAAAoaAuKAUVoDFgQAAAAQWxyZHJlZCBBbGxzdGFyc3IjBwAAaA5LAGgPigEBaBBoESmBciQHAAB9ciUHAAAoaBSJaBVoFnViaBdoGFUDNDkwciYHAACFUnInBwAAaBtoGFUEMTU3M3IoBwAAhVJyKQcAAGgeaBhVAzE2MnIqBwAAhVJyKwcAAGghigE5aCJoGFUDOTIxciwHAACFUnItBwAAdWJOSv////+Hci4HAABoAmgDaASGXXIvBwAAKGgGaAdlaAiHUnIwBwAAfXIxBwAAKGgLigFRaAxYDgAAAE5vcm1hIFNub2NrZXJzcjIHAABoDksAaA+KAQFoEGgRKYFyMwcAAH1yNAcAAChoFIloFWgWdWJoF2gYVQM0NzNyNQcAAIVScjYHAABoG2gYVQQxNTY4cjcHAACFUnI4BwAAaB5oGFUDMjExcjkHAACFUnI6BwAAaCGKAp4AaCJoGFUDODg0cjsHAACFUnI8BwAAdWJOSv////+Hcj0HAABoAmgDaASGXXI+BwAAKGgGaAdlaAiHUnI/BwAAfXJABwAAKGgLigFHaAxYDAAAAEVhdCBteSBnb2FsIXJBBwAAaA5LAGgPigEOaBBoESmBckIHAAB9ckMHAAAoaBSJaBVoFnViaBdoGFUDMzM4ckQHAACFUnJFBwAAaBtoGFUEMTU2NXJGBwAAhVJyRwcAAGgeaBhVAzIxMXJIBwAAhVJySQcAAGghigKRAGgiaBhVBDEwMTZySgcAAIVScksHAAB1Yk5LAIdyTAcAAGgCaANoBIZdck0HAAAoaAZoB2VoCIdSck4HAAB9ck8HAAAoaAuKATZoDFgIAAAARU1BTUFTQk9yUAcAAGgOSwBoD4oBCmgQaBEpgXJRBwAAfXJSBwAAKGgUiWgVaBZ1YmgXaBhVAzQ1MXJTBwAAhVJyVAcAAGgbaBhVBDE1NjRyVQcAAIVSclYHAABoHmgYVQMxNDNyVwcAAIVSclgHAABoIYoBemgiaBhVAzk3MHJZBwAAhVJyWgcAAHViTksAh3JbBwAAaAJoA2gEhl1yXAcAAChoBmgHZWgIh1JyXQcAAH1yXgcAAChoC4oBdmgMWBwAAABDaGFyaXR5IDEwIEFsbCBQcmVtIFRvcCBEb2dzcl8HAABoDksAaA+KAQFoEGgRKYFyYAcAAH1yYQcAAChoFIloFWgWdWJoF2gYVQM0NzVyYgcAAIVScmMHAABoG2gYVQQxNTYwcmQHAACFUnJlBwAAaB5oGFUDMTYycmYHAACFUnJnBwAAaCGKASloImgYVQM5MjNyaAcAAIVScmkHAAB1Yk5LAIdyagcAAGgCaANoBIZdcmsHAAAoaAZoB2VoCIdScmwHAAB9cm0HAAAoaAuKAUVoDFgXAAAAQ2hhcml0eSAwMSAtIEBtZWJlY29saW5ybgcAAGgOSwBoD4oBAWgQaBEpgXJvBwAAfXJwBwAAKGgUiWgVaBZ1YmgXaBhVAzM1N3JxBwAAhVJycgcAAGgbaBhVBDE1NTlycwcAAIVScnQHAABoHmgYVQMxNjJydQcAAIVScnYHAABoIYoCjgBoImgYVQQxMDQwcncHAACFUnJ4BwAAdWJOSwCHcnkHAABoAmgDaASGXXJ6BwAAKGgGaAdlaAiHUnJ7BwAAfXJ8BwAAKGgLigE5aAxYDwAAAEtpc3MgbXkgQXJzZW5hbHJ9BwAAaA5LAGgPigEBaBBoESmBcn4HAAB9cn8HAAAoaBSJaBVoFnViaBdoGFUDNTEwcoAHAACFUnKBBwAAaBtoGFUEMTU1MnKCBwAAhVJygwcAAGgeaBhVAzE4MXKEBwAAhVJyhQcAAGghigF9aCJoGFUDODYxcoYHAACFUnKHBwAAdWJOSwCHcogHAABoAmgDaASGXXKJBwAAKGgGaAdlaAiHUnKKBwAAfXKLBwAAKGgLigEdaAxYCwAAAERhaXJ5TGVlIFhJcowHAABoDksAaA+KAQZoEGgRKYFyjQcAAH1yjgcAAChoFIloFWgWdWJoF2gYVQM1NTZyjwcAAIVScpAHAABoG2gYVQQxNTQxcpEHAACFUnKSBwAAaB5oGFUDMTI5cpMHAACFUnKUBwAAaCGKAUpoImgYVQM4NTZylQcAAIVScpYHAAB1Yk5LAIdylwcAAGgCaANoBIZdcpgHAAAoaAZoB2VoCIdScpkHAAB9cpoHAAAoaAuKAU9oDFgVAAAAR3dlbmRvbGluZSdzIFdhcnJpb3JzcpsHAABoDksAaA+KAQFoEGgRKYFynAcAAH1ynQcAAChoFIloFWgWdWJoF2gYVQM0ODZyngcAAIVScp8HAABoG2gYVQQxNTM3cqAHAACFUnKhBwAAaB5oGFUDMTI5cqIHAACFUnKjBwAAaCGKApoAaCJoGFUDOTIycqQHAACFUnKlBwAAdWJOSwCHcqYHAABoAmgDaASGXXKnBwAAKGgGaAdlaAiHUnKoBwAAfXKpBwAAKGgLigF2aAxYFQAAAENoYXJpdHkgMTUgLSBMZWFndWUgMnKqBwAAaA5LAGgPigEBaBBoESmBcqsHAAB9cqwHAAAoaBSJaBVoFnViaBdoGFUDNDA4cq0HAACFUnKuBwAAaBtoGFUEMTUzMXKvBwAAhVJysAcAAGgeaBhVAzE2MnKxBwAAhVJysgcAAGghigEvaCJoGFUDOTYxcrMHAACFUnK0BwAAdWJOSwCHcrUHAABoAmgDaASGXXK2BwAAKGgGaAdlaAiHUnK3BwAAfXK4BwAAKGgLigF2aAxYGQAAAENoYXJpdHkgMDUgLSBQcmVtaWVyIFRlYW1yuQcAAGgOSwBoD4oBAWgQaBEpgXK6BwAAfXK7BwAAKGgUiWgVaBZ1YmgXaBhVAzYzNXK8BwAAhVJyvQcAAGgbaBhVBDE1MjhyvgcAAIVScr8HAABoHmgYVQMxODFywAcAAIVScsEHAABoIYoBKGgiaBhVAzcxMnLCBwAAhVJywwcAAHViTksAh3LEBwAAaAJoA2gEhl1yxQcAAChoBmgHZWgIh1JyxgcAAH1yxwcAAChoC4oBUGgMWBAAAABHZWVUZWUncyBOb2JiZXJzcsgHAABoDksAaA+KAQFoEGgRKYFyyQcAAH1yygcAAChoFIloFWgWdWJoF2gYVQM1MzlyywcAAIVScswHAABoG2gYVQQxNTI4cs0HAACFUnLOBwAAaB5oGFUDMTYycs8HAACFUnLQBwAAaCGKApwAaCJoGFUDODI3ctEHAACFUnLSBwAAdWJOSwCHctMHAABoAmgDaASGXXLUBwAAKGgGaAdlaAiHUnLVBwAAfXLWBwAAKGgLigF2aAxYFwAAAENoYXJpdHkgMDcgLSBDaGFtcCBUZWFtctcHAABoDksAaA+KAQFoEGgRKYFy2AcAAH1y2QcAAChoFIloFWgWdWJoF2gYVQM1MTFy2gcAAIVSctsHAABoG2gYVQQxNTI3ctwHAACFUnLdBwAAaB5oGFUDMTUwct4HAACFUnLfBwAAaCGKASpoImgYVQM4NjZy4AcAAIVScuEHAAB1Yk5LAody4gcAAGgCaANoBIZdcuMHAAAoaAZoB2VoCIdScuQHAAB9cuUHAAAoaAuKAVJoDFgNAAAAVGhlIENoYW1waW9uc3LmBwAAaA5LAGgPigEBaBBoESmBcucHAAB9cugHAAAoaBSJaBVoFnViaBdoGFUDMzQwcukHAACFUnLqBwAAaBtoGFUEMTUyNXLrBwAAhVJy7AcAAGgeaBhVAzIxMXLtBwAAhVJy7gcAAGghigKgAGgiaBhVAzk3NHLvBwAAhVJy8AcAAHViTkr/////h3LxBwAAaAJoA2gEhl1y8gcAAChoBmgHZWgIh1Jy8wcAAH1y9AcAAChoC4oBO2gMWA4AAABQb255ICYgR3lwc2llc3L1BwAAaA5LAGgPigEBaBBoESmBcvYHAAB9cvcHAAAoaBSJaBVoFnViaBdoGFUDNDQwcvgHAACFUnL5BwAAaBtoGFUEMTUyMHL6BwAAhVJy+wcAAGgeaBhVAzE0MXL8BwAAhVJy/QcAAGghigF/aCJoGFUDOTM5cv4HAACFUnL/BwAAdWJOSv////+HcgAIAABoAmgDaASGXXIBCAAAKGgGaAdlaAiHUnICCAAAfXIDCAAAKGgLigEuaAxYDgAAAENvb2tpbmcgb24gR2F6cgQIAABoDksAaA+KAQFoEGgRKYFyBQgAAH1yBggAAChoFIloFWgWdWJoF2gYVQM0OTJyBwgAAIVScggIAABoG2gYVQQxNTE5cgkIAACFUnIKCAAAaB5oGFUDMTYycgsIAACFUnIMCAAAaCGKAXFoImgYVQM4NjVyDQgAAIVScg4IAAB1Yk5LBIdyDwgAAGgCaANoBIZdchAIAAAoaAZoB2VoCIdSchEIAAB9chIIAAAoaAuKAQpoDFgQAAAAUHJvdG9uaWMgTmV1dHJvbnITCAAAaA5LAGgPigEBaBBoESmBchQIAAB9chUIAAAoaBSJaBVoFnViaBdoGFUDNTAxchYIAACFUnIXCAAAaBtoGFUEMTUxOHIYCAAAhVJyGQgAAGgeaBhVAzE0M3IaCAAAhVJyGwgAAGghigFDaCJoGFUDODc0chwIAACFUnIdCAAAdWJOSv////+Hch4IAABoAmgDaASGXXIfCAAAKGgGaAdlaAiHUnIgCAAAfXIhCAAAKGgLigEsaAxYEgAAAFNlZSBCYXNzaSBHbyBBZ2FpbnIiCAAAaA5LAGgPigEBaBBoESmBciMIAAB9ciQIAAAoaBSJaBVoFnViaBdoGFUDMzA2ciUIAACFUnImCAAAaBtoGFUEMTUxNnInCAAAhVJyKAgAAGgeaBhVAzEyNHIpCAAAhVJyKggAAGghigFuaCJoGFUEMTA4NnIrCAAAhVJyLAgAAHViTkr/////h3ItCAAAaAJoA2gEhl1yLggAAChoBmgHZWgIh1JyLwgAAH1yMAgAAChoC4oBY2gMWAkAAABNYUhlUm8gRkNyMQgAAGgOSwBoD4oBC2gQaBEpgXIyCAAAfXIzCAAAKGgUiWgVaBZ1YmgXaBhVAzM4MHI0CAAAhVJyNQgAAGgbaBhVBDE1MTVyNggAAIVScjcIAABoHmgYVQMxMjlyOAgAAIVScjkIAABoIYoBBGgiaBhVBDEwMDZyOggAAIVScjsIAAB1Yk5K/////4dyPAgAAGgCaANoBIZdcj0IAAAoaAZoB2VoCIdScj4IAAB9cj8IAAAoaAuKAVhoDFgUAAAAU2hheWRvZyBNaWxsaW9uYWlyZSByQAgAAGgOSwBoD4oBAWgQaBEpgXJBCAAAfXJCCAAAKGgUiWgVaBZ1YmgXaBhVAzU5MXJDCAAAhVJyRAgAAGgbaBhVBDE1MTVyRQgAAIVSckYIAABoHmgYVQMxMjlyRwgAAIVSckgIAABoIYoCrABoImgYVQM3OTVySQgAAIVSckoIAAB1Yk5K/////4dySwgAAGgCaANoBIZdckwIAAAoaAZoB2VoCIdSck0IAAB9ck4IAAAoaAuKAUtoDFgMAAAAU2FsYWQgaHlwZXJzck8IAABoDksAaA+KAQFoEGgRKYFyUAgAAH1yUQgAAChoFIloFWgWdWJoF2gYVQM1NDFyUggAAIVSclMIAABoG2gYVQQxNTEwclQIAACFUnJVCAAAaB5oGFUDMTI5clYIAACFUnJXCAAAaCGKApUAaCJoGFUDODQwclgIAACFUnJZCAAAdWJOSwGHcloIAABoAmgDaASGXXJbCAAAKGgGaAdlaAiHUnJcCAAAfXJdCAAAKGgLigF2aAxYGAAAAENoYXJpdHkgMjMgLSBFYWdsZXMgUm9hcnJeCAAAaA5LAGgPigEBaBBoESmBcl8IAAB9cmAIAAAoaBSJaBVoFnViaBdoGFUDNDM0cmEIAACFUnJiCAAAaBtoGFUEMTUwOHJjCAAAhVJyZAgAAGgeaBhVAzE2MnJlCAAAhVJyZggAAGghigE2aCJoGFUDOTEycmcIAACFUnJoCAAAdWJOSv////+HcmkIAABoAmgDaASGXXJqCAAAKGgGaAdlaAiHUnJrCAAAfXJsCAAAKGgLigElaAxYJAAAAEkgZ2V0IGJldHRlcmVyICYgYmV0dGVyZXIgZXZlcnkgd2Vla3JtCAAAaA5LAGgPigEBaBBoESmBcm4IAAB9cm8IAAAoaBSJaBVoFnViaBdoGFUDMzM2cnAIAACFUnJxCAAAaBtoGFUEMTUwNnJyCAAAhVJycwgAAGgeaBhVAzE2MnJ0CAAAhVJydQgAAGghigFlaCJoGFUEMTAwOHJ2CAAAhVJydwgAAHViTkr/////h3J4CAAAaAJoA2gEhl1yeQgAAChoBmgHZWgIh1JyeggAAH1yewgAAChoC4oBaGgMWBUAAABGQyBIYW53ZWxsICYgRWx0aG9ybmVyfAgAAGgOSwBoD4oBAWgQaBEpgXJ9CAAAfXJ+CAAAKGgUiWgVaBZ1YmgXaBhVAzQ0M3J/CAAAhVJygAgAAGgbaBhVBDE1MDJygQgAAIVScoIIAABoHmgYVQMxMjRygwgAAIVScoQIAABoIYoBDGgiaBhVAzkzNXKFCAAAhVJyhggAAHViTksAh3KHCAAAaAJoA2gEhl1yiAgAAChoBmgHZWgIh1JyiQgAAH1yiggAAChoC4oBTGgMWA4AAABLb2RhJ3MgS2lja2Vyc3KLCAAAaA5LAGgPigEBaBBoESmBcowIAAB9co0IAAAoaBSJaBVoFnViaBdoGFUDMzk3co4IAACFUnKPCAAAaBtoGFUEMTQ5OXKQCAAAhVJykQgAAGgeaBhVAzE2MnKSCAAAhVJykwgAAGghigKXAGgiaBhVAzk0MHKUCAAAhVJylQgAAHViTksAh3KWCAAAaAJoA2gEhl1ylwgAAChoBmgHZWgIh1JymAgAAH1ymQgAAChoC4oBbmgMWAoAAABSZWQgRGV2aWxzcpoIAABoDksAaA+KAQFoEGgRKYFymwgAAH1ynAgAAChoFIloFWgWdWJoF2gYVQM1MDlynQgAAIVScp4IAABoG2gYVQQxNDk0cp8IAACFUnKgCAAAaB5oGFUDMTI5cqEIAACFUnKiCAAAaCGKARVoImgYVQM4NTZyowgAAIVScqQIAAB1Yk5LAIdypQgAAGgCaANoBIZdcqYIAAAoaAZoB2VoCIdScqcIAAB9cqgIAAAoaAuKAXVoDFgUAAAAVGhlIEJhbGxpc3RjIEN5c3RpY3NyqQgAAGgOSwBoD4oBAWgQaBEpgXKqCAAAfXKrCAAAKGgUiWgVaBZ1YmgXaBhVAzQxMXKsCAAAhVJyrQgAAGgbaBhVBDE0ODhyrggAAIVScq8IAABoHmgYVQMxMzBysAgAAIVScrEIAABoIYoBIGgiaBhVAzk0N3KyCAAAhVJyswgAAHViTksAh3K0CAAAaAJoA2gEhl1ytQgAAChoBmgHZWgIh1JytggAAH1ytwgAAChoC4oBdmgMWBYAAABDaGFyaXR5IDE5IC0gUGVuSXNsYW5kcrgIAABoDksAaA+KAQFoEGgRKYFyuQgAAH1yuggAAChoFIloFWgWdWJoF2gYVQM0OTFyuwgAAIVScrwIAABoG2gYVQQxNDg1cr0IAACFUnK+CAAAaB5oGFUDMTgxcr8IAACFUnLACAAAaCGKATJoImgYVQM4MTNywQgAAIVScsIIAAB1Yk5LAIdywwgAAGgCaANoBIZdcsQIAAAoaAZoB2VoCIdScsUIAAB9csYIAAAoaAuKAT1oDFgOAAAAMTIgaG91cnMgYWhlYWRyxwgAAGgOSwBoD4oBCmgQaBEpgXLICAAAfXLJCAAAKGgUiWgVaBZ1YmgXaBhVAzQ1NXLKCAAAhVJyywgAAGgbaBhVBDE0ODRyzAgAAIVScs0IAABoHmgYVQMxMTVyzggAAIVScs8IAABoIYoCggBoImgYVQM5MTRy0AgAAIVSctEIAAB1Yk5LAIdy0ggAAGgCaANoBIZdctMIAAAoaAZoB2VoCIdSctQIAAB9ctUIAAAoaAuKATRoDFgRAAAATGVhdmVNeUFyc2VBbG9uYSBy1ggAAGgOSwBoD4oBAWgQaBEpgXLXCAAAfXLYCAAAKGgUiWgVaBZ1YmgXaBhVAzM4MXLZCAAAhVJy2ggAAGgbaBhVBDE0ODBy2wgAAIVSctwIAABoHmgYVQMxNjJy3QgAAIVSct4IAABoIYoBeGgiaBhVAzkzN3LfCAAAhVJy4AgAAHViTksBh3LhCAAAaAJoA2gEhl1y4ggAAChoBmgHZWgIh1Jy4wgAAH1y5AgAAChoC4oBDGgMWBgAAABOb3RoaW5nIGNvbXBhcmVzIHRvIFVHSVNy5QgAAGgOSwBoD4oBAWgQaBEpgXLmCAAAfXLnCAAAKGgUiWgVaBZ1YmgXaBhVAzI4NnLoCAAAhVJy6QgAAGgbaBhVBDE0Nzhy6ggAAIVScusIAABoHmgYVQMxODhy7AgAAIVScu0IAABoIYoBSGgiaBhVBDEwMDRy7ggAAIVScu8IAAB1Yk5K/////4dy8AgAAGgCaANoBIZdcvEIAAAoaAZoB2VoCIdScvIIAAB9cvMIAAAoaAuKAQ1oDFgHAAAAVG9wRHJhd3L0CAAAaA5LAGgPigEBaBBoESmBcvUIAAB9cvYIAAAoaBSJaBVoFnViaBdoGFUDNDA1cvcIAACFUnL4CAAAaBtoGFUEMTQ3NXL5CAAAhVJy+ggAAGgeaBhVAzE0NnL7CAAAhVJy/AgAAGghigFJaCJoGFUDOTI0cv0IAACFUnL+CAAAdWJOSwCHcv8IAABoAmgDaASGXXIACQAAKGgGaAdlaAiHUnIBCQAAfXICCQAAKGgLigEwaAxYEAAAAERhbidzIERlc3Ryb3llcnNyAwkAAGgOSwBoD4oBAWgQaBEpgXIECQAAfXIFCQAAKGgUiWgVaBZ1YmgXaBhVAzM2N3IGCQAAhVJyBwkAAGgbaBhVBDE0NzJyCAkAAIVScgkJAABoHmgYVQMxNTByCgkAAIVScgsJAABoIYoBc2giaBhVAzk1NXIMCQAAhVJyDQkAAHViTksDh3IOCQAAaAJoA2gEhl1yDwkAAChoBmgHZWgIh1JyEAkAAH1yEQkAAChoC4oBC2gMWAsAAABSb25zIFJlYmVsc3ISCQAAaA5LAGgPigEBaBBoESmBchMJAAB9chQJAAAoaBSJaBVoFnViaBdoGFUDNDQ2chUJAACFUnIWCQAAaBtoGFUEMTQ3MXIXCQAAhVJyGAkAAGgeaBhVAzE0M3IZCQAAhVJyGgkAAGghigFFaCJoGFUDODgychsJAACFUnIcCQAAdWJOSv////+Hch0JAABoAmgDaASGXXIeCQAAKGgGaAdlaAiHUnIfCQAAfXIgCQAAKGgLigECaAxYEAAAAEludGVyIFlvdW5nIEJveXNyIQkAAGgOSwBoD4oBAWgQaBEpgXIiCQAAfXIjCQAAKGgUiWgVaBZ1YmgXaBhVAzQ2NnIkCQAAhVJyJQkAAGgbaBhVBDE0NjZyJgkAAIVScicJAABoHmgYVQMxMjlyKAkAAIVScikJAABoIYoBO2giaBhVAzg3MXIqCQAAhVJyKwkAAHViTkr/////h3IsCQAAaAJoA2gEhl1yLQkAAChoBmgHZWgIh1JyLgkAAH1yLwkAAChoC4oBJWgMWA0AAABUaGUgRmxvcHBpdHRzcjAJAABoDksAaA+KAQFoEGgRKYFyMQkAAH1yMgkAAChoFIloFWgWdWJoF2gYVQMzNDRyMwkAAIVScjQJAABoG2gYVQQxNDY2cjUJAACFUnI2CQAAaB5oGFUDMTYycjcJAACFUnI4CQAAaCGKAWZoImgYVQM5NjByOQkAAIVScjoJAAB1Yk5K/////4dyOwkAAGgCaANoBIZdcjwJAAAoaAZoB2VoCIdScj0JAAB9cj4JAAAoaAuKAU5oDFgEAAAANDQ2OHI/CQAAaA5LAGgPigEBaBBoESmBckAJAAB9ckEJAAAoaBSJaBVoFnViaBdoGFUDNDI3ckIJAACFUnJDCQAAaBtoGFUEMTQ1NXJECQAAhVJyRQkAAGgeaBhVAzEyOXJGCQAAhVJyRwkAAGghigKZAGgiaBhVAzg5OXJICQAAhVJySQkAAHViTksAh3JKCQAAaAJoA2gEhl1ySwkAAChoBmgHZWgIh1JyTAkAAH1yTQkAAChoC4oBGGgMWBIAAABTb3V0aGllcyBVbml0ZWQgWElyTgkAAGgOSwBoD4oBAWgQaBEpgXJPCQAAfXJQCQAAKGgUiWgVaBZ1YmgXaBhVAzQ4OXJRCQAAhVJyUgkAAGgbaBhVBDE0NTVyUwkAAIVSclQJAABoHmgYVQMxNjJyVQkAAIVSclYJAABoIYoBVWgiaBhVAzgwNHJXCQAAhVJyWAkAAHViTksAh3JZCQAAaAJoA2gEhl1yWgkAAChoBmgHZWgIh1JyWwkAAH1yXAkAAChoC4oBC2gMWAwAAABSb25zIFJvY2tldHNyXQkAAGgOSwBoD4oBAWgQaBEpgXJeCQAAfXJfCQAAKGgUiWgVaBZ1YmgXaBhVAzQxNXJgCQAAhVJyYQkAAGgbaBhVBDE0NTNyYgkAAIVScmMJAABoHmgYVQMxMjlyZAkAAIVScmUJAABoIYoBRmgiaBhVAzkwOXJmCQAAhVJyZwkAAHViTksAh3JoCQAAaAJoA2gEhl1yaQkAAChoBmgHZWgIh1JyagkAAH1yawkAAChoC4oBLmgMWAgAAABNaWNoZWxsb3JsCQAAaA5LAGgPigEBaBBoESmBcm0JAAB9cm4JAAAoaBSJaBVoFnViaBdoGFUDNTA0cm8JAACFUnJwCQAAaBtoGFUEMTQ0OHJxCQAAhVJycgkAAGgeaBhVAzEyOXJzCQAAhVJydAkAAGghigFwaCJoGFUDODE1cnUJAACFUnJ2CQAAdWJOSwCHcncJAABoAmgDaASGXXJ4CQAAKGgGaAdlaAiHUnJ5CQAAfXJ6CQAAKGgLigFKaAxYDAAAAEpheSdzIEhlcm8nc3J7CQAAaA5LAGgPigEBaBBoESmBcnwJAAB9cn0JAAAoaBSJaBVoFnViaBdoGFUDNTI3cn4JAACFUnJ/CQAAaBtoGFUEMTQ0NHKACQAAhVJygQkAAGgeaBhVAzE2MnKCCQAAhVJygwkAAGghigKUAGgiaBhVAzc1NXKECQAAhVJyhQkAAHViTkr/////h3KGCQAAaAJoA2gEhl1yhwkAAChoBmgHZWgIh1JyiAkAAH1yiQkAAChoC4oBVmgMWAYAAABNbW0uLi5yigkAAGgOSwBoD4oBAWgQaBEpgXKLCQAAfXKMCQAAKGgUiWgVaBZ1YmgXaBhVAzM4MXKNCQAAhVJyjgkAAGgbaBhVBDE0MzlyjwkAAIVScpAJAABoHmgYVQMxMjlykQkAAIVScpIJAABoIYoCtABoImgYVQM5MjlykwkAAIVScpQJAAB1Yk5LAIdylQkAAGgCaANoBIZdcpYJAAAoaAZoB2VoCIdScpcJAAB9cpgJAAAoaAuKAXZoDFgYAAAAQ2hhcml0eSAyMSAtIEVhZ2xlcyBTb2FycpkJAABoDksAaA+KAQFoEGgRKYFymgkAAH1ymwkAAChoFIloFWgWdWJoF2gYVQM0NTFynAkAAIVScp0JAABoG2gYVQQxNDM0cp4JAACFUnKfCQAAaB5oGFUDMTgxcqAJAACFUnKhCQAAaCGKATRoImgYVQM4MDJyogkAAIVScqMJAAB1Yk5LAIdypAkAAGgCaANoBIZdcqUJAAAoaAZoB2VoCIdScqYJAAB9cqcJAAAoaAuKAUZoDFgRAAAATm90IEluIEhlciBGb3Jlc3RyqAkAAGgOSwBoD4oBAWgQaBEpgXKpCQAAfXKqCQAAKGgUiWgVaBZ1YmgXaBhVAzQwOXKrCQAAhVJyrAkAAGgbaBhVBDE0MzJyrQkAAIVScq4JAABoHmgYVQMxOTZyrwkAAIVScrAJAABoIYoCkABoImgYVQM4MjdysQkAAIVScrIJAAB1Yk5LAIdyswkAAGgCaANoBIZdcrQJAAAoaAZoB2VoCIdScrUJAAB9crYJAAAoaAuKASJoDFgPAAAAV09aQSdzIFdJTk5FUlMucrcJAABoDksAaA+KAQtoEGgRKYFyuAkAAH1yuQkAAChoFIloFWgWdWJoF2gYVQMzOTRyugkAAIVScrsJAABoG2gYVQQxNDMxcrwJAACFUnK9CQAAaB5oGFUDMTYycr4JAACFUnK/CQAAaCGKAWJoImgYVQM4NzVywAkAAIVScsEJAAB1Yk5LAIdywgkAAGgCaANoBIZdcsMJAAAoaAZoB2VoCIdScsQJAAB9csUJAAAoaAuKAXZoDFgUAAAAQ2hhcml0eSAxNyAtIEZlcnJldHNyxgkAAGgOSwBoD4oBAWgQaBEpgXLHCQAAfXLICQAAKGgUiWgVaBZ1YmgXaBhVAzQ4NnLJCQAAhVJyygkAAGgbaBhVBDE0MjNyywkAAIVScswJAABoHmgYVQMxMjRyzQkAAIVScs4JAABoIYoBMGgiaBhVAzgxM3LPCQAAhVJy0AkAAHViTksAh3LRCQAAaAJoA2gEhl1y0gkAAChoBmgHZWgIh1Jy0wkAAH1y1AkAAChoC4oBOmgMWCgAAABMb29rIGF0IG1lIGJ1bGxkb2chIEkgbG9va2VkIEkgbG9va2VkLi4uctUJAABoDksAaA+KAQNoEGgRKYFy1gkAAH1y1wkAAChoFIloFWgWdWJoF2gYVQM2MzVy2AkAAIVSctkJAABoG2gYVQQxNDE4ctoJAACFUnLbCQAAaB5oGFUCOTNy3AkAAIVSct0JAABoIYoBfmgiaBhVAzY5MHLeCQAAhVJy3wkAAHViTksAh3LgCQAAaAJoA2gEhl1y4QkAAChoBmgHZWgIh1Jy4gkAAH1y4wkAAChoC4oBTWgMWA4AAABUb3RhbGx5IFJhbmRvbXLkCQAAaA5LAGgPigEBaBBoESmBcuUJAAB9cuYJAAAoaBSJaBVoFnViaBdoGFUDMzkzcucJAACFUnLoCQAAaBtoGFUEMTQxNXLpCQAAhVJy6gkAAGgeaBhVAzExMXLrCQAAhVJy7AkAAGghigKYAGgiaBhVAzkxMXLtCQAAhVJy7gkAAHViTksAh3LvCQAAaAJoA2gEhl1y8AkAAChoBmgHZWgIh1Jy8QkAAH1y8gkAAChoC4oBT2gMWBcAAABHd2VuZG9saW5lJ3MgV2FycmlvcnMgQnLzCQAAaA5LAGgPigEBaBBoESmBcvQJAAB9cvUJAAAoaBSJaBVoFnViaBdoGFUDNDkycvYJAACFUnL3CQAAaBtoGFUEMTQxMXL4CQAAhVJy+QkAAGgeaBhVAzEyOXL6CQAAhVJy+wkAAGghigKbAGgiaBhVAzc5MHL8CQAAhVJy/QkAAHViTksAh3L+CQAAaAJoA2gEhl1y/wkAAChoBmgHZWgIh1JyAAoAAH1yAQoAAChoC4oBLWgMWBQAAABOaWtraSdzIFNwZWNpYWwgT25lc3ICCgAAaA5LAGgPigEBaBBoESmBcgMKAAB9cgQKAAAoaBSJaBVoFnViaBdoGFUDMjcwcgUKAACFUnIGCgAAaBtoGFUEMTQwN3IHCgAAhVJyCAoAAGgeaBhVAzE2MnIJCgAAhVJyCgoAAGghigFvaCJoGFUDOTc1cgsKAACFUnIMCgAAdWJOSwCHcg0KAABoAmgDaASGXXIOCgAAKGgGaAdlaAiHUnIPCgAAfXIQCgAAKGgLigEqaAxYEgAAAFRoZSBBcm1hZGlsbG8gQ2xhbnIRCgAAaA5LAGgPigEBaBBoESmBchIKAAB9chMKAAAoaBSJaBVoFnViaBdoGFUDNDEychQKAACFUnIVCgAAaBtoGFUEMTM4OXIWCgAAhVJyFwoAAGgeaBhVAzE2MnIYCgAAhVJyGQoAAGghigFsaCJoGFUDODE1choKAACFUnIbCgAAdWJOSwCHchwKAABoAmgDaASGXXIdCgAAKGgGaAdlaAiHUnIeCgAAfXIfCgAAKGgLigFSaAxYFgAAAEphc2t1cnp5bnNraSBBbGwgU3RhcnNyIAoAAGgOSwBoD4oBAWgQaBEpgXIhCgAAfXIiCgAAKGgUiWgVaBZ1YmgXaBhVAzUxN3IjCgAAhVJyJAoAAGgbaBhVBDEzODdyJQoAAIVSciYKAABoHmgYVQMxMjlyJwoAAIVScigKAABoIYoCnwBoImgYVQM3NDFyKQoAAIVScioKAAB1Yk5LAIdyKwoAAGgCaANoBIZdciwKAAAoaAZoB2VoCIdSci0KAAB9ci4KAAAoaAuKAT9oDFgJAAAAU25pdGNoIFhJci8KAABoDksAaA+KAQFoEGgRKYFyMAoAAH1yMQoAAChoFIloFWgWdWJoF2gYVQM1MTJyMgoAAIVScjMKAABoG2gYVQQxMzg1cjQKAACFUnI1CgAAaB5oGFUDMTI5cjYKAACFUnI3CgAAaCGKAoQAaCJoGFUDNzQ0cjgKAACFUnI5CgAAdWJOSwCHcjoKAABoAmgDaASGXXI7CgAAKGgGaAdlaAiHUnI8CgAAfXI9CgAAKGgLigF2aAxYEwAAAENoYXJpdHkgMDggQWxsIFByZW1yPgoAAGgOSwBoD4oBAWgQaBEpgXI/CgAAfXJACgAAKGgUiWgVaBZ1YmgXaBhVAzYzNnJBCgAAhVJyQgoAAGgbaBhVBDEzODByQwoAAIVSckQKAABoHmgYVQI3OHJFCgAAhVJyRgoAAGghigEmaCJoGFUDNjY2ckcKAACFUnJICgAAdWJOSwCHckkKAABoAmgDaASGXXJKCgAAKGgGaAdlaAiHUnJLCgAAfXJMCgAAKGgLigF2aAxYEQAAAENoYXJpdHkgMDUgLSBCQ29zck0KAABoDksAaA+KAQFoEGgRKYFyTgoAAH1yTwoAAChoFIloFWgWdWJoF2gYVQM0MTFyUAoAAIVSclEKAABoG2gYVQQxMzc3clIKAACFUnJTCgAAaB5oGFUDMTYyclQKAACFUnJVCgAAaCGKASdoImgYVQM4MDRyVgoAAIVSclcKAAB1Yk5LAIdyWAoAAGgCaANoBIZdclkKAAAoaAZoB2VoCIdScloKAAB9clsKAAAoaAuKAQVoDFgLAAAAUVAgSGEgSGEgSGFyXAoAAGgOSwBoD4oBDWgQaBEpgXJdCgAAfXJeCgAAKGgUiWgVaBZ1YmgXaBhVAzM2MHJfCgAAhVJyYAoAAGgbaBhVBDEzNzFyYQoAAIVScmIKAABoHmgYVQMxMjlyYwoAAIVScmQKAABoIYoBPmgiaBhVAzg4MnJlCgAAhVJyZgoAAHViTksAh3JnCgAAaAJoA2gEhl1yaAoAAChoBmgHZWgIh1JyaQoAAH1yagoAAChoC4oBEGgMWAsAAABCbHVuZGVybGFuZHJrCgAAaA5LAGgPigEPaBBoESmBcmwKAAB9cm0KAAAoaBSJaBVoFnViaBdoGFUDMzQ0cm4KAACFUnJvCgAAaBtoGFUEMTM1NnJwCgAAhVJycQoAAGgeaBhVAzE2MnJyCgAAhVJycwoAAGghigFMaCJoGFUDODUwcnQKAACFUnJ1CgAAdWJOSwCHcnYKAABoAmgDaASGXXJ3CgAAKGgGaAdlaAiHUnJ4CgAAfXJ5CgAAKGgLigEyaAxYFAAAAE9seW1waWMgS2lja2JhY2tzIEZDcnoKAABoDksAaA+KAQFoEGgRKYFyewoAAH1yfAoAAChoFIloFWgWdWJoF2gYVQMzMTdyfQoAAIVScn4KAABoG2gYVQQxMzU0cn8KAACFUnKACgAAaB5oGFUDMTI5coEKAACFUnKCCgAAaCGKAXVoImgYVQM5MDhygwoAAIVScoQKAAB1Yk5LAIdyhQoAAGgCaANoBIZdcoYKAAAoaAZoB2VoCIdScocKAAB9cogKAAAoaAuKARRoDFgRAAAAVG90YWxseSBDbHVlbGVzcyByiQoAAGgOSwBoD4oBAWgQaBEpgXKKCgAAfXKLCgAAKGgUiWgVaBZ1YmgXaBhVAzQ1MHKMCgAAhVJyjQoAAGgbaBhVBDEzMDlyjgoAAIVSco8KAABoHmgYVQMxMjRykAoAAIVScpEKAABoIYoBUGgiaBhVAzczNXKSCgAAhVJykwoAAHViTksAh3KUCgAAaAJoA2gEhl1ylQoAAChoBmgHZWgIh1JylgoAAH1ylwoAAChoC4oBdmgMWBwAAABDaGFyaXR5IDAxIC0gVW5pdGVkIFdlIFN0YW5kcpgKAABoDksAaA+KAQFoEGgRKYFymQoAAH1ymgoAAChoFIloFWgWdWJoF2gYVQMzMTJymwoAAIVScpwKAABoG2gYVQQxMjY4cp0KAACFUnKeCgAAaB5oGFUDMTI5cp8KAACFUnKgCgAAaCGKASFoImgYVQM4MjdyoQoAAIVScqIKAAB1Yk5LAIdyowoAAGgCaANoBIZdcqQKAAAoaAZoB2VoCIdScqUKAAB9cqYKAAAoaAuKAVtoDFgJAAAAMmxhdGUyd2lucqcKAABoDksAaA+KAQFoEGgRKYFyqAoAAH1yqQoAAChoFIloFWgWdWJoF2gYVQM0MzByqgoAAIVScqsKAABoG2gYVQQxMjU3cqwKAACFUnKtCgAAaB5oGFUDMTI5cq4KAACFUnKvCgAAaCGKAq8AaCJoGFUDNjk4crAKAACFUnKxCgAAdWJOSwCHcrIKAABoAmgDaASGXXKzCgAAKGgGaAdlaAiHUnK0CgAAfXK1CgAAKGgLigFYaAxYDwAAAEJhbmpvJ3MgQmFuZGl0c3K2CgAAaA5LAGgPigEBaBBoESmBcrcKAAB9crgKAAAoaBSJaBVoFnViaBdoGFUDMzA3crkKAACFUnK6CgAAaBtoGFUEMTI0NHK7CgAAhVJyvAoAAGgeaBhVAzEyOXK9CgAAhVJyvgoAAGghigKrAGgiaBhVAzgwOHK/CgAAhVJywAoAAHViTksAh3LBCgAAaAJoA2gEhl1ywgoAAChoBmgHZWgIh1JywwoAAH1yxAoAAChoC4oBK2gMWAsAAABSb2NrIEJvdHRvbXLFCgAAaA5LAGgPigEDaBBoESmBcsYKAAB9cscKAAAoaBSJaBVoFnViaBdoGFUDMjYycsgKAACFUnLJCgAAaBtoGFUEMTAwM3LKCgAAhVJyywoAAGgeaBhVAjg4cswKAACFUnLNCgAAaCGKAogAaCJoGFUDNjUzcs4KAACFUnLPCgAAdWJoAmgDaCWGXWgmh1Jy0AoAAH1y0QoAAChoKWgYVQQ1LjAwhVJy0goAAGgQaBEpgXLTCgAAfXLUCgAAKGgUiWgVaBZ1YmgtigEBaC6KArUAaC9oGFUEMC4wMIVSctUKAABoMUsAaCGKAQ91YksAh3LWCgAAZS4=','9999-12-31 23:59:59'),(':1:overall_table|2014-15','gAJdcQEoY2RqYW5nby5kYi5tb2RlbHMuYmFzZQptb2RlbF91bnBpY2tsZQpxAlUHc3VwZXIxMHEDVQVFbnRyeXEEhl1xBShYCQAAAHNlYXNvbl9pZHEGVQljdXBfZW50cnlxB2VjZGphbmdvLmRiLm1vZGVscy5xdWVyeV91dGlscwpkZWZlcnJlZF9jbGFzc19mYWN0b3J5CnEIh1JxCX1xCihVB3VzZXJfaWRxC4oBQlUEbmFtZXEMWBAAAABUUlkgVE8gQkVBVCBNRSAycQ1VCmVudHJ5X3R5cGVxDksAVQpjaGFyaXR5X2lkcQ+KAQFVBl9zdGF0ZXEQY2RqYW5nby5kYi5tb2RlbHMuYmFzZQpNb2RlbFN0YXRlCnERKYFxEn1xEyhVBmFkZGluZ3EUiVUCZGJxFVUHZGVmYXVsdHEWdWJVB2ZvcmVpZ25xF2NkZWNpbWFsCkRlY2ltYWwKcRhVAzYyM3EZhVJxGlUFc2NvcmVxG2gYVQQyMDY5cRyFUnEdVQZkb3VibGVxHmgYVQMyMTVxH4VScSBVAmlkcSGKAqQBVQhkb21lc3RpY3EiaBhVBDEyMzFxI4VScSR1YmgCaANVBVByaXplcSWGXWNkamFuZ28uZGIubW9kZWxzLmJhc2UKc2ltcGxlX2NsYXNzX2ZhY3RvcnkKcSaHUnEnfXEoKFULcHJpemVfbW9uZXlxKWgYVQYxMDAuMDCFUnEqaBBoESmBcSt9cSwoaBSJaBVoFnViVQlzZWFzb25faWRxLYoBAlUIcG9zaXRpb25xLooBAVUNY2hhcml0eV9tb25leXEvaBhVBjEwMC4wMIVScTBVBXRhYmxlcTFLAGghigEBdWJLAIdxMmgCaANoBIZdcTMoaAZoB2VoCIdScTR9cTUoaAuKAQNoDFgMAAAARm94J3MgUGF3IEZDcTZoDksAaA+KAQdoEGgRKYFxN31xOChoFIloFWgWdWJoF2gYVQM1MDlxOYVScTpoG2gYVQQxOTYzcTuFUnE8aB5oGFUDMTk2cT2FUnE+aCGKArgAaCJoGFUEMTI1OHE/hVJxQHViaAJoA2glhl1oJodScUF9cUIoaCloGFUFNTAuMDCFUnFDaBBoESmBcUR9cUUoaBSJaBVoFnViaC2KAQJoLooBAmgvaBhVBTUwLjAwhVJxRmgxSwBoIYoBAnViSwCHcUdoAmgDaASGXXFIKGgGaAdlaAiHUnFJfXFKKGgLigKqAGgMWBIAAABkb3duIHRoZSBib29uZG9ja3NxS2gOSwBoD4oBCmgQaBEpgXFMfXFNKGgUiWgVaBZ1YmgXaBhVAzYyM3FOhVJxT2gbaBhVBDE5NTJxUIVScVFoHmgYVQMxOTZxUoVScVNoIYoCFAFoImgYVQQxMTMzcVSFUnFVdWJoAmgDaCWGXWgmh1JxVn1xVyhoKWgYVQUzMC4wMIVScVhoEGgRKYFxWX1xWihoFIloFWgWdWJoLYoBAmguigEDaC9oGFUFMzAuMDCFUnFbaDFLAGghigEDdWJLAIdxXGgCaANoBIZdcV0oaAZoB2VoCIdScV59cV8oaAuKAUJoDFgQAAAAWUVMTE9XIFNVQk1BUklORXFgaA5LAGgPigERaBBoESmBcWF9cWIoaBSJaBVoFnViaBdoGFUDNjI3cWOFUnFkaBtoGFUEMTk0MXFlhVJxZmgeaBhVAzE5OXFnhVJxaGghigKmAWgiaBhVBDExMTVxaYVScWp1YmgCaANoJYZdaCaHUnFrfXFsKGgpaBhVBTIwLjAwhVJxbWgQaBEpgXFufXFvKGgUiWgVaBZ1YmgtigECaC6KAQRoL2gYVQUyMC4wMIVScXBoMUsAaCGKAQR1YksAh3FxaAJoA2gEhl1xcihoBmgHZWgIh1Jxc31xdChoC4oBIWgMWBIAAABUeXBpY2FsbHkgU2NvdHRpc2hxdWgOSwBoD4oBCmgQaBEpgXF2fXF3KGgUiWgVaBZ1YmgXaBhVAzU3NHF4hVJxeWgbaBhVBDE5NDBxeoVScXtoHmgYVQMxOTBxfIVScX1oIYoCVQFoImgYVQQxMTc2cX6FUnF/dWJOSwGHcYBoAmgDaASGXXGBKGgGaAdlaAiHUnGCfXGDKGgLigEbaAxYDgAAAE9uZW9mdGhlY2hvc2VucYRoDksAaA+KAQpoEGgRKYFxhX1xhihoFIloFWgWdWJoF2gYVQM2MTRxh4VScYhoG2gYVQQxOTM0cYmFUnGKaB5oGFUDMTgwcYuFUnGMaCGKAr0AaCJoGFUEMTE0MHGNhVJxjnViTkr/////h3GPaAJoA2gEhl1xkChoBmgHZWgIh1JxkX1xkihoC4oCpgBoDFgXAAAAVGhlIE5ldmlsbGUgV2VhcnMgUHJhZGFxk2gOSwBoD4oBCmgQaBEpgXGUfXGVKGgUiWgVaBZ1YmgXaBhVAzU2N3GWhVJxl2gbaBhVBDE5MjJxmIVScZloHmgYVQMxNjhxmoVScZtoIYoCUAFoImgYVQQxMTg3cZyFUnGddWJOSwCHcZ5oAmgDaASGXXGfKGgGaAdlaAiHUnGgfXGhKGgLigETaAxYDAAAAEd1bm5lcnNhdXJ1c3GiaA5LAGgPigEKaBBoESmBcaN9caQoaBSJaBVoFnViaBdoGFUDNjY2caWFUnGmaBtoGFUEMTkxN3GnhVJxqGgeaBhVAzE2M3GphVJxqmghigIxAWgiaBhVBDEwODhxq4VScax1Yk5K/////4dxrWgCaANoBIZdca4oaAZoB2VoCIdSca99cbAoaAuKAsIAaAxYFgAAAFR1dHN0YSdzIFRhYmxlIFRvcHBlcnNxsWgOSwBoD4oBB2gQaBEpgXGyfXGzKGgUiWgVaBZ1YmgXaBhVAzY2NXG0hVJxtWgbaBhVBDE5MDdxtoVScbdoHmgYVQMxNTFxuIVScbloIYoCVAFoImgYVQQxMDkxcbqFUnG7dWJOSwCHcbxoAmgDaASGXXG9KGgGaAdlaAiHUnG+fXG/KGgLigLCAGgMWA8AAABUb290aWUgRnJ1aXR0aWVxwGgOSwBoD4oBB2gQaBEpgXHBfXHCKGgUiWgVaBZ1YmgXaBhVAzQ4NHHDhVJxxGgbaBhVBDE4ODZxxYVSccZoHmgYVQMxNzlxx4VScchoIYoCPwFoImgYVQQxMjIzccmFUnHKdWJOSwOHcctoAmgDaASGXXHMKGgGaAdlaAiHUnHNfXHOKGgLigEbaAxYBwAAAEVJRUlFSU9xz2gOSwBoD4oBCmgQaBEpgXHQfXHRKGgUiWgVaBZ1YmgXaBhVAzYxNXHShVJx02gbaBhVBDE4ODBx1IVScdVoHmgYVQMxOTBx1oVScddoIYoCvABoImgYVQQxMDc1cdiFUnHZdWJOSv////+HcdpoAmgDaASGXXHbKGgGaAdlaAiHUnHcfXHdKGgLigEVaAxYEwAAAFNjb3V0aW5nIGZvciBHb2FscyBx3mgOSwBoD4oBCmgQaBEpgXHffXHgKGgUiWgVaBZ1YmgXaBhVAzYyOHHhhVJx4mgbaBhVBDE4NzBx44VSceRoHmgYVQMxNjRx5YVSceZoIYoCuwBoImgYVQQxMDc4ceeFUnHodWJOSv////+HceloAmgDaASGXXHqKGgGaAdlaAiHUnHrfXHsKGgLigLCAGgMWBMAAABUdXRzdGEncyBUb3AgVHJ1bXBzce1oDksAaA+KAQdoEGgRKYFx7n1x7yhoFIloFWgWdWJoF2gYVQM2NjJx8IVScfFoG2gYVQQxODYycfKFUnHzaB5oGFUDMTgxcfSFUnH1aCGKAkABaCJoGFUEMTAxOXH2hVJx93ViTkr/////h3H4aAJoA2gEhl1x+ShoBmgHZWgIh1Jx+n1x+yhoC4oBHWgMWBQAAABNYW5hZ2VyIG9mIHRoZSBNb250aHH8aA5LAGgPigEKaBBoESmBcf19cf4oaBSJaBVoFnViaBdoGFUDNDk5cf+FUnIAAQAAaBtoGFUEMTg2MHIBAQAAhVJyAgEAAGgeaBhVAzE5NnIDAQAAhVJyBAEAAGghigLkAGgiaBhVBDExNjVyBQEAAIVScgYBAAB1Yk5LAodyBwEAAGgCaANoBIZdcggBAAAoaAZoB2VoCIdScgkBAAB9cgoBAAAoaAuKAUJoDFgRAAAAUE9MSVNIIElOVkFERVJTIDJyCwEAAGgOSwBoD4oBCmgQaBEpgXIMAQAAfXINAQAAKGgUiWgVaBZ1YmgXaBhVAzY1NnIOAQAAhVJyDwEAAGgbaBhVBDE4NTVyEAEAAIVSchEBAABoHmgYVQMxNjRyEgEAAIVSchMBAABoIYoCogFoImgYVQQxMDM1chQBAACFUnIVAQAAdWJOSv////+HchYBAABoAmgDaASGXXIXAQAAKGgGaAdlaAiHUnIYAQAAfXIZAQAAKGgLigKaAGgMWBEAAABUaGUgVGFscGEgTWFzc2l2ZXIaAQAAaA5LAGgPigEKaBBoESmBchsBAAB9chwBAAAoaBSJaBVoFnViaBdoGFUDNTU2ch0BAACFUnIeAQAAaBtoGFUEMTg0OXIfAQAAhVJyIAEAAGgeaBhVAzE2OHIhAQAAhVJyIgEAAGghigICAWgiaBhVBDExMjVyIwEAAIVSciQBAAB1Yk5K/////4dyJQEAAGgCaANoBIZdciYBAAAoaAZoB2VoCIdScicBAAB9cigBAAAoaAuKApoAaAxYEwAAAE1pc3MgU3dpc3MgTWlza2lja3NyKQEAAGgOSwBoD4oBB2gQaBEpgXIqAQAAfXIrAQAAKGgUiWgVaBZ1YmgXaBhVAzQ4MXIsAQAAhVJyLQEAAGgbaBhVBDE4NDVyLgEAAIVSci8BAABoHmgYVQMxNTdyMAEAAIVScjEBAABoIYoCBAFoImgYVQQxMjA3cjIBAACFUnIzAQAAdWJOSwCHcjQBAABoAmgDaASGXXI1AQAAKGgGaAdlaAiHUnI2AQAAfXI3AQAAKGgLigFqaAxYDwAAAEJlcm9jY2EgSnVuaW9yc3I4AQAAaA5LAGgPigEKaBBoESmBcjkBAAB9cjoBAAAoaBSJaBVoFnViaBdoGFUDNTQ1cjsBAACFUnI8AQAAaBtoGFUEMTgzOXI9AQAAhVJyPgEAAGgeaBhVAzE4MXI/AQAAhVJyQAEAAGghigLZAGgiaBhVBDExMTNyQQEAAIVSckIBAAB1Yk5LAIdyQwEAAGgCaANoBIZdckQBAAAoaAZoB2VoCIdSckUBAAB9ckYBAAAoaAuKAWVoDFgOAAAAQlJVSUNIQ0xBRERJQ0hyRwEAAGgOSwBoD4oBCmgQaBEpgXJIAQAAfXJJAQAAKGgUiWgVaBZ1YmgXaBhVAzU2OXJKAQAAhVJySwEAAGgbaBhVBDE4MjZyTAEAAIVSck0BAABoHmgYVQMxNjhyTgEAAIVSck8BAABoIYoChgFoImgYVQQxMDg5clABAACFUnJRAQAAdWJOSwGHclIBAABoAmgDaASGXXJTAQAAKGgGaAdlaAiHUnJUAQAAfXJVAQAAKGgLigKaAGgMWBEAAABUaGUgTWF1bHd1cmYgQ3Jld3JWAQAAaA5LAGgPigEKaBBoESmBclcBAAB9clgBAAAoaBSJaBVoFnViaBdoGFUDNDgzclkBAACFUnJaAQAAaBtoGFUEMTgyNnJbAQAAhVJyXAEAAGgeaBhVAzE1NnJdAQAAhVJyXgEAAGghigIDAWgiaBhVBDExODdyXwEAAIVScmABAAB1Yk5LAIdyYQEAAGgCaANoBIZdcmIBAAAoaAZoB2VoCIdScmMBAAB9cmQBAAAoaAuKAVVoDFgPAAAAVG9vayAyMCBzZWNvbmRzcmUBAABoDksCaA+KAQFoEGgRKYFyZgEAAH1yZwEAAChoFIloFWgWdWJoF2gYVQM1NDlyaAEAAIVScmkBAABoG2gYVQQxODIycmoBAACFUnJrAQAAaB5oGFUDMjA2cmwBAACFUnJtAQAAaCGKAsABaCJoGFUEMTA2N3JuAQAAhVJybwEAAHViTksAh3JwAQAAaAJoA2gEhl1ycQEAAChoBmgHZWgIh1JycgEAAH1ycwEAAChoC4oCwgBoDFgXAAAAVHV0c3RhJ3MgVHJlbWVuZG91cyBUZW5ydAEAAGgOSwBoD4oBB2gQaBEpgXJ1AQAAfXJ2AQAAKGgUiWgVaBZ1YmgXaBhVAzQ1OHJ3AQAAhVJyeAEAAGgbaBhVBDE4MTFyeQEAAIVScnoBAABoHmgYVQMxNjhyewEAAIVScnwBAABoIYoCQgFoImgYVQQxMTg1cn0BAACFUnJ+AQAAdWJOSwCHcn8BAABoAmgDaASGXXKAAQAAKGgGaAdlaAiHUnKBAQAAfXKCAQAAKGgLigEpaAxYDAAAACN3dXV1YmJsdXV1dXKDAQAAaA5LAGgPigEKaBBoESmBcoQBAAB9coUBAAAoaBSJaBVoFnViaBdoGFUDNTYwcoYBAACFUnKHAQAAaBtoGFUEMTgwN3KIAQAAhVJyiQEAAGgeaBhVAzEzMXKKAQAAhVJyiwEAAGghigJ2AWgiaBhVBDExMTZyjAEAAIVSco0BAAB1Yk5LAodyjgEAAGgCaANoBIZdco8BAAAoaAZoB2VoCIdScpABAAB9cpEBAAAoaAuKAVdoDFgPAAAAU2Vjb25kIHRob3VnaHRzcpIBAABoDksAaA+KAQpoEGgRKYFykwEAAH1ylAEAAChoFIloFWgWdWJoF2gYVQM2MDZylQEAAIVScpYBAABoG2gYVQQxODA2cpcBAACFUnKYAQAAaB5oGFUDMTY4cpkBAACFUnKaAQAAaCGKArEBaCJoGFUEMTAzMnKbAQAAhVJynAEAAHViTksBh3KdAQAAaAJoA2gEhl1yngEAAChoBmgHZWgIh1JynwEAAH1yoAEAAChoC4oBRWgMWBYAAABAbWViZWNvbGluICNsYXN0bWludXRlcqEBAABoDksCaA+KAQpoEGgRKYFyogEAAH1yowEAAChoFIloFWgWdWJoF2gYVQM1ODVypAEAAIVScqUBAABoG2gYVQQxODA1cqYBAACFUnKnAQAAaB5oGFUDMTUxcqgBAACFUnKpAQAAaCGKAswBaCJoGFUEMTA2OXKqAQAAhVJyqwEAAHViTkr+////h3KsAQAAaAJoA2gEhl1yrQEAAChoBmgHZWgIh1JyrgEAAH1yrwEAAChoC4oBKGgMWBcAAABmcmVzaCBvdXQgb2YgbGVmdCBmaWVsZHKwAQAAaA5LAGgPigEBaBBoESmBcrEBAAB9crIBAAAoaBSJaBVoFnViaBdoGFUDNjA2crMBAACFUnK0AQAAaBtoGFUEMTgwM3K1AQAAhVJytgEAAGgeaBhVAzE1MXK3AQAAhVJyuAEAAGghigK6AWgiaBhVBDEwNDZyuQEAAIVScroBAAB1Yk5LAYdyuwEAAGgCaANoBIZdcrwBAAAoaAZoB2VoCIdScr0BAAB9cr4BAAAoaAuKAS9oDFgRAAAARm9ybSBpcyBUZW1wb3JhcnlyvwEAAGgOSwJoD4oBCmgQaBEpgXLAAQAAfXLBAQAAKGgUiWgVaBZ1YmgXaBhVAzY0NXLCAQAAhVJywwEAAGgbaBhVBDE4MDJyxAEAAIVScsUBAABoHmgYVQMxNTRyxgEAAIVScscBAABoIYoCCQFoImgYVQQxMDAzcsgBAACFUnLJAQAAdWJOSv3///+HcsoBAABoAmgDaASGXXLLAQAAKGgGaAdlaAiHUnLMAQAAfXLNAQAAKGgLigEVaAxYEgAAAEdvYWxzIEdvYWxzIEdvYWxzIHLOAQAAaA5LAGgPigEHaBBoESmBcs8BAAB9ctABAAAoaBSJaBVoFnViaBdoGFUDNDc0ctEBAACFUnLSAQAAaBtoGFUEMTgwMHLTAQAAhVJy1AEAAGgeaBhVAzE2NHLVAQAAhVJy1gEAAGghigLRAGgiaBhVBDExNjJy1wEAAIVSctgBAAB1Yk5LAIdy2QEAAGgCaANoBIZdctoBAAAoaAZoB2VoCIdSctsBAAB9ctwBAAAoaAuKASdoDFgPAAAAVGluZ2xlcyBUZXJyb3Jzct0BAABoDksAaA+KAQpoEGgRKYFy3gEAAH1y3wEAAChoFIloFWgWdWJoF2gYVQM0NDFy4AEAAIVScuEBAABoG2gYVQQxNzk0cuIBAACFUnLjAQAAaB5oGFUDMTc3cuQBAACFUnLlAQAAaCGKArkBaCJoGFUEMTE3NnLmAQAAhVJy5wEAAHViTksCh3LoAQAAaAJoA2gEhl1y6QEAAChoBmgHZWgIh1Jy6gEAAH1y6wEAAChoC4oBE2gMWAsAAABJbnRlciBSb3cgWnLsAQAAaA5LAGgPigEKaBBoESmBcu0BAAB9cu4BAAAoaBSJaBVoFnViaBdoGFUDNTk0cu8BAACFUnLwAQAAaBtoGFUEMTc5M3LxAQAAhVJy8gEAAGgeaBhVAzE4MnLzAQAAhVJy9AEAAGghigIyAWgiaBhVBDEwMTdy9QEAAIVScvYBAAB1Yk5LAody9wEAAGgCaANoBIZdcvgBAAAoaAZoB2VoCIdScvkBAAB9cvoBAAAoaAuKAS9oDFgNAAAASGFyZGx5IExpa2VseXL7AQAAaA5LAmgPigEBaBBoESmBcvwBAAB9cv0BAAAoaBSJaBVoFnViaBdoGFUDNTAwcv4BAACFUnL/AQAAaBtoGFUEMTc5MnIAAgAAhVJyAQIAAGgeaBhVAzIxMXICAgAAhVJyAwIAAGghigITAWgiaBhVBDEwODFyBAIAAIVScgUCAAB1Yk5K/////4dyBgIAAGgCaANoBIZdcgcCAAAoaAZoB2VoCIdScggCAAB9cgkCAAAoaAuKApwAaAxYCQAAAE1hdmVyaWNrc3IKAgAAaA5LAGgPigEHaBBoESmBcgsCAAB9cgwCAAAoaBSJaBVoFnViaBdoGFUDNjI4cg0CAACFUnIOAgAAaBtoGFUEMTc5MHIPAgAAhVJyEAIAAGgeaBhVAzE3MnIRAgAAhVJyEgIAAGghigIPAWgiaBhVAzk5MHITAgAAhVJyFAIAAHViTkr9////h3IVAgAAaAJoA2gEhl1yFgIAAChoBmgHZWgIh1JyFwIAAH1yGAIAAChoC4oCkQBoDFgQAAAATm9yZm9sayBpbkNoYW5jZXIZAgAAaA5LAGgPigERaBBoESmBchoCAAB9chsCAAAoaBSJaBVoFnViaBdoGFUDNTAychwCAACFUnIdAgAAaBtoGFUEMTc5MHIeAgAAhVJyHwIAAGgeaBhVAzE3OXIgAgAAhVJyIQIAAGghigL7AGgiaBhVBDExMDlyIgIAAIVSciMCAAB1Yk5LBIdyJAIAAGgCaANoBIZdciUCAAAoaAZoB2VoCIdSciYCAAB9cicCAAAoaAuKARtoDFgRAAAAU21hbGx0b3duIEVuZ2xhbmRyKAIAAGgOSwBoD4oBCmgQaBEpgXIpAgAAfXIqAgAAKGgUiWgVaBZ1YmgXaBhVAzU4MXIrAgAAhVJyLAIAAGgbaBhVBDE3ODdyLQIAAIVSci4CAABoHmgYVQMxNzJyLwIAAIVScjACAABoIYoCvgBoImgYVQQxMDM0cjECAACFUnIyAgAAdWJOSv////+HcjMCAABoAmgDaASGXXI0AgAAKGgGaAdlaAiHUnI1AgAAfXI2AgAAKGgLigKxAGgMWBMAAABNaWxsZXIgQnJpY2t3b3JrIDA0cjcCAABoDksAaA+KARFoEGgRKYFyOAIAAH1yOQIAAChoFIloFWgWdWJoF2gYVQM0OTByOgIAAIVScjsCAABoG2gYVQQxNzg2cjwCAACFUnI9AgAAaB5oGFUDMTUycj4CAACFUnI/AgAAaCGKAoIBaCJoGFUEMTE0NHJAAgAAhVJyQQIAAHViTksAh3JCAgAAaAJoA2gEhl1yQwIAAChoBmgHZWgIh1JyRAIAAH1yRQIAAChoC4oBIWgMWA8AAABCb29mbGUgQXRobGV0aWNyRgIAAGgOSwBoD4oBCmgQaBEpgXJHAgAAfXJIAgAAKGgUiWgVaBZ1YmgXaBhVAzU5M3JJAgAAhVJySgIAAGgbaBhVBDE3NzlySwIAAIVSckwCAABoHmgYVQMxNzlyTQIAAIVSck4CAABoIYoCVgFoImgYVQQxMDA3ck8CAACFUnJQAgAAdWJOSwWHclECAABoAmgDaASGXXJSAgAAKGgGaAdlaAiHUnJTAgAAfXJUAgAAKGgLigKqAGgMWBAAAABnaG9zdHMgb2YgdmVuaWNlclUCAABoDksAaA+KAQdoEGgRKYFyVgIAAH1yVwIAAChoFIloFWgWdWJoF2gYVQM2MjhyWAIAAIVSclkCAABoG2gYVQQxNzc2cloCAACFUnJbAgAAaB5oGFUDMTcxclwCAACFUnJdAgAAaCGKAhYBaCJoGFUDOTc3cl4CAACFUnJfAgAAdWJOSv////+HcmACAABoAmgDaASGXXJhAgAAKGgGaAdlaAiHUnJiAgAAfXJjAgAAKGgLigFXaAxYEwAAAFJlZ2FpbmluZyB0aGUgdGl0bGVyZAIAAGgOSwBoD4oBCmgQaBEpgXJlAgAAfXJmAgAAKGgUiWgVaBZ1YmgXaBhVAzU3MnJnAgAAhVJyaAIAAGgbaBhVBDE3NzZyaQIAAIVScmoCAABoHmgYVQMxODRyawIAAIVScmwCAABoIYoCsAFoImgYVQQxMDIwcm0CAACFUnJuAgAAdWJOSv3///+Hcm8CAABoAmgDaASGXXJwAgAAKGgGaAdlaAiHUnJxAgAAfXJyAgAAKGgLigKfAGgMWAsAAABIb29wIFVuaXRlZHJzAgAAaA5LAGgPigEHaBBoESmBcnQCAAB9cnUCAAAoaBSJaBVoFnViaBdoGFUDNTE2cnYCAACFUnJ3AgAAaBtoGFUEMTc3NHJ4AgAAhVJyeQIAAGgeaBhVAzE2NHJ6AgAAhVJyewIAAGghigIMAWgiaBhVBDEwOTRyfAIAAIVScn0CAAB1Yk5K/////4dyfgIAAGgCaANoBIZdcn8CAAAoaAZoB2VoCIdScoACAAB9coECAAAoaAuKATFoDFgKAAAATUFTVEVSUExBTnKCAgAAaA5LAGgPigEBaBBoESmBcoMCAAB9coQCAAAoaBSJaBVoFnViaBdoGFUDNjEycoUCAACFUnKGAgAAaBtoGFUEMTc3MHKHAgAAhVJyiAIAAGgeaBhVAzE1M3KJAgAAhVJyigIAAGghigJHAWgiaBhVBDEwMDVyiwIAAIVScowCAAB1Yk5K/////4dyjQIAAGgCaANoBIZdco4CAAAoaAZoB2VoCIdSco8CAAB9cpACAAAoaAuKAXNoDFgBAAAAQWgOSwBoD4oBAWgQaBEpgXKRAgAAfXKSAgAAKGgUiWgVaBZ1YmgXaBhVAzYwNnKTAgAAhVJylAIAAGgbaBhVBDE3NjdylQIAAIVScpYCAABoHmgYVQMxNjhylwIAAIVScpgCAABoIYoCqgFoImgYVQM5OTNymQIAAIVScpoCAAB1Yk5K/////4dymwIAAGgCaANoBIZdcpwCAAAoaAZoB2VoCIdScp0CAAB9cp4CAAAoaAuKARFoDFgOAAAARm9vdGJhbGwgS2luZ3pynwIAAGgOSwBoD4oBAWgQaBEpgXKgAgAAfXKhAgAAKGgUiWgVaBZ1YmgXaBhVAzUwMnKiAgAAhVJyowIAAGgbaBhVBDE3NjZypAIAAIVScqUCAABoHmgYVQMxODBypgIAAIVScqcCAABoIYoCFwFoImgYVQQxMDg0cqgCAACFUnKpAgAAdWJOSwGHcqoCAABoAmgDaASGXXKrAgAAKGgGaAdlaAiHUnKsAgAAfXKtAgAAKGgLigKuAGgMWAkAAABGSUZBIFRvdHNyrgIAAGgOSwBoD4oBCmgQaBEpgXKvAgAAfXKwAgAAKGgUiWgVaBZ1YmgXaBhVAzQ5N3KxAgAAhVJysgIAAGgbaBhVBDE3NjJyswIAAIVScrQCAABoHmgYVQMxNzlytQIAAIVScrYCAABoIYoCZgFoImgYVQQxMDg2crcCAACFUnK4AgAAdWJOSwOHcrkCAABoAmgDaASGXXK6AgAAKGgGaAdlaAiHUnK7AgAAfXK8AgAAKGgLigKgAGgMWAkAAABOZXcgRWFnbGVyvQIAAGgOSwBoD4oBB2gQaBEpgXK+AgAAfXK/AgAAKGgUiWgVaBZ1YmgXaBhVAzUxMXLAAgAAhVJywQIAAGgbaBhVBDE3NThywgIAAIVScsMCAABoHmgYVQMxNjNyxAIAAIVScsUCAABoIYoCHAFoImgYVQQxMDg0csYCAACFUnLHAgAAdWJOSv3///+HcsgCAABoAmgDaASGXXLJAgAAKGgGaAdlaAiHUnLKAgAAfXLLAgAAKGgLigKpAGgMWAgAAABOdW1iZXIgMXLMAgAAaA5LAGgPigEKaBBoESmBcs0CAAB9cs4CAAAoaBSJaBVoFnViaBdoGFUDNTE2cs8CAACFUnLQAgAAaBtoGFUEMTc1NHLRAgAAhVJy0gIAAGgeaBhVAzE2OHLTAgAAhVJy1AIAAGghigLIAWgiaBhVBDEwNzBy1QIAAIVSctYCAAB1Yk5K/////4dy1wIAAGgCaANoBIZdctgCAAAoaAZoB2VoCIdSctkCAAB9ctoCAAAoaAuKApAAaAxYFAAAAEh1bmdyeSBMaWtlIFRoZSBXb2xmctsCAABoDksAaA+KAQpoEGgRKYFy3AIAAH1y3QIAAChoFIloFWgWdWJoF2gYVQM0NzNy3gIAAIVSct8CAABoG2gYVQQxNzQ5cuACAACFUnLhAgAAaB5oGFUDMTgwcuICAACFUnLjAgAAaCGKAgcBaCJoGFUEMTA5NnLkAgAAhVJy5QIAAHViTkr/////h3LmAgAAaAJoA2gEhl1y5wIAAChoBmgHZWgIh1Jy6AIAAH1y6QIAAChoC4oC0ABoDFgKAAAAU25ha29iIFV0ZHLqAgAAaA5LAGgPigERaBBoESmBcusCAAB9cuwCAAAoaBSJaBVoFnViaBdoGFUDNTE5cu0CAACFUnLuAgAAaBtoGFUEMTc0MHLvAgAAhVJy8AIAAGgeaBhVAzE0M3LxAgAAhVJy8gIAAGghigJuAWgiaBhVBDEwNzhy8wIAAIVScvQCAAB1Yk5LAody9QIAAGgCaANoBIZdcvYCAAAoaAZoB2VoCIdScvcCAAB9cvgCAAAoaAuKAT9oDFgSAAAASGFycnkgJiBTbml0Y2ggIFhJcvkCAABoDksAaA+KAQpoEGgRKYFy+gIAAH1y+wIAAChoFIloFWgWdWJoF2gYVQM1NDBy/AIAAIVScv0CAABoG2gYVQQxNzM4cv4CAACFUnL/AgAAaB5oGFUDMTc5cgADAACFUnIBAwAAaCGKAjkBaCJoGFUEMTAxOXICAwAAhVJyAwMAAHViTksHh3IEAwAAaAJoA2gEhl1yBQMAAChoBmgHZWgIh1JyBgMAAH1yBwMAAChoC4oCswBoDFgQAAAAV29yayBJbiBQcm9ncmVzc3IIAwAAaA5LAGgPigEKaBBoESmBcgkDAAB9cgoDAAAoaBSJaBVoFnViaBdoGFUDNDU5cgsDAACFUnIMAwAAaBtoGFUEMTczN3INAwAAhVJyDgMAAGgeaBhVAzE1OXIPAwAAhVJyEAMAAGghigIpAWgiaBhVBDExMTlyEQMAAIVSchIDAAB1Yk5K/////4dyEwMAAGgCaANoBIZdchQDAAAoaAZoB2VoCIdSchUDAAB9chYDAAAoaAuKArEAaAxYEwAAAE1pbGxlciBCcmlja3dvcmsgMDJyFwMAAGgOSwBoD4oBCmgQaBEpgXIYAwAAfXIZAwAAKGgUiWgVaBZ1YmgXaBhVAzY3MHIaAwAAhVJyGwMAAGgbaBhVBDE3MzVyHAMAAIVSch0DAABoHmgYVQMxOTlyHgMAAIVSch8DAABoIYoCfAFoImgYVQM4NjZyIAMAAIVSciEDAAB1Yk5K/////4dyIgMAAGgCaANoBIZdciMDAAAoaAZoB2VoCIdSciQDAAB9ciUDAAAoaAuKAShoDFgRAAAAYW5kIHRoZSB0aGlyZCBvbmVyJgMAAGgOSwBoD4oBEWgQaBEpgXInAwAAfXIoAwAAKGgUiWgVaBZ1YmgXaBhVAzUyMnIpAwAAhVJyKgMAAGgbaBhVBDE3MzJyKwMAAIVSciwDAABoHmgYVQMxNTJyLQMAAIVSci4DAABoIYoCvgFoImgYVQQxMDU4ci8DAACFUnIwAwAAdWJOSwCHcjEDAABoAmgDaASGXXIyAwAAKGgGaAdlaAiHUnIzAwAAfXI0AwAAKGgLigF5aAxYFAAAAFRpbmdleWFsIDAxIC0gU3ByaW50cjUDAABoDksCaA+KAQpoEGgRKYFyNgMAAH1yNwMAAChoFIloFWgWdWJoF2gYVQMzODlyOAMAAIVScjkDAABoG2gYVQQxNzMycjoDAACFUnI7AwAAaB5oGFUDMTk3cjwDAACFUnI9AwAAaCGKAnUBaCJoGFUEMTE0NnI+AwAAhVJyPwMAAHViTkr8////h3JAAwAAaAJoA2gEhl1yQQMAAChoBmgHZWgIh1JyQgMAAH1yQwMAAChoC4oBKGgMWCIAAABDaHJpcyBLaW5uZWFyJ3MgQmxhY2sgJiBXaGl0ZSBBcm15ckQDAABoDksAaA+KAQpoEGgRKYFyRQMAAH1yRgMAAChoFIloFWgWdWJoF2gYVQM1MjJyRwMAAIVSckgDAABoG2gYVQQxNzMxckkDAACFUnJKAwAAaB5oGFUDMTUxcksDAACFUnJMAwAAaCGKAmQBaCJoGFUEMTA1OHJNAwAAhVJyTgMAAHViTkr/////h3JPAwAAaAJoA2gEhl1yUAMAAChoBmgHZWgIh1JyUQMAAH1yUgMAAChoC4oCqQBoDFgIAAAATnVtYmVyIDJyUwMAAGgOSwBoD4oBCmgQaBEpgXJUAwAAfXJVAwAAKGgUiWgVaBZ1YmgXaBhVAzYxMHJWAwAAhVJyVwMAAGgbaBhVBDE3MjlyWAMAAIVSclkDAABoHmgYVQMxODFyWgMAAIVSclsDAABoIYoCywFoImgYVQM5MzhyXAMAAIVScl0DAAB1Yk5LBIdyXgMAAGgCaANoBIZdcl8DAAAoaAZoB2VoCIdScmADAAB9cmEDAAAoaAuKAqMAaAxYBgAAAHl3dXJyeXJiAwAAaA5LAGgPigEBaBBoESmBcmMDAAB9cmQDAAAoaBSJaBVoFnViaBdoGFUDMzY5cmUDAACFUnJmAwAAaBtoGFUEMTcyN3JnAwAAhVJyaAMAAGgeaBhVAzIwNnJpAwAAhVJyagMAAGghigIOAWgiaBhVBDExNTJyawMAAIVScmwDAAB1Yk5K/v///4dybQMAAGgCaANoBIZdcm4DAAAoaAZoB2VoCIdScm8DAAB9cnADAAAoaAuKAqgAaAxYCgAAAE9oIE15IE11bGxycQMAAGgOSwBoD4oBB2gQaBEpgXJyAwAAfXJzAwAAKGgUiWgVaBZ1YmgXaBhVAzU5NHJ0AwAAhVJydQMAAGgbaBhVBDE3MjRydgMAAIVScncDAABoHmgYVQMxNTFyeAMAAIVScnkDAABoIYoCtgFoImgYVQM5NzlyegMAAIVScnsDAAB1Yk5K/v///4dyfAMAAGgCaANoBIZdcn0DAAAoaAZoB2VoCIdScn4DAAB9cn8DAAAoaAuKASFoDFgUAAAAVGhyb3duIHRvIHRoZSBXb2x2ZXNygAMAAGgOSwBoD4oBAWgQaBEpgXKBAwAAfXKCAwAAKGgUiWgVaBZ1YmgXaBhVAzQzMHKDAwAAhVJyhAMAAGgbaBhVBDE3MjRyhQMAAIVScoYDAABoHmgYVQMxNjhyhwMAAIVScogDAABoIYoCVwFoImgYVQQxMTI2cokDAACFUnKKAwAAdWJOSv////+HcosDAABoAmgDaASGXXKMAwAAKGgGaAdlaAiHUnKNAwAAfXKOAwAAKGgLigF9aAxYBgAAAE1yIE1hbnKPAwAAaA5LAGgPigEKaBBoESmBcpADAAB9cpEDAAAoaBSJaBVoFnViaBdoGFUDMzk3cpIDAACFUnKTAwAAaBtoGFUEMTcyMnKUAwAAhVJylQMAAGgeaBhVAzE5N3KWAwAAhVJylwMAAGghigLUAGgiaBhVBDExMjhymAMAAIVScpkDAAB1Yk5K/////4dymgMAAGgCaANoBIZdcpsDAAAoaAZoB2VoCIdScpwDAAB9cp0DAAAoaAuKAQloDFgQAAAAUmFjY29vbiBVbml2ZXJzZXKeAwAAaA5LAGgPigEBaBBoESmBcp8DAAB9cqADAAAoaBSJaBVoFnViaBdoGFUDNDgzcqEDAACFUnKiAwAAaBtoGFUEMTcxNnKjAwAAhVJypAMAAGgeaBhVAzE4OHKlAwAAhVJypgMAAGghigLCAGgiaBhVBDEwNDVypwMAAIVScqgDAAB1Yk5LAIdyqQMAAGgCaANoBIZdcqoDAAAoaAZoB2VoCIdScqsDAAB9cqwDAAAoaAuKAsEAaAxYDAAAAE1hYyBEd2FkZGllc3KtAwAAaA5LAGgPigEBaBBoESmBcq4DAAB9cq8DAAAoaBSJaBVoFnViaBdoGFUDNjU1crADAACFUnKxAwAAaBtoGFUEMTcwOXKyAwAAhVJyswMAAGgeaBhVAzE1MXK0AwAAhVJytQMAAGghigI6AWgiaBhVAzkwM3K2AwAAhVJytwMAAHViTksBh3K4AwAAaAJoA2gEhl1yuQMAAChoBmgHZWgIh1JyugMAAH1yuwMAAChoC4oBc2gMWAEAAABDaA5LAGgPigEBaBBoESmBcrwDAAB9cr0DAAAoaBSJaBVoFnViaBdoGFUDNTIycr4DAACFUnK/AwAAaBtoGFUEMTcwNnLAAwAAhVJywQMAAGgeaBhVAzE3OXLCAwAAhVJywwMAAGghigKsAWgiaBhVBDEwMDVyxAMAAIVScsUDAAB1Yk5LBYdyxgMAAGgCaANoBIZdcscDAAAoaAZoB2VoCIdScsgDAAB9cskDAAAoaAuKArEAaAxYEwAAAE1pbGxlciBCcmlja3dvcmsgMDVyygMAAGgOSwBoD4oBB2gQaBEpgXLLAwAAfXLMAwAAKGgUiWgVaBZ1YmgXaBhVAzQ2N3LNAwAAhVJyzgMAAGgbaBhVBDE3MDRyzwMAAIVSctADAABoHmgYVQMxNTVy0QMAAIVSctIDAABoIYoChQFoImgYVQQxMDgyctMDAACFUnLUAwAAdWJOSv3///+HctUDAABoAmgDaASGXXLWAwAAKGgGaAdlaAiHUnLXAwAAfXLYAwAAKGgLigLJAGgMWAIAAABEWnLZAwAAaA5LAGgPigEHaBBoESmBctoDAAB9ctsDAAAoaBSJaBVoFnViaBdoGFUDNTI4ctwDAACFUnLdAwAAaBtoGFUEMTcwMnLeAwAAhVJy3wMAAGgeaBhVAzE1MXLgAwAAhVJy4QMAAGghigJNAWgiaBhVBDEwMjNy4gMAAIVScuMDAAB1Yk5K/////4dy5AMAAGgCaANoBIZdcuUDAAAoaAZoB2VoCIdScuYDAAB9cucDAAAoaAuKAV5oDFgQAAAATXVsdGlwb25kIFVuaXRlZHLoAwAAaA5LAGgPigEBaBBoESmBcukDAAB9cuoDAAAoaBSJaBVoFnViaBdoGFUDNDY4cusDAACFUnLsAwAAaBtoGFUEMTY5NXLtAwAAhVJy7gMAAGgeaBhVAzE4MHLvAwAAhVJy8AMAAGghigIqAWgiaBhVBDEwNDdy8QMAAIVScvIDAAB1Yk5K/////4dy8wMAAGgCaANoBIZdcvQDAAAoaAZoB2VoCIdScvUDAAB9cvYDAAAoaAuKAStoDFgMAAAAQHRlYWNsdWJicmV3cvcDAABoDksAaA+KAQpoEGgRKYFy+AMAAH1y+QMAAChoFIloFWgWdWJoF2gYVQM0NDNy+gMAAIVScvsDAABoG2gYVQQxNjk0cvwDAACFUnL9AwAAaB5oGFUDMTY1cv4DAACFUnL/AwAAaCGKAnoBaCJoGFUEMTA4NnIABAAAhVJyAQQAAHViTksDh3ICBAAAaAJoA2gEhl1yAwQAAChoBmgHZWgIh1JyBAQAAH1yBQQAAChoC4oBeGgMWBUAAABQNEMgLSBBaXIgQW1idWxhbmNlIDJyBgQAAGgOSwBoD4oBCmgQaBEpgXIHBAAAfXIIBAAAKGgUiWgVaBZ1YmgXaBhVAzUxOHIJBAAAhVJyCgQAAGgbaBhVBDE2OTNyCwQAAIVScgwEAABoHmgYVQMxNjVyDQQAAIVScg4EAABoIYoC7wBoImgYVQQxMDEwcg8EAACFUnIQBAAAdWJOSv7///+HchEEAABoAmgDaASGXXISBAAAKGgGaAdlaAiHUnITBAAAfXIUBAAAKGgLigLQAGgMWAkAAABTbmFrZXMgMDRyFQQAAGgOSwBoD4oBAWgQaBEpgXIWBAAAfXIXBAAAKGgUiWgVaBZ1YmgXaBhVAzUxOHIYBAAAhVJyGQQAAGgbaBhVBDE2OTNyGgQAAIVSchsEAABoHmgYVQMxNjhyHAQAAIVSch0EAABoIYoCcAFoImgYVQQxMDA3ch4EAACFUnIfBAAAdWJOSwOHciAEAABoAmgDaASGXXIhBAAAKGgGaAdlaAiHUnIiBAAAfXIjBAAAKGgLigLYAGgMWA0AAABXZWxzaCBXb21iYXRzciQEAABoDksAaA+KAQdoEGgRKYFyJQQAAH1yJgQAAChoFIloFWgWdWJoF2gYVQM0OTZyJwQAAIVScigEAABoG2gYVQQxNjkzcikEAACFUnIqBAAAaB5oGFUDMTc5cisEAACFUnIsBAAAaCGKAqgBaCJoGFUEMTAxOHItBAAAhVJyLgQAAHViTksGh3IvBAAAaAJoA2gEhl1yMAQAAChoBmgHZWgIh1JyMQQAAH1yMgQAAChoC4oBL2gMWBUAAABUaGV5IFdvbid0IExldCBNZSBXaW5yMwQAAGgOSwJoD4oBB2gQaBEpgXI0BAAAfXI1BAAAKGgUiWgVaBZ1YmgXaBhVAzQ3M3I2BAAAhVJyNwQAAGgbaBhVBDE2OTJyOAQAAIVScjkEAABoHmgYVQMxNzJyOgQAAIVScjsEAABoIYoCCgFoImgYVQQxMDQ3cjwEAACFUnI9BAAAdWJOSvz///+Hcj4EAABoAmgDaASGXXI/BAAAKGgGaAdlaAiHUnJABAAAfXJBBAAAKGgLigK8AGgMWA0AAABCb2JzIEJhZCBCb3lzckIEAABoDksAaA+KAQpoEGgRKYFyQwQAAH1yRAQAAChoFIloFWgWdWJoF2gYVQM0MDJyRQQAAIVSckYEAABoG2gYVQQxNjkxckcEAACFUnJIBAAAaB5oGFUDMTcyckkEAACFUnJKBAAAaCGKAjMBaCJoGFUEMTExN3JLBAAAhVJyTAQAAHViTkr8////h3JNBAAAaAJoA2gEhl1yTgQAAChoBmgHZWgIh1JyTwQAAH1yUAQAAChoC4oClwBoDFgGAAAAUGFycnkyclEEAABoDksAaA+KAQpoEGgRKYFyUgQAAH1yUwQAAChoFIloFWgWdWJoF2gYVQM1NDZyVAQAAIVSclUEAABoG2gYVQQxNjg2clYEAACFUnJXBAAAaB5oGFUDMTY4clgEAACFUnJZBAAAaCGKAgEBaCJoGFUDOTcycloEAACFUnJbBAAAdWJOSwGHclwEAABoAmgDaASGXXJdBAAAKGgGaAdlaAiHUnJeBAAAfXJfBAAAKGgLigFXaAxYEAAAAFRoaXJkIHRpbWUgbHVja3lyYAQAAGgOSwBoD4oBCmgQaBEpgXJhBAAAfXJiBAAAKGgUiWgVaBZ1YmgXaBhVAzQ0OXJjBAAAhVJyZAQAAGgbaBhVBDE2ODRyZQQAAIVScmYEAABoHmgYVQMxNjhyZwQAAIVScmgEAABoIYoCtQFoImgYVQQxMDY3cmkEAACFUnJqBAAAdWJOSv////+HcmsEAABoAmgDaASGXXJsBAAAKGgGaAdlaAiHUnJtBAAAfXJuBAAAKGgLigKWAGgMWA4AAABQYXRjaGVzIFVuaXRlZHJvBAAAaA5LAGgPigEHaBBoESmBcnAEAAB9cnEEAAAoaBSJaBVoFnViaBdoGFUDNDI2cnIEAACFUnJzBAAAaBtoGFUEMTY4MHJ0BAAAhVJydQQAAGgeaBhVAzE2OHJ2BAAAhVJydwQAAGghigIbAWgiaBhVBDEwODZyeAQAAIVScnkEAAB1Yk5K/f///4dyegQAAGgCaANoBIZdcnsEAAAoaAZoB2VoCIdScnwEAAB9cn0EAAAoaAuKAR9oDFgLAAAASXZvcnkgVG9hc3RyfgQAAGgOSwBoD4oBAWgQaBEpgXJ/BAAAfXKABAAAKGgUiWgVaBZ1YmgXaBhVAzYxOXKBBAAAhVJyggQAAGgbaBhVBDE2NzlygwQAAIVScoQEAABoHmgYVQMxNjhyhQQAAIVScoYEAABoIYoCSgFoImgYVQM4OTJyhwQAAIVScogEAAB1Yk5LAIdyiQQAAGgCaANoBIZdcooEAAAoaAZoB2VoCIdScosEAAB9cowEAAAoaAuKAtEAaAxYBAAAAEpBQzNyjQQAAGgOSwBoD4oBCmgQaBEpgXKOBAAAfXKPBAAAKGgUiWgVaBZ1YmgXaBhVAzU5NXKQBAAAhVJykQQAAGgbaBhVBDE2NzdykgQAAIVScpMEAABoHmgYVQMxNzJylAQAAIVScpUEAABoIYoCjQFoImgYVQM5MTBylgQAAIVScpcEAAB1Yk5LAIdymAQAAGgCaANoBIZdcpkEAAAoaAZoB2VoCIdScpoEAAB9cpsEAAAoaAuKAooAaAxYBgAAAEppbUphbXKcBAAAaA5LAGgPigEHaBBoESmBcp0EAAB9cp4EAAAoaBSJaBVoFnViaBdoGFUDNjA4cp8EAACFUnKgBAAAaBtoGFUEMTY2OHKhBAAAhVJyogQAAGgeaBhVAzE0OHKjBAAAhVJypAQAAGghigL3AGgiaBhVAzkxMnKlBAAAhVJypgQAAHViTksAh3KnBAAAaAJoA2gEhl1yqAQAAChoBmgHZWgIh1JyqQQAAH1yqgQAAChoC4oClQBoDFgLAAAARkNBbmZpZWxkMjhyqwQAAGgOSwBoD4oBB2gQaBEpgXKsBAAAfXKtBAAAKGgUiWgVaBZ1YmgXaBhVAzQzM3KuBAAAhVJyrwQAAGgbaBhVBDE2NjdysAQAAIVScrEEAABoHmgYVQMxMzZysgQAAIVScrMEAABoIYoC/gBoImgYVQQxMDk4crQEAACFUnK1BAAAdWJOSwSHcrYEAABoAmgDaASGXXK3BAAAKGgGaAdlaAiHUnK4BAAAfXK5BAAAKGgLigFzaAxYAQAAAEJoDksAaA+KAQFoEGgRKYFyugQAAH1yuwQAAChoFIloFWgWdWJoF2gYVQM1MzlyvAQAAIVScr0EAABoG2gYVQQxNjY2cr4EAACFUnK/BAAAaB5oGFUDMTUxcsAEAACFUnLBBAAAaCGKAqsBaCJoGFUDOTc2csIEAACFUnLDBAAAdWJOSwKHcsQEAABoAmgDaASGXXLFBAAAKGgGaAdlaAiHUnLGBAAAfXLHBAAAKGgLigKtAGgMWAkAAABGQVJMTklURURyyAQAAGgOSwBoD4oBCmgQaBEpgXLJBAAAfXLKBAAAKGgUiWgVaBZ1YmgXaBhVAzQwNnLLBAAAhVJyzAQAAGgbaBhVBDE2NjVyzQQAAIVScs4EAABoHmgYVQMxNjhyzwQAAIVSctAEAABoIYoCJgFoImgYVQQxMDkxctEEAACFUnLSBAAAdWJOSwCHctMEAABoAmgDaASGXXLUBAAAKGgGaAdlaAiHUnLVBAAAfXLWBAAAKGgLigKoAGgMWBUAAABXZWVrT25UaGVTdHJlZXQuY28udWty1wQAAGgOSwBoD4oBB2gQaBEpgXLYBAAAfXLZBAAAKGgUiWgVaBZ1YmgXaBhVAzUyOHLaBAAAhVJy2wQAAGgbaBhVBDE2NjVy3AQAAIVSct0EAABoHmgYVQMxNTFy3gQAAIVSct8EAABoIYoCswFoImgYVQM5ODZy4AQAAIVScuEEAAB1Yk5K/////4dy4gQAAGgCaANoBIZdcuMEAAAoaAZoB2VoCIdScuQEAAB9cuUEAAAoaAuKAXhoDFgVAAAAUDRDIC0gQWlyIEFtYnVsYW5jZSAxcuYEAABoDksAaA+KAQpoEGgRKYFy5wQAAH1y6AQAAChoFIloFWgWdWJoF2gYVQM1Mjhy6QQAAIVScuoEAABoG2gYVQQxNjYycusEAACFUnLsBAAAaB5oGFUDMTUzcu0EAACFUnLuBAAAaCGKAusAaCJoGFUDOTgxcu8EAACFUnLwBAAAdWJOSwCHcvEEAABoAmgDaASGXXLyBAAAKGgGaAdlaAiHUnLzBAAAfXL0BAAAKGgLigFVaAxYBAAAAFdpU2ly9QQAAGgOSwJoD4oBAWgQaBEpgXL2BAAAfXL3BAAAKGgUiWgVaBZ1YmgXaBhVAzQ4MnL4BAAAhVJy+QQAAGgbaBhVBDE2NjFy+gQAAIVScvsEAABoHmgYVQMxNTly/AQAAIVScv0EAABoIYoCwgFoImgYVQQxMDIwcv4EAACFUnL/BAAAdWJOSvv///+HcgAFAABoAmgDaASGXXIBBQAAKGgGaAdlaAiHUnICBQAAfXIDBQAAKGgLigKwAGgMWAcAAABTTFMgVXRkcgQFAABoDksAaA+KAQpoEGgRKYFyBQUAAH1yBgUAAChoFIloFWgWdWJoF2gYVQMzMjRyBwUAAIVScggFAABoG2gYVQQxNjYwcgkFAACFUnIKBQAAaB5oGFUDMTk5cgsFAACFUnIMBQAAaCGKAiABaCJoGFUEMTEzN3INBQAAhVJyDgUAAHViTksAh3IPBQAAaAJoA2gEhl1yEAUAAChoBmgHZWgIh1JyEQUAAH1yEgUAAChoC4oBJ2gMWBAAAABJIFBSRUZFUiBDUklDS0VUchMFAABoDksAaA+KAQpoEGgRKYFyFAUAAH1yFQUAAChoFIloFWgWdWJoF2gYVQM0ODVyFgUAAIVSchcFAABoG2gYVQQxNjUzchgFAACFUnIZBQAAaB5oGFUDMTc4choFAACFUnIbBQAAaCGKAr0BaCJoGFUDOTkwchwFAACFUnIdBQAAdWJOSw6Hch4FAABoAmgDaASGXXIfBQAAKGgGaAdlaAiHUnIgBQAAfXIhBQAAKGgLigKxAGgMWBMAAABNaWxsZXIgQnJpY2t3b3JrIDEzciIFAABoDksAaA+KAQpoEGgRKYFyIwUAAH1yJAUAAChoFIloFWgWdWJoF2gYVQM0OTNyJQUAAIVSciYFAABoG2gYVQQxNjUzcicFAACFUnIoBQAAaB5oGFUDMTUxcikFAACFUnIqBQAAaCGKAqEBaCJoGFUEMTAwOXIrBQAAhVJyLAUAAHViTksBh3ItBQAAaAJoA2gEhl1yLgUAAChoBmgHZWgIh1JyLwUAAH1yMAUAAChoC4oCuABoDFgOAAAAR29vbmVyd2luaXRhbGxyMQUAAGgOSwBoD4oBB2gQaBEpgXIyBQAAfXIzBQAAKGgUiWgVaBZ1YmgXaBhVAzQ2MHI0BQAAhVJyNQUAAGgbaBhVBDE2NTFyNgUAAIVScjcFAABoHmgYVQMxNzlyOAUAAIVScjkFAABoIYoCLAFoImgYVQQxMDEycjoFAACFUnI7BQAAdWJOSxCHcjwFAABoAmgDaASGXXI9BQAAKGgGaAdlaAiHUnI+BQAAfXI/BQAAKGgLigF0aAxYEAAAAEFtYmVyIERyaWZ0IEdvZHNyQAUAAGgOSwBoD4oBAWgQaBEpgXJBBQAAfXJCBQAAKGgUiWgVaBZ1YmgXaBhVAzUyMHJDBQAAhVJyRAUAAGgbaBhVBDE2NTByRQUAAIVSckYFAABoHmgYVQMxNjhyRwUAAIVSckgFAABoIYoCyQBoImgYVQM5NjJySQUAAIVSckoFAAB1Yk5LBodySwUAAGgCaANoBIZdckwFAAAoaAZoB2VoCIdSck0FAAB9ck4FAAAoaAuKAWVoDFgKAAAATEFHQVZVTElOIHJPBQAAaA5LAGgPigEKaBBoESmBclAFAAB9clEFAAAoaBSJaBVoFnViaBdoGFUDNDE2clIFAACFUnJTBQAAaBtoGFUEMTY1MHJUBQAAhVJyVQUAAGgeaBhVAzE2OHJWBQAAhVJyVwUAAGghigKBAWgiaBhVBDEwNjZyWAUAAIVSclkFAAB1Yk5LAYdyWgUAAGgCaANoBIZdclsFAAAoaAZoB2VoCIdSclwFAAB9cl0FAAAoaAuKAX1oDFgJAAAATWFIZVJvIEZDcl4FAABoDksAaA+KAQpoEGgRKYFyXwUAAH1yYAUAAChoFIloFWgWdWJoF2gYVQM0NDByYQUAAIVScmIFAABoG2gYVQQxNjUwcmMFAACFUnJkBQAAaB5oGFUDMTY2cmUFAACFUnJmBQAAaCGKAtMAaCJoGFUEMTA0NHJnBQAAhVJyaAUAAHViTksGh3JpBQAAaAJoA2gEhl1yagUAAChoBmgHZWgIh1JyawUAAH1ybAUAAChoC4oCgwBoDFgQAAAAQ2FudGVyYnVyeSBGbGVldHJtBQAAaA5LAGgPigEBaBBoESmBcm4FAAB9cm8FAAAoaBSJaBVoFnViaBdoGFUDNDEzcnAFAACFUnJxBQAAaBtoGFUEMTY0OXJyBQAAhVJycwUAAGgeaBhVAzE1MXJ0BQAAhVJydQUAAGghigLVAGgiaBhVBDEwODVydgUAAIVScncFAAB1Yk5K/P///4dyeAUAAGgCaANoBIZdcnkFAAAoaAZoB2VoCIdScnoFAAB9cnsFAAAoaAuKAskAaAxYBQAAAEtTU0FBcnwFAABoDksAaA+KAQpoEGgRKYFyfQUAAH1yfgUAAChoFIloFWgWdWJoF2gYVQM1NjNyfwUAAIVScoAFAABoG2gYVQQxNjQ5coEFAACFUnKCBQAAaB5oGFUDMTUxcoMFAACFUnKEBQAAaCGKAksBaCJoGFUDOTM1coUFAACFUnKGBQAAdWJOSv////+HcocFAABoAmgDaASGXXKIBQAAKGgGaAdlaAiHUnKJBQAAfXKKBQAAKGgLigF4aAxYDwAAAFA0QyAtIERlbWVsemEgNHKLBQAAaA5LAGgPigEHaBBoESmBcowFAAB9co0FAAAoaBSJaBVoFnViaBdoGFUDNTQ1co4FAACFUnKPBQAAaBtoGFUEMTY0OHKQBQAAhVJykQUAAGgeaBhVAzE3MnKSBQAAhVJykwUAAGghigL2AGgiaBhVAzkzMXKUBQAAhVJylQUAAHViTkr4////h3KWBQAAaAJoA2gEhl1ylwUAAChoBmgHZWgIh1JymAUAAH1ymQUAAChoC4oCuwBoDFgWAAAAU2FudGVycyBMaXR0bGUgSGVscGVyc3KaBQAAaA5LAGgPigEBaBBoESmBcpsFAAB9cpwFAAAoaBSJaBVoFnViaBdoGFUDNDY4cp0FAACFUnKeBQAAaBtoGFUEMTY0OHKfBQAAhVJyoAUAAGgeaBhVAzE0M3KhBQAAhVJyogUAAGghigJYAWgiaBhVBDEwMzdyowUAAIVScqQFAAB1Yk5K/f///4dypQUAAGgCaANoBIZdcqYFAAAoaAZoB2VoCIdScqcFAAB9cqgFAAAoaAuKApcAaAxYBgAAAFBhcnJ5MXKpBQAAaA5LAGgPigEHaBBoESmBcqoFAAB9cqsFAAAoaBSJaBVoFnViaBdoGFUDNDg3cqwFAACFUnKtBQAAaBtoGFUEMTY0NHKuBQAAhVJyrwUAAGgeaBhVAzE1MXKwBQAAhVJysQUAAGghigIAAWgiaBhVBDEwMDZysgUAAIVScrMFAAB1Yk5K+f///4dytAUAAGgCaANoBIZdcrUFAAAoaAZoB2VoCIdScrYFAAB9crcFAAAoaAuKAo8AaAxYEgAAAHBpc3RvbHMgYWxsLXN0YXIgWHK4BQAAaA5LAGgPigEKaBBoESmBcrkFAAB9croFAAAoaBSJaBVoFnViaBdoGFUDNDU2crsFAACFUnK8BQAAaBtoGFUEMTY0M3K9BQAAhVJyvgUAAGgeaBhVAzE1MnK/BQAAhVJywAUAAGghigL5AGgiaBhVBDEwMzVywQUAAIVScsIFAAB1Yk5K/v///4dywwUAAGgCaANoBIZdcsQFAAAoaAZoB2VoCIdScsUFAAB9csYFAAAoaAuKAQhoDFgqAAAAV291bGQgWW91IFJpc2sgSXQgRm9yIEEgQ2hvY29sYXRlIEJpc2N1aXQ/cscFAABoDksAaA+KAQpoEGgRKYFyyAUAAH1yyQUAAChoFIloFWgWdWJoF2gYVQM1MTFyygUAAIVScssFAABoG2gYVQQxNjQycswFAACFUnLNBQAAaB5oGFUDMTcycs4FAACFUnLPBQAAaCGKAggBaCJoGFUDOTU5ctAFAACFUnLRBQAAdWJOSvn///+HctIFAABoAmgDaASGXXLTBQAAKGgGaAdlaAiHUnLUBQAAfXLVBQAAKGgLigKpAGgMWAgAAABOdW1iZXIgM3LWBQAAaA5LAGgPigEKaBBoESmBctcFAAB9ctgFAAAoaBSJaBVoFnViaBdoGFUDNDE0ctkFAACFUnLaBQAAaBtoGFUEMTY0MXLbBQAAhVJy3AUAAGgeaBhVAzE2OHLdBQAAhVJy3gUAAGghigLNAWgiaBhVBDEwNTly3wUAAIVScuAFAAB1Yk5LB4dy4QUAAGgCaANoBIZdcuIFAAAoaAZoB2VoCIdScuMFAAB9cuQFAAAoaAuKAVRoDFgPAAAAVGlkZGxlciBWaWxsYW5zcuUFAABoDksAaA+KAQpoEGgRKYFy5gUAAH1y5wUAAChoFIloFWgWdWJoF2gYVQM0NjNy6AUAAIVScukFAABoG2gYVQQxNjQxcuoFAACFUnLrBQAAaB5oGFUDMTUxcuwFAACFUnLtBQAAaCGKAqMBaCJoGFUEMTAyN3LuBQAAhVJy7wUAAHViTksAh3LwBQAAaAJoA2gEhl1y8QUAAChoBmgHZWgIh1Jy8gUAAH1y8wUAAChoC4oCugBoDFgMAAAATG91J3MgTG9zZXJzcvQFAABoDksAaA+KAQdoEGgRKYFy9QUAAH1y9gUAAChoFIloFWgWdWJoF2gYVQMzNjZy9wUAAIVScvgFAABoG2gYVQQxNjQwcvkFAACFUnL6BQAAaB5oGFUDMTY4cvsFAACFUnL8BQAAaCGKAjABaCJoGFUEMTEwNnL9BQAAhVJy/gUAAHViTkr5////h3L/BQAAaAJoA2gEhl1yAAYAAChoBmgHZWgIh1JyAQYAAH1yAgYAAChoC4oBEmgMWA0AAABCbHVzaGluZyBCZWVzcgMGAABoDksAaA+KAQpoEGgRKYFyBAYAAH1yBQYAAChoFIloFWgWdWJoF2gYVQM0NjlyBgYAAIVScgcGAABoG2gYVQQxNjM3cggGAACFUnIJBgAAaB5oGFUDMTgxcgoGAACFUnILBgAAaCGKAsUAaCJoGFUDOTg3cgwGAACFUnINBgAAdWJOSv////+Hcg4GAABoAmgDaASGXXIPBgAAKGgGaAdlaAiHUnIQBgAAfXIRBgAAKGgLigFVaAxYHAAAAENhbiBJIHdpbiB3aXRoIGEgd2VhayBFdXJvcGVyEgYAAGgOSwJoD4oBAWgQaBEpgXITBgAAfXIUBgAAKGgUiWgVaBZ1YmgXaBhVAzM4NXIVBgAAhVJyFgYAAGgbaBhVBDE2MzdyFwYAAIVSchgGAABoHmgYVQMxNjdyGQYAAIVSchoGAABoIYoCxAFoImgYVQQxMDg1chsGAACFUnIcBgAAdWJOSwOHch0GAABoAmgDaASGXXIeBgAAKGgGaAdlaAiHUnIfBgAAfXIgBgAAKGgLigEIaAxYCAAAAFNNQVNIISEhciEGAABoDksAaA+KAQdoEGgRKYFyIgYAAH1yIwYAAChoFIloFWgWdWJoF2gYVQM1NDRyJAYAAIVSciUGAABoG2gYVQQxNjM3ciYGAACFUnInBgAAaB5oGFUDMTQ1cigGAACFUnIpBgAAaCGKAv0AaCJoGFUDOTQ4cioGAACFUnIrBgAAdWJOSvz///+HciwGAABoAmgDaASGXXItBgAAKGgGaAdlaAiHUnIuBgAAfXIvBgAAKGgLigKxAGgMWBMAAABNaWxsZXIgQnJpY2t3b3JrIDAxcjAGAABoDksAaA+KAQdoEGgRKYFyMQYAAH1yMgYAAChoFIloFWgWdWJoF2gYVQM1MThyMwYAAIVScjQGAABoG2gYVQQxNjM1cjUGAACFUnI2BgAAaB5oGFUDMTcycjcGAACFUnI4BgAAaCGKAnsBaCJoGFUDOTQ1cjkGAACFUnI6BgAAdWJOSvz///+HcjsGAABoAmgDaASGXXI8BgAAKGgGaAdlaAiHUnI9BgAAfXI+BgAAKGgLigLXAGgMWAwAAABTb2sgaXQgdG8gZW1yPwYAAGgOSwBoD4oBCmgQaBEpgXJABgAAfXJBBgAAKGgUiWgVaBZ1YmgXaBhVAzU0NHJCBgAAhVJyQwYAAGgbaBhVBDE2MjlyRAYAAIVSckUGAABoHmgYVQMxNjNyRgYAAIVSckcGAABoIYoClgFoImgYVQM5MjJySAYAAIVSckkGAAB1Yk5LBodySgYAAGgCaANoBIZdcksGAAAoaAZoB2VoCIdSckwGAAB9ck0GAAAoaAuKArQAaAxYEAAAAFRoZSBDaG9zZW4gU3dhbm5yTgYAAGgOSwBoD4oBEWgQaBEpgXJPBgAAfXJQBgAAKGgUiWgVaBZ1YmgXaBhVAzUyN3JRBgAAhVJyUgYAAGgbaBhVBDE2MjdyUwYAAIVSclQGAABoHmgYVQMxOTByVQYAAIVSclYGAABoIYoCIgFoImgYVQM5MTByVwYAAIVSclgGAAB1Yk5K/P///4dyWQYAAGgCaANoBIZdcloGAAAoaAZoB2VoCIdSclsGAAB9clwGAAAoaAuKAXhoDFgQAAAAUDRDIC0gRGVtZWx6YSAzQnJdBgAAaA5LAGgPigEHaBBoESmBcl4GAAB9cl8GAAAoaBSJaBVoFnViaBdoGFUDNTg4cmAGAACFUnJhBgAAaBtoGFUEMTYyNHJiBgAAhVJyYwYAAGgeaBhVAzE1M3JkBgAAhVJyZQYAAGghigLzAGgiaBhVAzg4M3JmBgAAhVJyZwYAAHViTkr/////h3JoBgAAaAJoA2gEhl1yaQYAAChoBmgHZWgIh1JyagYAAH1yawYAAChoC4oBCWgMWB0AAABNYWMgJiBNaWxvJ3MgRnVybml0dXJlIEZvcmVzdHJsBgAAaA5LAGgPigEKaBBoESmBcm0GAAB9cm4GAAAoaBSJaBVoFnViaBdoGFUDNDYycm8GAACFUnJwBgAAaBtoGFUEMTYyM3JxBgAAhVJycgYAAGgeaBhVAzEzMHJzBgAAhVJydAYAAGghigLEAGgiaBhVBDEwMzFydQYAAIVScnYGAAB1Yk5LA4dydwYAAGgCaANoBIZdcngGAAAoaAZoB2VoCIdScnkGAAB9cnoGAAAoaAuKARJoDFgPAAAAQmx1c2hpbmcgQmVlcyAzcnsGAABoDksAaA+KAQpoEGgRKYFyfAYAAH1yfQYAAChoFIloFWgWdWJoF2gYVQM2NzRyfgYAAIVScn8GAABoG2gYVQQxNjIycoAGAACFUnKBBgAAaB5oGFUDMTgwcoIGAACFUnKDBgAAaCGKAscAaCJoGFUDNzY4coQGAACFUnKFBgAAdWJOSv7///+HcoYGAABoAmgDaASGXXKHBgAAKGgGaAdlaAiHUnKIBgAAfXKJBgAAKGgLigLQAGgMWBQAAABTbmFrZSduJ2Jha2UgSG90c3B1cnKKBgAAaA5LAGgPigEKaBBoESmBcosGAAB9cowGAAAoaBSJaBVoFnViaBdoGFUDNDQyco0GAACFUnKOBgAAaBtoGFUEMTYxOXKPBgAAhVJykAYAAGgeaBhVAzE2OHKRBgAAhVJykgYAAGghigJvAWgiaBhVBDEwMDlykwYAAIVScpQGAAB1Yk5K/////4dylQYAAGgCaANoBIZdcpYGAAAoaAZoB2VoCIdScpcGAAB9cpgGAAAoaAuKAqIAaAxYDgAAAFRla2tlcnNsb3Zha2lhcpkGAABoDksAaA+KAQFoEGgRKYFymgYAAH1ymwYAAChoFIloFWgWdWJoF2gYVQM0NzNynAYAAIVScp0GAABoG2gYVQQxNjE5cp4GAACFUnKfBgAAaB5oGFUDMTUxcqAGAACFUnKhBgAAaCGKAg0BaCJoGFUDOTk1cqIGAACFUnKjBgAAdWJOSwOHcqQGAABoAmgDaASGXXKlBgAAKGgGaAdlaAiHUnKmBgAAfXKnBgAAKGgLigFfaAxYEwAAAExpdmVycG9vbCAyMDE0LzIwMTVyqAYAAGgOSwBoD4oBAWgQaBEpgXKpBgAAfXKqBgAAKGgUiWgVaBZ1YmgXaBhVAzM5OXKrBgAAhVJyrAYAAGgbaBhVBDE2MTdyrQYAAIVScq4GAABoHmgYVQMxMzZyrwYAAIVScrAGAABoIYoCywBoImgYVQQxMDgycrEGAACFUnKyBgAAdWJOSwKHcrMGAABoAmgDaASGXXK0BgAAKGgGaAdlaAiHUnK1BgAAfXK2BgAAKGgLigLFAGgMWBAAAABTdG9uZXlzIFRlYWFhYW1zcrcGAABoDksAaA+KAQdoEGgRKYFyuAYAAH1yuQYAAChoFIloFWgWdWJoF2gYVQM0NjFyugYAAIVScrsGAABoG2gYVQQxNjE3crwGAACFUnK9BgAAaB5oGFUDMTgxcr4GAACFUnK/BgAAaCGKAkMBaCJoGFUDOTc1csAGAACFUnLBBgAAdWJOSvv///+HcsIGAABoAmgDaASGXXLDBgAAKGgGaAdlaAiHUnLEBgAAfXLFBgAAKGgLigKIAGgMWAgAAABIYWxmIFdpdHLGBgAAaA5LAGgPigEBaBBoESmBcscGAAB9csgGAAAoaBSJaBVoFnViaBdoGFUDNTI1cskGAACFUnLKBgAAaBtoGFUEMTYxNXLLBgAAhVJyzAYAAGgeaBhVAzE3OXLNBgAAhVJyzgYAAGghigLdAGgiaBhVAzkxMXLPBgAAhVJy0AYAAHViTksGh3LRBgAAaAJoA2gEhl1y0gYAAChoBmgHZWgIh1Jy0wYAAH1y1AYAAChoC4oBZWgMWAkAAABMQVBIUk9BSUdy1QYAAGgOSwBoD4oBAWgQaBEpgXLWBgAAfXLXBgAAKGgUiWgVaBZ1YmgXaBhVAzUwN3LYBgAAhVJy2QYAAGgbaBhVBDE2MTRy2gYAAIVSctsGAABoHmgYVQMxNTFy3AYAAIVSct0GAABoIYoCgwFoImgYVQM5NTZy3gYAAIVSct8GAAB1Yk5LAody4AYAAGgCaANoBIZdcuEGAAAoaAZoB2VoCIdScuIGAAB9cuMGAAAoaAuKAoQAaAxYEgAAAFNoZWZmaWVsZCBUaHVyc2RheXLkBgAAaA5LAGgPigEKaBBoESmBcuUGAAB9cuYGAAAoaBSJaBVoFnViaBdoGFUDNDE3cucGAACFUnLoBgAAaBtoGFUEMTYxNHLpBgAAhVJy6gYAAGgeaBhVAzE2N3LrBgAAhVJy7AYAAGghigIjAWgiaBhVBDEwMzBy7QYAAIVScu4GAAB1Yk5K+v///4dy7wYAAGgCaANoBIZdcvAGAAAoaAZoB2VoCIdScvEGAAB9cvIGAAAoaAuKATVoDFgfAAAAU2xpZ2h0bHkgQXRobGV0aWMgRm9vdGJhbGwgQ2x1YnLzBgAAaA5LAGgPigEBaBBoESmBcvQGAAB9cvUGAAAoaBSJaBVoFnViaBdoGFUDNDQ4cvYGAACFUnL3BgAAaBtoGFUEMTYxNHL4BgAAhVJy+QYAAGgeaBhVAzE1MXL6BgAAhVJy+wYAAGghigJEAWgiaBhVBDEwMTVy/AYAAIVScv0GAAB1Yk5LAYdy/gYAAGgCaANoBIZdcv8GAAAoaAZoB2VoCIdScgAHAAB9cgEHAAAoaAuKAVBoDFgYAAAAR2VlVGVlJ3MgS25vYnMgb2YgYnV0dGVycgIHAABoDksAaA+KAQpoEGgRKYFyAwcAAH1yBAcAAChoFIloFWgWdWJoF2gYVQM0NjByBQcAAIVScgYHAABoG2gYVQQxNjA5cgcHAACFUnIIBwAAaB5oGFUDMTY4cgkHAACFUnIKBwAAaCGKAooBaCJoGFUDOTgxcgsHAACFUnIMBwAAdWJOSweHcg0HAABoAmgDaASGXXIOBwAAKGgGaAdlaAiHUnIPBwAAfXIQBwAAKGgLigFPaAxYDgAAAEtpbSdzIEtuaWNrZXJzchEHAABoDksAaA+KAQdoEGgRKYFyEgcAAH1yEwcAAChoFIloFWgWdWJoF2gYVQM1OTRyFAcAAIVSchUHAABoG2gYVQQxNjA5chYHAACFUnIXBwAAaB5oGFUDMTUxchgHAACFUnIZBwAAaCGKAocBaCJoGFUDODY0choHAACFUnIbBwAAdWJOSwSHchwHAABoAmgDaASGXXIdBwAAKGgGaAdlaAiHUnIeBwAAfXIfBwAAKGgLigLRAGgMWAUAAABKQUMyM3IgBwAAaA5LAGgPigEBaBBoESmBciEHAAB9ciIHAAAoaBSJaBVoFnViaBdoGFUDNjA4ciMHAACFUnIkBwAAaBtoGFUEMTYwOHIlBwAAhVJyJgcAAGgeaBhVAzEzMnInBwAAhVJyKAcAAGghigKQAWgiaBhVAzg2OHIpBwAAhVJyKgcAAHViTkr+////h3IrBwAAaAJoA2gEhl1yLAcAAChoBmgHZWgIh1JyLQcAAH1yLgcAAChoC4oBKWgMWBQAAABNYXR0J3MgRW50ZXJ0YWlubWVudHIvBwAAaA5LAGgPigEKaBBoESmBcjAHAAB9cjEHAAAoaBSJaBVoFnViaBdoGFUDNDk3cjIHAACFUnIzBwAAaBtoGFUEMTYwOHI0BwAAhVJyNQcAAGgeaBhVAzEzNHI2BwAAhVJyNwcAAGghigJgAWgiaBhVAzk3N3I4BwAAhVJyOQcAAHViTkr+////h3I6BwAAaAJoA2gEhl1yOwcAAChoBmgHZWgIh1JyPAcAAH1yPQcAAChoC4oCiQBoDFgiAAAASm9obiBUZXJyeS4uLi4uLi5Zb3VyIG11bXMgYSB0aGllZnI+BwAAaA5LAGgPigEBaBBoESmBcj8HAAB9ckAHAAAoaBSJaBVoFnViaBdoGFUDNjc0ckEHAACFUnJCBwAAaBtoGFUEMTYwN3JDBwAAhVJyRAcAAGgeaBhVAzEzMHJFBwAAhVJyRgcAAGghigLmAGgiaBhVAzgwM3JHBwAAhVJySAcAAHViTkr+////h3JJBwAAaAJoA2gEhl1ySgcAAChoBmgHZWgIh1JySwcAAH1yTAcAAChoC4oBeGgMWA8AAABQNEMgLSBEZW1lbHphIDFyTQcAAGgOSwBoD4oBB2gQaBEpgXJOBwAAfXJPBwAAKGgUiWgVaBZ1YmgXaBhVAzQ2M3JQBwAAhVJyUQcAAGgbaBhVBDE2MDZyUgcAAIVSclMHAABoHmgYVQMxNTFyVAcAAIVSclUHAABoIYoCtgBoImgYVQM5OTJyVgcAAIVSclcHAAB1Yk5LAIdyWAcAAGgCaANoBIZdclkHAAAoaAZoB2VoCIdScloHAAB9clsHAAAoaAuKASVoDFgWAAAAU2lyIHZlcmUgZCcgcnVzdHJhdGlvbnJcBwAAaA5LAGgPigEKaBBoESmBcl0HAAB9cl4HAAAoaBSJaBVoFnViaBdoGFUDMzc3cl8HAACFUnJgBwAAaBtoGFUEMTYwNnJhBwAAhVJyYgcAAGgeaBhVAzE0MXJjBwAAhVJyZAcAAGghigIfAWgiaBhVBDEwODhyZQcAAIVScmYHAAB1Yk5K+P///4dyZwcAAGgCaANoBIZdcmgHAAAoaAZoB2VoCIdScmkHAAB9cmoHAAAoaAuKAXhoDFgQAAAAUDRDIC0gUGlsZ3JpbXMgMnJrBwAAaA5LAGgPigEBaBBoESmBcmwHAAB9cm0HAAAoaBSJaBVoFnViaBdoGFUDNTIycm4HAACFUnJvBwAAaBtoGFUEMTYwM3JwBwAAhVJycQcAAGgeaBhVAzE1M3JyBwAAhVJycwcAAGghigLtAGgiaBhVAzkyOHJ0BwAAhVJydQcAAHViTkr/////h3J2BwAAaAJoA2gEhl1ydwcAAChoBmgHZWgIh1JyeAcAAH1yeQcAAChoC4oBT2gMWA0AAABLaW0ncyBLaWNrZXJzcnoHAABoDksAaA+KAQdoEGgRKYFyewcAAH1yfAcAAChoFIloFWgWdWJoF2gYVQM1MjByfQcAAIVScn4HAABoG2gYVQQxNjAycn8HAACFUnKABwAAaB5oGFUDMTUxcoEHAACFUnKCBwAAaCGKAoQBaCJoGFUDOTMxcoMHAACFUnKEBwAAdWJOSwCHcoUHAABoAmgDaASGXXKGBwAAKGgGaAdlaAiHUnKHBwAAfXKIBwAAKGgLigKEAGgMWBMAAABFZGVuIFByYWlyaWUgVW5pdGVkcokHAABoDksAaA+KARFoEGgRKYFyigcAAH1yiwcAAChoFIloFWgWdWJoF2gYVQM1NThyjAcAAIVSco0HAABoG2gYVQQxNjAwco4HAACFUnKPBwAAaB5oGFUDMTc5cpAHAACFUnKRBwAAaCGKAiUBaCJoGFUDODYzcpIHAACFUnKTBwAAdWJOSwyHcpQHAABoAmgDaASGXXKVBwAAKGgGaAdlaAiHUnKWBwAAfXKXBwAAKGgLigF4aAxYEwAAAFA0QyAtIFBvcmNobGlnaHQgNCBymAcAAGgOSwBoD4oBEWgQaBEpgXKZBwAAfXKaBwAAKGgUiWgVaBZ1YmgXaBhVAzQzMnKbBwAAhVJynAcAAGgbaBhVBDE1OTlynQcAAIVScp4HAABoHmgYVQMxNjVynwcAAIVScqAHAABoIYoC9QBoImgYVQQxMDAycqEHAACFUnKiBwAAdWJOSv////+HcqMHAABoAmgDaASGXXKkBwAAKGgGaAdlaAiHUnKlBwAAfXKmBwAAKGgLigE/aAxYEQAAAFRoZSBDbGlmZiBIYW5nZXJzcqcHAABoDksAaA+KAQdoEGgRKYFyqAcAAH1yqQcAAChoFIloFWgWdWJoF2gYVQM0NzVyqgcAAIVScqsHAABoG2gYVQQxNTk4cqwHAACFUnKtBwAAaB5oGFUDMTQ1cq4HAACFUnKvBwAAaCGKAj0BaCJoGFUDOTc4crAHAACFUnKxBwAAdWJOSwGHcrIHAABoAmgDaASGXXKzBwAAKGgGaAdlaAiHUnK0BwAAfXK1BwAAKGgLigFfaAxYEAAAAFRoZSBCZWF0bGVzIDE5NjlytgcAAGgOSwBoD4oBAWgQaBEpgXK3BwAAfXK4BwAAKGgUiWgVaBZ1YmgXaBhVAzM5NXK5BwAAhVJyugcAAGgbaBhVBDE1OTVyuwcAAIVScrwHAABoHmgYVQMxNTFyvQcAAIVScr4HAABoIYoCygBoImgYVQQxMDQ5cr8HAACFUnLABwAAdWJOSv////+HcsEHAABoAmgDaASGXXLCBwAAKGgGaAdlaAiHUnLDBwAAfXLEBwAAKGgLigFQaAxYFgAAAEdlZVRlZSdzIFdpc2h5IFdhc2hlcnNyxQcAAGgOSwBoD4oBCmgQaBEpgXLGBwAAfXLHBwAAKGgUiWgVaBZ1YmgXaBhVAzUzNHLIBwAAhVJyyQcAAGgbaBhVBDE1OTJyygcAAIVScssHAABoHmgYVQMxNjhyzAcAAIVScs0HAABoIYoCjAFoImgYVQM4OTByzgcAAIVScs8HAAB1Yk5K/f///4dy0AcAAGgCaANoBIZdctEHAAAoaAZoB2VoCIdSctIHAAB9ctMHAAAoaAuKAVhoDFgMAAAAU3RhbiB0aGUgTWFuctQHAABoDksAaA+KAQpoEGgRKYFy1QcAAH1y1gcAAChoFIloFWgWdWJoF2gYVQM1MTJy1wcAAIVSctgHAABoG2gYVQQxNTg1ctkHAACFUnLaBwAAaB5oGFUDMTUxctsHAACFUnLcBwAAaCGKAp0BaCJoGFUDOTIyct0HAACFUnLeBwAAdWJOSv////+Hct8HAABoAmgDaASGXXLgBwAAKGgGaAdlaAiHUnLhBwAAfXLiBwAAKGgLigFFaAxYFAAAAEBtZWJlY29saW4gI2ZvbGxvd21lcuMHAABoDksCaA+KAQpoEGgRKYFy5AcAAH1y5QcAAChoFIloFWgWdWJoF2gYVQM1OTJy5gcAAIVScucHAABoG2gYVQQxNTgzcugHAACFUnLpBwAAaB5oGFUDMTUxcuoHAACFUnLrBwAAaCGKApgBaCJoGFUDODQwcuwHAACFUnLtBwAAdWJOSwCHcu4HAABoAmgDaASGXXLvBwAAKGgGaAdlaAiHUnLwBwAAfXLxBwAAKGgLigLOAGgMWBoAAABIYXZlIGEgd29yZCB3aXRoIHlvdXJzZWxmIXLyBwAAaA5LAGgPigEHaBBoESmBcvMHAAB9cvQHAAAoaBSJaBVoFnViaBdoGFUDNDYxcvUHAACFUnL2BwAAaBtoGFUEMTU4M3L3BwAAhVJy+AcAAGgeaBhVAzE2OHL5BwAAhVJy+gcAAGghigJnAWgiaBhVAzk1NHL7BwAAhVJy/AcAAHViTksAh3L9BwAAaAJoA2gEhl1y/gcAAChoBmgHZWgIh1Jy/wcAAH1yAAgAAChoC4oBfWgMWAYAAABNciBNZW5yAQgAAGgOSwBoD4oBCmgQaBEpgXICCAAAfXIDCAAAKGgUiWgVaBZ1YmgXaBhVAzMxN3IECAAAhVJyBQgAAGgbaBhVBDE1ODJyBggAAIVScgcIAABoHmgYVQMxNjhyCAgAAIVScgkIAABoIYoC0gBoImgYVQQxMDk3cgoIAACFUnILCAAAdWJOSwGHcgwIAABoAmgDaASGXXINCAAAKGgGaAdlaAiHUnIOCAAAfXIPCAAAKGgLigLJAGgMWAIAAABQSHIQCAAAaA5LAGgPigEBaBBoESmBchEIAAB9chIIAAAoaBSJaBVoFnViaBdoGFUDNjA3chMIAACFUnIUCAAAaBtoGFUEMTU4MXIVCAAAhVJyFggAAGgeaBhVAzE1NnIXCAAAhVJyGAgAAGghigJMAWgiaBhVAzgxOHIZCAAAhVJyGggAAHViTkr9////h3IbCAAAaAJoA2gEhl1yHAgAAChoBmgHZWgIh1JyHQgAAH1yHggAAChoC4oC3gBoDFgLAAAAUmVmZmluZ2hlbGxyHwgAAGgOSwBoD4oBCmgQaBEpgXIgCAAAfXIhCAAAKGgUiWgVaBZ1YmgXaBhVAzUxMXIiCAAAhVJyIwgAAGgbaBhVBDE1ODFyJAgAAIVSciUIAABoHmgYVQMxNTFyJggAAIVScicIAABoIYoCxgFoImgYVQM5MTlyKAgAAIVScikIAAB1Yk5LAYdyKggAAGgCaANoBIZdcisIAAAoaAZoB2VoCIdSciwIAAB9ci0IAAAoaAuKAVxoDFgNAAAAQm91cm5lIFVuaXRlZHIuCAAAaA5LAGgPigEHaBBoESmBci8IAAB9cjAIAAAoaBSJaBVoFnViaBdoGFUDNDA2cjEIAACFUnIyCAAAaBtoGFUEMTU4MHIzCAAAhVJyNAgAAGgeaBhVAzE3OXI1CAAAhVJyNggAAGghigI0AWgiaBhVAzk5NXI3CAAAhVJyOAgAAHViTksEh3I5CAAAaAJoA2gEhl1yOggAAChoBmgHZWgIh1JyOwgAAH1yPAgAAChoC4oBFWgMWBIAAABSb2JlcnRzIFJldm9sdXRpb25yPQgAAGgOSwBoD4oBAWgQaBEpgXI+CAAAfXI/CAAAKGgUiWgVaBZ1YmgXaBhVAzQwMHJACAAAhVJyQQgAAGgbaBhVBDE1NzlyQggAAIVSckMIAABoHmgYVQMxNTVyRAgAAIVSckUIAABoIYoC0ABoImgYVQQxMDI0ckYIAACFUnJHCAAAdWJOSvn///+HckgIAABoAmgDaASGXXJJCAAAKGgGaAdlaAiHUnJKCAAAfXJLCAAAKGgLigLRAGgMWAUAAABKQUMxN3JMCAAAaA5LAGgPigEHaBBoESmBck0IAAB9ck4IAAAoaBSJaBVoFnViaBdoGFUDNTUyck8IAACFUnJQCAAAaBtoGFUEMTU3OHJRCAAAhVJyUggAAGgeaBhVAzE3OXJTCAAAhVJyVAgAAGghigKRAWgiaBhVAzg0N3JVCAAAhVJyVggAAHViTksMh3JXCAAAaAJoA2gEhl1yWAgAAChoBmgHZWgIh1JyWQgAAH1yWggAAChoC4oC3ABoDFgMAAAAUGF0YWsgVW5pdGVkclsIAABoDksAaA+KAQpoEGgRKYFyXAgAAH1yXQgAAChoFIloFWgWdWJoF2gYVQM0OTdyXggAAIVScl8IAABoG2gYVQQxNTc4cmAIAACFUnJhCAAAaB5oGFUDMTY4cmIIAACFUnJjCAAAaCGKArQBaCJoGFUDOTEzcmQIAACFUnJlCAAAdWJOSv3///+HcmYIAABoAmgDaASGXXJnCAAAKGgGaAdlaAiHUnJoCAAAfXJpCAAAKGgLigESaAxYDwAAAEJsdXNoaW5nIEJlZXMgMnJqCAAAaA5LAGgPigEKaBBoESmBcmsIAAB9cmwIAAAoaBSJaBVoFnViaBdoGFUDMzE3cm0IAACFUnJuCAAAaBtoGFUEMTU3NHJvCAAAhVJycAgAAGgeaBhVAzE1NHJxCAAAhVJycggAAGghigLGAGgiaBhVBDExMDNycwgAAIVScnQIAAB1Yk5K/////4dydQgAAGgCaANoBIZdcnYIAAAoaAZoB2VoCIdScncIAAB9cngIAAAoaAuKApsAaAxYCgAAAFN1bm55YmVhY2hyeQgAAGgOSwBoD4oBAWgQaBEpgXJ6CAAAfXJ7CAAAKGgUiWgVaBZ1YmgXaBhVAzQ5NnJ8CAAAhVJyfQgAAGgbaBhVBDE1NzJyfggAAIVScn8IAABoHmgYVQMxNTFygAgAAIVScoEIAABoIYoCBQFoImgYVQM5MjVygggAAIVScoMIAAB1Yk5K/f///4dyhAgAAGgCaANoBIZdcoUIAAAoaAZoB2VoCIdScoYIAAB9cocIAAAoaAuKAqgAaAxYDgAAAEplc3VzIEggQ2hyaXN0cogIAABoDksAaA+KAQdoEGgRKYFyiQgAAH1yiggAAChoFIloFWgWdWJoF2gYVQM1MjhyiwgAAIVScowIAABoG2gYVQQxNTcxco0IAACFUnKOCAAAaB5oGFUDMTUxco8IAACFUnKQCAAAaCGKArgBaCJoGFUDODkycpEIAACFUnKSCAAAdWJOSv////+HcpMIAABoAmgDaASGXXKUCAAAKGgGaAdlaAiHUnKVCAAAfXKWCAAAKGgLigK1AGgMWAwAAABIb2xseXdvb2QgWElylwgAAGgOSwBoD4oBAWgQaBEpgXKYCAAAfXKZCAAAKGgUiWgVaBZ1YmgXaBhVAzQ5NnKaCAAAhVJymwgAAGgbaBhVBDE1NzBynAgAAIVScp0IAABoHmgYVQMxNjhynggAAIVScp8IAABoIYoCKwFoImgYVQM5MDZyoAgAAIVScqEIAAB1Yk5LAYdyoggAAGgCaANoBIZdcqMIAAAoaAZoB2VoCIdScqQIAAB9cqUIAAAoaAuKAokAaAxYEgAAAENlY2ggb3V0IG15IGhlbG1ldHKmCAAAaA5LAGgPigEBaBBoESmBcqcIAAB9cqgIAAAoaBSJaBVoFnViaBdoGFUDNDgycqkIAACFUnKqCAAAaBtoGFUEMTU2OHKrCAAAhVJyrAgAAGgeaBhVAzE1MXKtCAAAhVJyrggAAGghigLlAGgiaBhVAzkzNXKvCAAAhVJysAgAAHViTksCh3KxCAAAaAJoA2gEhl1ysggAAChoBmgHZWgIh1JyswgAAH1ytAgAAChoC4oC3QBoDFgMAAAAQmFsbCBCdXN0ZXJzcrUIAABoDksAaA+KAQFoEGgRKYFytggAAH1ytwgAAChoFIloFWgWdWJoF2gYVQM0MjVyuAgAAIVScrkIAABoG2gYVQQxNTY3croIAACFUnK7CAAAaB5oGFUDMTY4crwIAACFUnK9CAAAaCGKAsMBaCJoGFUDOTc0cr4IAACFUnK/CAAAdWJOSwaHcsAIAABoAmgDaASGXXLBCAAAKGgGaAdlaAiHUnLCCAAAfXLDCAAAKGgLigKvAGgMWBAAAABKYW1pZSdzIGhvdHNob3RzcsQIAABoDksAaA+KAQpoEGgRKYFyxQgAAH1yxggAAChoFIloFWgWdWJoF2gYVQM0NDZyxwgAAIVScsgIAABoG2gYVQQxNTY3cskIAACFUnLKCAAAaB5oGFUDMTY3cssIAACFUnLMCAAAaCGKAh0BaCJoGFUDOTU0cs0IAACFUnLOCAAAdWJOSwKHcs8IAABoAmgDaASGXXLQCAAAKGgGaAdlaAiHUnLRCAAAfXLSCAAAKGgLigLAAGgMWBQAAABEb2VzIEl0IFJlYWxseSBNYXRhP3LTCAAAaA5LAGgPigEHaBBoESmBctQIAAB9ctUIAAAoaBSJaBVoFnViaBdoGFUDNTA0ctYIAACFUnLXCAAAaBtoGFUEMTU2NnLYCAAAhVJy2QgAAGgeaBhVAzE2OHLaCAAAhVJy2wgAAGghigI3AWgiaBhVAzg5NHLcCAAAhVJy3QgAAHViTkr+////h3LeCAAAaAJoA2gEhl1y3wgAAChoBmgHZWgIh1Jy4AgAAH1y4QgAAChoC4oCngBoDFgSAAAASW5zZXJ0IEpvZSBLaW5uZWFycuIIAABoDksAaA+KAQFoEGgRKYFy4wgAAH1y5AgAAChoFIloFWgWdWJoF2gYVQM0ODRy5QgAAIVScuYIAABoG2gYVQQxNTY2cucIAACFUnLoCAAAaB5oGFUDMTUxcukIAACFUnLqCAAAaCGKAgsBaCJoGFUDOTMxcusIAACFUnLsCAAAdWJOSvr///+Hcu0IAABoAmgDaASGXXLuCAAAKGgGaAdlaAiHUnLvCAAAfXLwCAAAKGgLigEXaAxYDAAAAFJvZ2Vyc0FtcHRvbnLxCAAAaA5LAGgPigEBaBBoESmBcvIIAAB9cvMIAAAoaBSJaBVoFnViaBdoGFUDNTQzcvQIAACFUnL1CAAAaBtoGFUEMTU2NHL2CAAAhVJy9wgAAGgeaBhVAzE1MXL4CAAAhVJy+QgAAGghigLiAGgiaBhVAzg3MHL6CAAAhVJy+wgAAHViTkr4////h3L8CAAAaAJoA2gEhl1y/QgAAChoBmgHZWgIh1Jy/ggAAH1y/wgAAChoC4oCzwBoDFgNAAAARGF5bW9zIERldmlsc3IACQAAaA5LAGgPigEBaBBoESmBcgEJAAB9cgIJAAAoaBSJaBVoFnViaBdoGFUDMzQwcgMJAACFUnIECQAAaBtoGFUEMTU2MnIFCQAAhVJyBgkAAGgeaBhVAzE0NnIHCQAAhVJyCAkAAGghigJsAWgiaBhVBDEwNzZyCQkAAIVScgoJAAB1Yk5LA4dyCwkAAGgCaANoBIZdcgwJAAAoaAZoB2VoCIdScg0JAAB9cg4JAAAoaAuKArYAaAxYDwAAAEhhcnZleSdzIEhlcm9lc3IPCQAAaA5LAGgPigEBaBBoESmBchAJAAB9chEJAAAoaBSJaBVoFnViaBdoGFUDMzI3chIJAACFUnITCQAAaBtoGFUEMTU2MHIUCQAAhVJyFQkAAGgeaBhVAzE2N3IWCQAAhVJyFwkAAGghigJxAWgiaBhVBDEwNjZyGAkAAIVSchkJAAB1Yk5K/P///4dyGgkAAGgCaANoBIZdchsJAAAoaAZoB2VoCIdSchwJAAB9ch0JAAAoaAuKAqoAaAxYEQAAAGtpbmdzIG9mIHRvbW9ycm93ch4JAABoDksAaA+KAQFoEGgRKYFyHwkAAH1yIAkAAChoFIloFWgWdWJoF2gYVQM0NTlyIQkAAIVSciIJAABoG2gYVQQxNTYwciMJAACFUnIkCQAAaB5oGFUDMTI4ciUJAACFUnImCQAAaCGKAhUBaCJoGFUDOTczcicJAACFUnIoCQAAdWJOSvz///+HcikJAABoAmgDaASGXXIqCQAAKGgGaAdlaAiHUnIrCQAAfXIsCQAAKGgLigLDAGgMWAkAAABTa2VlbHMgRkNyLQkAAGgOSwBoD4oBB2gQaBEpgXIuCQAAfXIvCQAAKGgUiWgVaBZ1YmgXaBhVAzQ1NnIwCQAAhVJyMQkAAGgbaBhVBDE1NTRyMgkAAIVScjMJAABoHmgYVQMxNzlyNAkAAIVScjUJAABoIYoCPgFoImgYVQM5MTlyNgkAAIVScjcJAAB1Yk5LBYdyOAkAAGgCaANoBIZdcjkJAAAoaAZoB2VoCIdScjoJAAB9cjsJAAAoaAuKAswAaAxYEgAAAHNhcmFoJ3MgU1RBUlMgRi5DLnI8CQAAaA5LAGgPigEKaBBoESmBcj0JAAB9cj4JAAAoaBSJaBVoFnViaBdoGFUDNDcycj8JAACFUnJACQAAaBtoGFUEMTU1M3JBCQAAhVJyQgkAAGgeaBhVAzE2OHJDCQAAhVJyRAkAAGghigJSAWgiaBhVAzkxM3JFCQAAhVJyRgkAAHViTksEh3JHCQAAaAJoA2gEhl1ySAkAAChoBmgHZWgIh1JySQkAAH1ySgkAAChoC4oChABoDFgYAAAARGlhbmUncyBQbHltb3V0aCBWaWtpbmdzcksJAABoDksAaA+KAQpoEGgRKYFyTAkAAH1yTQkAAChoFIloFWgWdWJoF2gYVQM0ODByTgkAAIVSck8JAABoG2gYVQQxNTUyclAJAACFUnJRCQAAaB5oGFUDMTc5clIJAACFUnJTCQAAaCGKArIBaCJoGFUDODkzclQJAACFUnJVCQAAdWJOSxGHclYJAABoAmgDaASGXXJXCQAAKGgGaAdlaAiHUnJYCQAAfXJZCQAAKGgLigF4aAxYEAAAAFA0QyAtIFBpbGdyaW1zIDFyWgkAAGgOSwBoD4oBAWgQaBEpgXJbCQAAfXJcCQAAKGgUiWgVaBZ1YmgXaBhVAzQ4MnJdCQAAhVJyXgkAAGgbaBhVBDE1NTJyXwkAAIVScmAJAABoHmgYVQMxNTFyYQkAAIVScmIJAABoIYoC6QBoImgYVQM5MTlyYwkAAIVScmQJAAB1Yk5K/f///4dyZQkAAGgCaANoBIZdcmYJAAAoaAZoB2VoCIdScmcJAAB9cmgJAAAoaAuKAT9oDFgRAAAAQmxhY2sgQ2F0cyBVbml0ZWRyaQkAAGgOSwBoD4oBAWgQaBEpgXJqCQAAfXJrCQAAKGgUiWgVaBZ1YmgXaBhVAzQ2N3JsCQAAhVJybQkAAGgbaBhVBDE1NTBybgkAAIVScm8JAABoHmgYVQMyMDNycAkAAIVScnEJAABoIYoCPAFoImgYVQM4ODBycgkAAIVScnMJAAB1Yk5LB4dydAkAAGgCaANoBIZdcnUJAAAoaAZoB2VoCIdScnYJAAB9cncJAAAoaAuKAo0AaAxYDgAAAFBvcnRvIFN1bmxpZ2h0cngJAABoDksAaA+KAQdoEGgRKYFyeQkAAH1yegkAAChoFIloFWgWdWJoF2gYVQM0NDhyewkAAIVScnwJAABoG2gYVQQxNTQ4cn0JAACFUnJ+CQAAaB5oGFUDMTcycn8JAACFUnKACQAAaCGKAgYBaCJoGFUDOTI4coEJAACFUnKCCQAAdWJOSv3///+HcoMJAABoAmgDaASGXXKECQAAKGgGaAdlaAiHUnKFCQAAfXKGCQAAKGgLigKJAGgMWCcAAABCaWcgU2FtLi4uLi4uLi4uLi5IYXMgZ290IGEgaGlwcG9zIGhlYWRyhwkAAGgOSwBoD4oBAWgQaBEpgXKICQAAfXKJCQAAKGgUiWgVaBZ1YmgXaBhVAzU0OXKKCQAAhVJyiwkAAGgbaBhVBDE1NDZyjAkAAIVSco0JAABoHmgYVQMxNTFyjgkAAIVSco8JAABoIYoC5wBoImgYVQM4NDZykAkAAIVScpEJAAB1Yk5K/////4dykgkAAGgCaANoBIZdcpMJAAAoaAZoB2VoCIdScpQJAAB9cpUJAAAoaAuKAr4AaAxYCgAAAE1hY2tpbm5vbnNylgkAAGgOSwBoD4oBAWgQaBEpgXKXCQAAfXKYCQAAKGgUiWgVaBZ1YmgXaBhVAzQwOXKZCQAAhVJymgkAAGgbaBhVBDE1NDZymwkAAIVScpwJAABoHmgYVQMxNTFynQkAAIVScp4JAABoIYoCNQFoImgYVQM5ODZynwkAAIVScqAJAAB1Yk5K+////4dyoQkAAGgCaANoBIZdcqIJAAAoaAZoB2VoCIdScqMJAAB9cqQJAAAoaAuKAV9oDFgZAAAATGl2ZXJwb29sIGFuZCBUaGUgQmVhdGxlc3KlCQAAaA5LAGgPigEBaBBoESmBcqYJAAB9cqcJAAAoaBSJaBVoFnViaBdoGFUDNDYzcqgJAACFUnKpCQAAaBtoGFUEMTU0NXKqCQAAhVJyqwkAAGgeaBhVAzE2OHKsCQAAhVJyrQkAAGghigLMAGgiaBhVAzkxNHKuCQAAhVJyrwkAAHViTksBh3KwCQAAaAJoA2gEhl1ysQkAAChoBmgHZWgIh1JysgkAAH1yswkAAChoC4oCnQBoDFgJAAAAc3VwZXJib25ncrQJAABoDksAaA+KARFoEGgRKYFytQkAAH1ytgkAAChoFIloFWgWdWJoF2gYVQM1MTBytwkAAIVScrgJAABoG2gYVQQxNTQ1crkJAACFUnK6CQAAaB5oGFUDMTY4crsJAACFUnK8CQAAaCGKAmEBaCJoGFUDODY3cr0JAACFUnK+CQAAdWJOSvv///+Hcr8JAABoAmgDaASGXXLACQAAKGgGaAdlaAiHUnLBCQAAfXLCCQAAKGgLigKKAGgMWAsAAABHaWxsaW5ncG9vbHLDCQAAaA5LAGgPigEHaBBoESmBcsQJAAB9csUJAAAoaBSJaBVoFnViaBdoGFUDNDg5csYJAACFUnLHCQAAaBtoGFUEMTU0MHLICQAAhVJyyQkAAGgeaBhVAzE0OHLKCQAAhVJyywkAAGghigJlAWgiaBhVAzkwM3LMCQAAhVJyzQkAAHViTkr6////h3LOCQAAaAJoA2gEhl1yzwkAAChoBmgHZWgIh1Jy0AkAAH1y0QkAAChoC4oBRWgMWBUAAABAbWViZWNvbGluICN3b3JzdGJ1eXNy0gkAAGgOSwJoD4oBCmgQaBEpgXLTCQAAfXLUCQAAKGgUiWgVaBZ1YmgXaBhVAzQ0NXLVCQAAhVJy1gkAAGgbaBhVBDE1Mzly1wkAAIVSctgJAABoHmgYVQMxNjdy2QkAAIVSctoJAABoIYoCmQFoImgYVQM5Mjdy2wkAAIVSctwJAAB1Yk5LAIdy3QkAAGgCaANoBIZdct4JAAAoaAZoB2VoCIdSct8JAAB9cuAJAAAoaAuKATdoDFgPAAAAR29yZ2VvdXMgR3VzIFhJcuEJAABoDksAaA+KAQdoEGgRKYFy4gkAAH1y4wkAAChoFIloFWgWdWJoF2gYVQMzNTly5AkAAIVScuUJAABoG2gYVQQxNTM5cuYJAACFUnLnCQAAaB5oGFUDMTY4cugJAACFUnLpCQAAaCGKAh4BaCJoGFUEMTAxMnLqCQAAhVJy6wkAAHViTkr6////h3LsCQAAaAJoA2gEhl1y7QkAAChoBmgHZWgIh1Jy7gkAAH1y7wkAAChoC4oC1wBoDFgKAAAAUmF5J3MgUmVkc3LwCQAAaA5LAGgPigEBaBBoESmBcvEJAAB9cvIJAAAoaBSJaBVoFnViaBdoGFUDNDQ2cvMJAACFUnL0CQAAaBtoGFUEMTUzN3L1CQAAhVJy9gkAAGgeaBhVAzE2N3L3CQAAhVJy+AkAAGghigKVAWgiaBhVAzkyNHL5CQAAhVJy+gkAAHViTkr9////h3L7CQAAaAJoA2gEhl1y/AkAAChoBmgHZWgIh1Jy/QkAAH1y/gkAAChoC4oCugBoDFgMAAAAQm9zbGV5IEJlYXJzcv8JAABoDksAaA+KAQdoEGgRKYFyAAoAAH1yAQoAAChoFIloFWgWdWJoF2gYVQM0ODlyAgoAAIVScgMKAABoG2gYVQQxNTM2cgQKAACFUnIFCgAAaB5oGFUDMTUxcgYKAACFUnIHCgAAaCGKAi4BaCJoGFUDODk2cggKAACFUnIJCgAAdWJOSv////+HcgoKAABoAmgDaASGXXILCgAAKGgGaAdlaAiHUnIMCgAAfXINCgAAKGgLigFQaAxYGgAAAEdlZVRlZXMncyBTaG93ZXJzIG9mIExpZ2h0cg4KAABoDksAaA+KAQpoEGgRKYFyDwoAAH1yEAoAAChoFIloFWgWdWJoF2gYVQMzNDFyEQoAAIVSchIKAABoG2gYVQQxNTM0chMKAACFUnIUCgAAaB5oGFUDMTY3chUKAACFUnIWCgAAaCGKAosBaCJoGFUEMTAyNnIXCgAAhVJyGAoAAHViTksBh3IZCgAAaAJoA2gEhl1yGgoAAChoBmgHZWgIh1JyGwoAAH1yHAoAAChoC4oBGWgMWBEAAABTdGFucyBEcmVhbSBUZWFtIHIdCgAAaA5LAGgPigEBaBBoESmBch4KAAB9ch8KAAAoaBSJaBVoFnViaBdoGFUDMzc0ciAKAACFUnIhCgAAaBtoGFUEMTUzNHIiCgAAhVJyIwoAAGgeaBhVAzE2OHIkCgAAhVJyJQoAAGghigJGAWgiaBhVAzk5MnImCgAAhVJyJwoAAHViTksAh3IoCgAAaAJoA2gEhl1yKQoAAChoBmgHZWgIh1JyKgoAAH1yKwoAAChoC4oCwQBoDFgVAAAATG93ZXIgTGVhZ3VlIExvdmVsaWVzciwKAABoDksAaA+KAQFoEGgRKYFyLQoAAH1yLgoAAChoFIloFWgWdWJoF2gYVQMzMjJyLwoAAIVScjAKAABoG2gYVQQxNTMzcjEKAACFUnIyCgAAaB5oGFUDMTYzcjMKAACFUnI0CgAAaCGKAjgBaCJoGFUEMTA0OHI1CgAAhVJyNgoAAHViTksAh3I3CgAAaAJoA2gEhl1yOAoAAChoBmgHZWgIh1JyOQoAAH1yOgoAAChoC4oBZmgMWAsAAABEZXNlcnQgUmF0c3I7CgAAaA5LAGgPigEBaBBoESmBcjwKAAB9cj0KAAAoaBSJaBVoFnViaBdoGFUDNDEzcj4KAACFUnI/CgAAaBtoGFUEMTUzMXJACgAAhVJyQQoAAGgeaBhVAzE1MXJCCgAAhVJyQwoAAGghigJoAWgiaBhVAzk2N3JECgAAhVJyRQoAAHViTksHh3JGCgAAaAJoA2gEhl1yRwoAAChoBmgHZWgIh1JySAoAAH1ySQoAAChoC4oChABoDFgXAAAARGlhbmUncyBNaW5uZXNvdGEgVHdpbnNySgoAAGgOSwBoD4oBEWgQaBEpgXJLCgAAfXJMCgAAKGgUiWgVaBZ1YmgXaBhVAzMzOXJNCgAAhVJyTgoAAGgbaBhVBDE1MzFyTwoAAIVSclAKAABoHmgYVQMxNjdyUQoAAIVSclIKAABoIYoCtwFoImgYVQQxMDI1clMKAACFUnJUCgAAdWJOSwKHclUKAABoAmgDaASGXXJWCgAAKGgGaAdlaAiHUnJXCgAAfXJYCgAAKGgLigFqaAxYEQAAAFNwb3J0aW5nIEFiZWVyZ3V0clkKAABoDksAaA+KAQpoEGgRKYFyWgoAAH1yWwoAAChoFIloFWgWdWJoF2gYVQMzMDdyXAoAAIVScl0KAABoG2gYVQQxNTMwcl4KAACFUnJfCgAAaB5oGFUDMTQxcmAKAACFUnJhCgAAaCGKAtoAaCJoGFUEMTA4MnJiCgAAhVJyYwoAAHViTkr5////h3JkCgAAaAJoA2gEhl1yZQoAAChoBmgHZWgIh1JyZgoAAH1yZwoAAChoC4oBHWgMWBIAAABEYWlyeUxlZSBUcmlhbmdsZXNyaAoAAGgOSwBoD4oBAWgQaBEpgXJpCgAAfXJqCgAAKGgUiWgVaBZ1YmgXaBhVAzUyMnJrCgAAhVJybAoAAGgbaBhVBDE1MjlybQoAAIVScm4KAABoHmgYVQMxNTFybwoAAIVScnAKAABoIYoC4wBoImgYVQM4NTZycQoAAIVScnIKAAB1Yk5LAIdycwoAAGgCaANoBIZdcnQKAAAoaAZoB2VoCIdScnUKAAB9cnYKAAAoaAuKAXhoDFgSAAAAUDRDIC0gUG9yY2hsaWdodCAycncKAABoDksAaA+KARFoEGgRKYFyeAoAAH1yeQoAAChoFIloFWgWdWJoF2gYVQM0MTNyegoAAIVScnsKAABoG2gYVQQxNTI3cnwKAACFUnJ9CgAAaB5oGFUDMTY1cn4KAACFUnJ/CgAAaCGKAvAAaCJoGFUDOTQ5coAKAACFUnKBCgAAdWJOSvv///+HcoIKAABoAmgDaASGXXKDCgAAKGgGaAdlaAiHUnKECgAAfXKFCgAAKGgLigLNAGgMWBMAAABDUEEgUmVjcnVpdG1lbnQgKEcpcoYKAABoDksAaA+KAQpoEGgRKYFyhwoAAH1yiAoAAChoFIloFWgWdWJoF2gYVQMzNzlyiQoAAIVScooKAABoG2gYVQQxNTI2cosKAACFUnKMCgAAaB5oGFUDMTY3co0KAACFUnKOCgAAaCGKAmIBaCJoGFUDOTgwco8KAACFUnKQCgAAdWJOSwKHcpEKAABoAmgDaASGXXKSCgAAKGgGaAdlaAiHUnKTCgAAfXKUCgAAKGgLigF4aAxYEQAAAFA0QyAtIFBpbGdyaW1zIDNNcpUKAABoDksAaA+KAQFoEGgRKYFylgoAAH1ylwoAAChoFIloFWgWdWJoF2gYVQMzNzBymAoAAIVScpkKAABoG2gYVQQxNTI2cpoKAACFUnKbCgAAaB5oGFUDMTY3cpwKAACFUnKdCgAAaCGKAvIAaCJoGFUDOTg5cp4KAACFUnKfCgAAdWJOSwGHcqAKAABoAmgDaASGXXKhCgAAKGgGaAdlaAiHUnKiCgAAfXKjCgAAKGgLigKlAGgMWBEAAABTY290bGFuZCBUaGUgUmF2ZXKkCgAAaA5LAGgPigEHaBBoESmBcqUKAAB9cqYKAAAoaBSJaBVoFnViaBdoGFUDNDIwcqcKAACFUnKoCgAAaBtoGFUEMTUyNXKpCgAAhVJyqgoAAGgeaBhVAzE2N3KrCgAAhVJyrAoAAGghigIZAWgiaBhVAzkzOHKtCgAAhVJyrgoAAHViTksAh3KvCgAAaAJoA2gEhl1ysAoAAChoBmgHZWgIh1JysQoAAH1ysgoAAChoC4oCpwBoDFgLAAAAT2lseSB1bml0ZWRyswoAAGgOSwBoD4oBAWgQaBEpgXK0CgAAfXK1CgAAKGgUiWgVaBZ1YmgXaBhVAzQxMHK2CgAAhVJytwoAAGgbaBhVBDE1MjRyuAoAAIVScrkKAABoHmgYVQMxNTFyugoAAIVScrsKAABoIYoCEgFoImgYVQM5NjNyvAoAAIVScr0KAAB1Yk5LA4dyvgoAAGgCaANoBIZdcr8KAAAoaAZoB2VoCIdScsAKAAB9csEKAAAoaAuKArkAaAxYDQAAAFN0dWFydCBBdGtpbnNywgoAAGgOSwBoD4oBCmgQaBEpgXLDCgAAfXLECgAAKGgUiWgVaBZ1YmgXaBhVAzQxMHLFCgAAhVJyxgoAAGgbaBhVBDE1MjRyxwoAAIVScsgKAABoHmgYVQMxNTFyyQoAAIVScsoKAABoIYoCLQFoImgYVQM5NjNyywoAAIVScswKAAB1Yk5LCIdyzQoAAGgCaANoBIZdcs4KAAAoaAZoB2VoCIdScs8KAAB9ctAKAAAoaAuKASdoDFgWAAAAVGhvbWFzIHRoZSBUYW5rIEVuZ2luZXLRCgAAaA5LAGgPigEKaBBoESmBctIKAAB9ctMKAAAoaBSJaBVoFnViaBdoGFUDNDQ0ctQKAACFUnLVCgAAaBtoGFUEMTUyM3LWCgAAhVJy1woAAGgeaBhVAzE1MXLYCgAAhVJy2QoAAGghigK7AWgiaBhVAzkyOHLaCgAAhVJy2woAAHViTksFh3LcCgAAaAJoA2gEhl1y3QoAAChoBmgHZWgIh1Jy3goAAH1y3woAAChoC4oCyABoDFgKAAAATmV3ZXlzIDQ0NHLgCgAAaA5LAGgPigEHaBBoESmBcuEKAAB9cuIKAAAoaBSJaBVoFnViaBdoGFUDMzg3cuMKAACFUnLkCgAAaBtoGFUEMTUyMnLlCgAAhVJy5goAAGgeaBhVAzE1MXLnCgAAhVJy6AoAAGghigJJAWgiaBhVAzk4NHLpCgAAhVJy6goAAHViTkr5////h3LrCgAAaAJoA2gEhl1y7AoAAChoBmgHZWgIh1Jy7QoAAH1y7goAAChoC4oC0gBoDFgJAAAAU3BpdGZpcmVzcu8KAABoDksAaA+KAQdoEGgRKYFy8AoAAH1y8QoAAChoFIloFWgWdWJoF2gYVQM0MDFy8goAAIVScvMKAABoG2gYVQQxNTIycvQKAACFUnL1CgAAaB5oGFUDMTY4cvYKAACFUnL3CgAAaCGKAnQBaCJoGFUDOTUzcvgKAACFUnL5CgAAdWJOSvn///+HcvoKAABoAmgDaASGXXL7CgAAKGgGaAdlaAiHUnL8CgAAfXL9CgAAKGgLigKHAGgMWAkAAABKYWNrJ3MgWEly/goAAGgOSwBoD4oBCmgQaBEpgXL/CgAAfXIACwAAKGgUiWgVaBZ1YmgXaBhVAzYxNXIBCwAAhVJyAgsAAGgbaBhVBDE1MTlyAwsAAIVScgQLAABoHmgYVQMxNTFyBQsAAIVScgYLAABoIYoC6ABoImgYVQM3NTNyBwsAAIVScggLAAB1Yk5K/////4dyCQsAAGgCaANoBIZdcgoLAAAoaAZoB2VoCIdScgsLAAB9cgwLAAAoaAuKAQdoDFgKAAAATFZHIFVuaXRlZHINCwAAaA5LAGgPigEBaBBoESmBcg4LAAB9cg8LAAAoaBSJaBVoFnViaBdoGFUDNTA2chALAACFUnIRCwAAaBtoGFUEMTUxOXISCwAAhVJyEwsAAGgeaBhVAzE1MXIUCwAAhVJyFQsAAGghigLNAGgiaBhVAzg2MnIWCwAAhVJyFwsAAHViTkr/////h3IYCwAAaAJoA2gEhl1yGQsAAChoBmgHZWgIh1JyGgsAAH1yGwsAAChoC4oChgBoDFgIAAAAQmFycnBvb2xyHAsAAGgOSwBoD4oBAWgQaBEpgXIdCwAAfXIeCwAAKGgUiWgVaBZ1YmgXaBhVAzQwOXIfCwAAhVJyIAsAAGgbaBhVBDE1MTdyIQsAAIVSciILAABoHmgYVQMxNzJyIwsAAIVSciQLAABoIYoC3ABoImgYVQM5MzZyJQsAAIVSciYLAAB1Yk5K+////4dyJwsAAGgCaANoBIZdcigLAAAoaAZoB2VoCIdScikLAAB9cioLAAAoaAuKAoQAaAxYGAAAAFRoZSBBbWVyaWNhbnMgQXJlIENvbWluZ3IrCwAAaA5LAGgPigEKaBBoESmBciwLAAB9ci0LAAAoaBSJaBVoFnViaBdoGFUDNDc2ci4LAACFUnIvCwAAaBtoGFUEMTUxN3IwCwAAhVJyMQsAAGgeaBhVAzE2OHIyCwAAhVJyMwsAAGghigIkAWgiaBhVAzg3M3I0CwAAhVJyNQsAAHViTkr/////h3I2CwAAaAJoA2gEhl1yNwsAAChoBmgHZWgIh1JyOAsAAH1yOQsAAChoC4oC2gBoDFgPAAAAUmFuIG91dCBvZiB0aW1lcjoLAABoDksAaA+KAQpoEGgRKYFyOwsAAH1yPAsAAChoFIloFWgWdWJoF2gYVQMzODFyPQsAAIVScj4LAABoG2gYVQQxNTE2cj8LAACFUnJACwAAaB5oGFUDMTY4ckELAACFUnJCCwAAaCGKAq4BaCJoGFUDOTY3ckMLAACFUnJECwAAdWJOSwCHckULAABoAmgDaASGXXJGCwAAKGgGaAdlaAiHUnJHCwAAfXJICwAAKGgLigLZAGgMWAwAAABUJ3MgQWxsc3RhcnNySQsAAGgOSwBoD4oBB2gQaBEpgXJKCwAAfXJLCwAAKGgUiWgVaBZ1YmgXaBhVAzQ2M3JMCwAAhVJyTQsAAGgbaBhVBDE1MTVyTgsAAIVSck8LAABoHmgYVQMxNjhyUAsAAIVSclELAABoIYoCrwFoImgYVQM4ODRyUgsAAIVSclMLAAB1Yk5LAIdyVAsAAGgCaANoBIZdclULAAAoaAZoB2VoCIdSclYLAAB9clcLAAAoaAuKAs0AaAxYEwAAAENQQSBSZWNydWl0bWVudCAoSClyWAsAAGgOSwBoD4oBCmgQaBEpgXJZCwAAfXJaCwAAKGgUiWgVaBZ1YmgXaBhVAzQ1MnJbCwAAhVJyXAsAAGgbaBhVBDE1MTRyXQsAAIVScl4LAABoHmgYVQMxNTFyXwsAAIVScmALAABoIYoCwQFoImgYVQM5MTFyYQsAAIVScmILAAB1Yk5K/////4dyYwsAAGgCaANoBIZdcmQLAAAoaAZoB2VoCIdScmULAAB9cmYLAAAoaAuKARNoDFgQAAAAQWludCBHb3QgQSBLYWxvdXJnCwAAaA5LAGgPigEKaBBoESmBcmgLAAB9cmkLAAAoaBSJaBVoFnViaBdoGFUDNDU1cmoLAACFUnJrCwAAaBtoGFUEMTUwOXJsCwAAhVJybQsAAGgeaBhVAzE3OXJuCwAAhVJybwsAAGghigK6AGgiaBhVAzg3NXJwCwAAhVJycQsAAHViTksCh3JyCwAAaAJoA2gEhl1ycwsAAChoBmgHZWgIh1JydAsAAH1ydQsAAChoC4oC3gBoDFgCAAAARVZydgsAAGgOSwBoD4oBB2gQaBEpgXJ3CwAAfXJ4CwAAKGgUiWgVaBZ1YmgXaBhVAzM3N3J5CwAAhVJyegsAAGgbaBhVBDE1MDVyewsAAIVScnwLAABoHmgYVQMxNjdyfQsAAIVScn4LAABoIYoCyQFoImgYVQM5NjFyfwsAAIVScoALAAB1Yk5K/////4dygQsAAGgCaANoBIZdcoILAAAoaAZoB2VoCIdScoMLAAB9coQLAAAoaAuKAroAaAxYDAAAAFR5a2UgVGVycm9yc3KFCwAAaA5LAGgPigEHaBBoESmBcoYLAAB9cocLAAAoaBSJaBVoFnViaBdoGFUDNDIwcogLAACFUnKJCwAAaBtoGFUEMTUwNHKKCwAAhVJyiwsAAGgeaBhVAzE3OXKMCwAAhVJyjQsAAGghigIvAWgiaBhVAzkwNXKOCwAAhVJyjwsAAHViTksGh3KQCwAAaAJoA2gEhl1ykQsAAChoBmgHZWgIh1JykgsAAH1ykwsAAChoC4oClwBoDFgGAAAAUGFycnkzcpQLAABoDksAaA+KARFoEGgRKYFylQsAAH1ylgsAAChoFIloFWgWdWJoF2gYVQM0MTRylwsAAIVScpgLAABoG2gYVQQxNDk5cpkLAACFUnKaCwAAaB5oGFUDMTMycpsLAACFUnKcCwAAaCGKAkgBaCJoGFUDOTUzcp0LAACFUnKeCwAAdWJOSwKHcp8LAABoAmgDaASGXXKgCwAAKGgGaAdlaAiHUnKhCwAAfXKiCwAAKGgLigF5aAxYFgAAAFRpbmdleWFsIDAxIC0gUHJvbW90ZWRyowsAAGgOSwJoD4oBCmgQaBEpgXKkCwAAfXKlCwAAKGgUiWgVaBZ1YmgXaBhVAzM5N3KmCwAAhVJypwsAAGgbaBhVBDE0OTlyqAsAAIVScqkLAABoHmgYVQMxNjdyqgsAAIVScqsLAABoIYoCcgFoImgYVQM5MzVyrAsAAIVScq0LAAB1Yk5K/v///4dyrgsAAGgCaANoBIZdcq8LAAAoaAZoB2VoCIdScrALAAB9crELAAAoaAuKAQtoDFgVAAAAQm9iIEJvYiBCb2JiaW5nIEFsb25ncrILAABoDksAaA+KAQFoEGgRKYFyswsAAH1ytAsAAChoFIloFWgWdWJoF2gYVQM0MDlytQsAAIVScrYLAABoG2gYVQQxNDk1crcLAACFUnK4CwAAaB5oGFUDMTE1crkLAACFUnK6CwAAaCGKAs4AaCJoGFUDOTcxcrsLAACFUnK8CwAAdWJOSv3///+Hcr0LAABoAmgDaASGXXK+CwAAKGgGaAdlaAiHUnK/CwAAfXLACwAAKGgLigLKAGgMWBEAAABUaGUgTWlsa3kgQmFyIEtpZHLBCwAAaA5LAGgPigEKaBBoESmBcsILAAB9csMLAAAoaBSJaBVoFnViaBdoGFUDNDczcsQLAACFUnLFCwAAaBtoGFUEMTQ5NHLGCwAAhVJyxwsAAGgeaBhVAzEzMnLICwAAhVJyyQsAAGghigJPAWgiaBhVAzg4OXLKCwAAhVJyywsAAHViTkr8////h3LMCwAAaAJoA2gEhl1yzQsAAChoBmgHZWgIh1JyzgsAAH1yzwsAAChoC4oBCGgMWCkAAABUaGUgS2luZyBJcyBEZWFkLCBMb25nIExpdmUgVGhlIFN0dXJyaWRnZXLQCwAAaA5LAGgPigEHaBBoESmBctELAAB9ctILAAAoaBSJaBVoFnViaBdoGFUDMzczctMLAACFUnLUCwAAaBtoGFUEMTQ4OXLVCwAAhVJy1gsAAGgeaBhVAzE2NnLXCwAAhVJy2AsAAGghigL8AGgiaBhVAzk1MHLZCwAAhVJy2gsAAHViTksAh3LbCwAAaAJoA2gEhl1y3AsAAChoBmgHZWgIh1Jy3QsAAH1y3gsAAChoC4oCigBoDFgSAAAASmFtZXMgdGhlIENhdGFwdWx0ct8LAABoDksAaA+KAQdoEGgRKYFy4AsAAH1y4QsAAChoFIloFWgWdWJoF2gYVQM1MTVy4gsAAIVScuMLAABoG2gYVQQxNDg1cuQLAACFUnLlCwAAaB5oGFUDMTU1cuYLAACFUnLnCwAAaCGKAuoAaCJoGFUDODE1cugLAACFUnLpCwAAdWJOSv7///+HcuoLAABoAmgDaASGXXLrCwAAKGgGaAdlaAiHUnLsCwAAfXLtCwAAKGgLigKLAGgMWAkAAAB1bHRyYWNsdWJy7gsAAGgOSwBoD4oBCmgQaBEpgXLvCwAAfXLwCwAAKGgUiWgVaBZ1YmgXaBhVAzQ1MnLxCwAAhVJy8gsAAGgbaBhVBDE0ODVy8wsAAIVScvQLAABoHmgYVQMxNjhy9QsAAIVScvYLAABoIYoC+ABoImgYVQM4NjVy9wsAAIVScvgLAAB1Yk5LAIdy+QsAAGgCaANoBIZdcvoLAAAoaAZoB2VoCIdScvsLAAB9cvwLAAAoaAuKAoQAaAxYGgAAAERpYW5lJ3MgR3JlYXQgTGFrZSBHb29uZXJzcv0LAABoDksAaA+KAQFoEGgRKYFy/gsAAH1y/wsAAChoFIloFWgWdWJoF2gYVQM0MzNyAAwAAIVScgEMAABoG2gYVQQxNDgycgIMAACFUnIDDAAAaB5oGFUDMTc5cgQMAACFUnIFDAAAaCGKArwBaCJoGFUDODcwcgYMAACFUnIHDAAAdWJOSwiHcggMAABoAmgDaASGXXIJDAAAKGgGaAdlaAiHUnIKDAAAfXILDAAAKGgLigFwaAxYEAAAADQ5IHllYXJzIG9mIGh1cnRyDAwAAGgOSwBoD4oBCmgQaBEpgXINDAAAfXIODAAAKGgUiWgVaBZ1YmgXaBhVAzQ1NHIPDAAAhVJyEAwAAGgbaBhVBDE0ODByEQwAAIVSchIMAABoHmgYVQMxNjhyEwwAAIVSchQMAABoIYoCYwFoImgYVQM4NThyFQwAAIVSchYMAAB1Yk5K/f///4dyFwwAAGgCaANoBIZdchgMAAAoaAZoB2VoCIdSchkMAAB9choMAAAoaAuKAXhoDFgSAAAAUDRDIC0gUG9yY2hsaWdodCAxchsMAABoDksAaA+KARFoEGgRKYFyHAwAAH1yHQwAAChoFIloFWgWdWJoF2gYVQMzNjRyHgwAAIVSch8MAABoG2gYVQQxNDc2ciAMAACFUnIhDAAAaB5oGFUDMTY3ciIMAACFUnIjDAAAaCGKAuwAaCJoGFUDOTQ1ciQMAACFUnIlDAAAdWJOSwCHciYMAABoAmgDaASGXXInDAAAKGgGaAdlaAiHUnIoDAAAfXIpDAAAKGgLigF/aAxYGQAAAEhhbndlbGwgRWx0aG9ybmUgR2xhZGJhY2hyKgwAAGgOSwBoD4oBCmgQaBEpgXIrDAAAfXIsDAAAKGgUiWgVaBZ1YmgXaBhVAzQ4MXItDAAAhVJyLgwAAGgbaBhVBDE0NzFyLwwAAIVScjAMAABoHmgYVQI5OHIxDAAAhVJyMgwAAGghigLPAGgiaBhVAzg5MnIzDAAAhVJyNAwAAHViTkr+////h3I1DAAAaAJoA2gEhl1yNgwAAChoBmgHZWgIh1JyNwwAAH1yOAwAAChoC4oC3gBoDFgMAAAAVG9tIENvZ2hpbGwxcjkMAABoDksAaA+KAQFoEGgRKYFyOgwAAH1yOwwAAChoFIloFWgWdWJoF2gYVQM0NDVyPAwAAIVScj0MAABoG2gYVQQxNDcwcj4MAACFUnI/DAAAaB5oGFUDMTUxckAMAACFUnJBDAAAaCGKAsUBaCJoGFUDODc0ckIMAACFUnJDDAAAdWJOSv7///+HckQMAABoAmgDaASGXXJFDAAAKGgGaAdlaAiHUnJGDAAAfXJHDAAAKGgLigKlAGgMWA8AAABkYXN0YXJkbHkgZGVlZHNySAwAAGgOSwBoD4oBB2gQaBEpgXJJDAAAfXJKDAAAKGgUiWgVaBZ1YmgXaBhVAzQ4MnJLDAAAhVJyTAwAAGgbaBhVBDE0NjdyTQwAAIVSck4MAABoHmgYVQMxNjhyTwwAAIVSclAMAABoIYoCEAFoImgYVQM4MTdyUQwAAIVSclIMAAB1Yk5LAIdyUwwAAGgCaANoBIZdclQMAAAoaAZoB2VoCIdSclUMAAB9clYMAAAoaAuKApgAaAxYDwAAAFNjb3JjaGlvIFJpc2luZ3JXDAAAaA5LAGgPigERaBBoESmBclgMAAB9clkMAAAoaBSJaBVoFnViaBdoGFUDNDUwcloMAACFUnJbDAAAaBtoGFUEMTQ2N3JcDAAAhVJyXQwAAGgeaBhVAzE3OXJeDAAAhVJyXwwAAGghigL/AGgiaBhVAzgzOHJgDAAAhVJyYQwAAHViTksNh3JiDAAAaAJoA2gEhl1yYwwAAChoBmgHZWgIh1JyZAwAAH1yZQwAAChoC4oBCWgMWBEAAABNYXJtaXRlcyBFbXBvcml1bXJmDAAAaA5LAGgPigEHaBBoESmBcmcMAAB9cmgMAAAoaBSJaBVoFnViaBdoGFUDNDE5cmkMAACFUnJqDAAAaBtoGFUEMTQ2NnJrDAAAhVJybAwAAGgeaBhVAzE1MnJtDAAAhVJybgwAAGghigLDAGgiaBhVAzg5NXJvDAAAhVJycAwAAHViTksAh3JxDAAAaAJoA2gEhl1ycgwAAChoBmgHZWgIh1JycwwAAH1ydAwAAChoC4oBVmgMWBYAAABDcmVhbSBvZiBNdXNocm9vbSBTb3VwcnUMAABoDksAaA+KARFoEGgRKYFydgwAAH1ydwwAAChoFIloFWgWdWJoF2gYVQMzNjhyeAwAAIVScnkMAABoG2gYVQQxNDY0cnoMAACFUnJ7DAAAaB5oGFUDMTY3cnwMAACFUnJ9DAAAaCGKAsEAaCJoGFUDOTI5cn4MAACFUnJ/DAAAdWJOSv3///+HcoAMAABoAmgDaASGXXKBDAAAKGgGaAdlaAiHUnKCDAAAfXKDDAAAKGgLigFiaAxYBwAAAE9sZCBNZW5yhAwAAGgOSwBoD4oBAWgQaBEpgXKFDAAAfXKGDAAAKGgUiWgVaBZ1YmgXaBhVAzQ1M3KHDAAAhVJyiAwAAGgbaBhVBDE0NjRyiQwAAIVScooMAABoHmgYVQMxMzJyiwwAAIVScowMAABoIYoCEQFoImgYVQM4NzlyjQwAAIVSco4MAAB1Yk5K/P///4dyjwwAAGgCaANoBIZdcpAMAAAoaAZoB2VoCIdScpEMAAB9cpIMAAAoaAuKAocAaAxYEgAAAE5vcmZvbGsgJ24nIENoYW5jZXKTDAAAaA5LAGgPigERaBBoESmBcpQMAAB9cpUMAAAoaBSJaBVoFnViaBdoGFUDNjc3cpYMAACFUnKXDAAAaBtoGFUEMTQ2M3KYDAAAhVJymQwAAGgeaBhVAzEwMnKaDAAAhVJymwwAAGghigLfAGgiaBhVAzY4NHKcDAAAhVJynQwAAHViTksCh3KeDAAAaAJoA2gEhl1ynwwAAChoBmgHZWgIh1JyoAwAAH1yoQwAAChoC4oBA2gMWAwAAABEYXQgRGV5YXIgWElyogwAAGgOSwBoD4oBB2gQaBEpgXKjDAAAfXKkDAAAKGgUiWgVaBZ1YmgXaBhVAzM1OXKlDAAAhVJypgwAAGgbaBhVBDE0NjFypwwAAIVScqgMAABoHmgYVQMxNjdyqQwAAIVScqoMAABoIYoCuQBoImgYVQM5MzVyqwwAAIVScqwMAAB1Yk5LAodyrQwAAGgCaANoBIZdcq4MAAAoaAZoB2VoCIdScq8MAAB9crAMAAAoaAuKArEAaAxYEwAAAE1pbGxlciBCcmlja3dvcmsgMDdysQwAAGgOSwBoD4oBAWgQaBEpgXKyDAAAfXKzDAAAKGgUiWgVaBZ1YmgXaBhVAzQ1NnK0DAAAhVJytQwAAGgbaBhVBDE0NTlytgwAAIVScrcMAABoHmgYVQMxNTByuAwAAIVScrkMAABoIYoCjgFoImgYVQM4NTNyugwAAIVScrsMAAB1Yk5K/P///4dyvAwAAGgCaANoBIZdcr0MAAAoaAZoB2VoCIdScr4MAAB9cr8MAAAoaAuKAoUAaAxYDAAAAFRoZSBGdW1ibGVyc3LADAAAaA5LAGgPigEBaBBoESmBcsEMAAB9csIMAAAoaBSJaBVoFnViaBdoGFUDNDQ4csMMAACFUnLEDAAAaBtoGFUEMTQ1OXLFDAAAhVJyxgwAAGgeaBhVAzE1MXLHDAAAhVJyyAwAAGghigLWAGgiaBhVAzg2MHLJDAAAhVJyygwAAHViTksBh3LLDAAAaAJoA2gEhl1yzAwAAChoBmgHZWgIh1JyzQwAAH1yzgwAAChoC4oChABoDFgTAAAARGlhbmUncyBOb3J0aCBTdGFyc3LPDAAAaA5LAGgPigEHaBBoESmBctAMAAB9ctEMAAAoaBSJaBVoFnViaBdoGFUDMzk3ctIMAACFUnLTDAAAaBtoGFUEMTQ1N3LUDAAAhVJy1QwAAGgeaBhVAzEzNnLWDAAAhVJy1wwAAGghigK/AWgiaBhVAzkyNHLYDAAAhVJy2QwAAHViTkr8////h3LaDAAAaAJoA2gEhl1y2wwAAChoBmgHZWgIh1Jy3AwAAH1y3QwAAChoC4oC1QBoDFgMAAAAUHJpY2VsZXNzIEZDct4MAABoDksAaA+KAQFoEGgRKYFy3wwAAH1y4AwAAChoFIloFWgWdWJoF2gYVQM0NzFy4QwAAIVScuIMAABoG2gYVQQxNDU3cuMMAACFUnLkDAAAaB5oGFUDMTI2cuUMAACFUnLmDAAAaCGKApIBaCJoGFUDODYwcucMAACFUnLoDAAAdWJOSwOHcukMAABoAmgDaASGXXLqDAAAKGgGaAdlaAiHUnLrDAAAfXLsDAAAKGgLigEzaAxYEQAAAER1bmt5J3MgRG91Z2hudXRzcu0MAABoDksAaA+KAQFoEGgRKYFy7gwAAH1y7wwAAChoFIloFWgWdWJoF2gYVQMzOTJy8AwAAIVScvEMAABoG2gYVQQxNDU1cvIMAACFUnLzDAAAaB5oGFUDMTMycvQMAACFUnL1DAAAaCGKAiEBaCJoGFUDOTMxcvYMAACFUnL3DAAAdWJOSvr///+HcvgMAABoAmgDaASGXXL5DAAAKGgGaAdlaAiHUnL6DAAAfXL7DAAAKGgLigLPAGgMWAcAAABNeSBHYWxzcvwMAABoDksAaA+KAQFoEGgRKYFy/QwAAH1y/gwAAChoFIloFWgWdWJoF2gYVQM0MzVy/wwAAIVScgANAABoG2gYVQQxNDU1cgENAACFUnICDQAAaB5oGFUDMTU0cgMNAACFUnIEDQAAaCGKAm0BaCJoGFUDODY2cgUNAACFUnIGDQAAdWJOSweHcgcNAABoAmgDaASGXXIIDQAAKGgGaAdlaAiHUnIJDQAAfXIKDQAAKGgLigKHAGgMWA8AAABUcmFmZm9yZCBVbml0ZWRyCw0AAGgOSwBoD4oBAWgQaBEpgXIMDQAAfXINDQAAKGgUiWgVaBZ1YmgXaBhVAzU0NXIODQAAhVJyDw0AAGgbaBhVBDE0NTNyEA0AAIVSchENAABoHmgYVQMxNTFyEg0AAIVSchMNAABoIYoC3gBoImgYVQM3NTdyFA0AAIVSchUNAAB1Yk5K+////4dyFg0AAGgCaANoBIZdchcNAAAoaAZoB2VoCIdSchgNAAB9chkNAAAoaAuKATVoDFgNAAAAQmxhY2sgQ2F0cyBYSXIaDQAAaA5LAGgPigEBaBBoESmBchsNAAB9chwNAAAoaBSJaBVoFnViaBdoGFUDMzYwch0NAACFUnIeDQAAaBtoGFUEMTQ1MnIfDQAAhVJyIA0AAGgeaBhVAzEzMnIhDQAAhVJyIg0AAGghigJFAWgiaBhVAzk2MHIjDQAAhVJyJA0AAHViTkr9////h3IlDQAAaAJoA2gEhl1yJg0AAChoBmgHZWgIh1JyJw0AAH1yKA0AAChoC4oBfmgMWAcAAABPdmVyIE1lcikNAABoDksAaA+KAQFoEGgRKYFyKg0AAH1yKw0AAChoFIloFWgWdWJoF2gYVQM0MzZyLA0AAIVSci0NAABoG2gYVQQxNDQ4ci4NAACFUnIvDQAAaB5oGFUCNzhyMA0AAIVScjENAABoIYoCyABoImgYVQM5MzRyMg0AAIVScjMNAAB1Yk5LAYdyNA0AAGgCaANoBIZdcjUNAAAoaAZoB2VoCIdScjYNAAB9cjcNAAAoaAuKAXhoDFgWAAAAUDRDIC0gQWlyIEFtYnVsYW5jZSAzU3I4DQAAaA5LAGgPigEKaBBoESmBcjkNAAB9cjoNAAAoaBSJaBVoFnViaBdoGFUDMzQ5cjsNAACFUnI8DQAAaBtoGFUEMTQ0OHI9DQAAhVJyPg0AAGgeaBhVAzE2NXI/DQAAhVJyQA0AAGghigLxAGgiaBhVAzkzNHJBDQAAhVJyQg0AAHViTkr/////h3JDDQAAaAJoA2gEhl1yRA0AAChoBmgHZWgIh1JyRQ0AAH1yRg0AAChoC4oBamgMWAUAAAAjUk9GTHJHDQAAaA5LAGgPigEKaBBoESmBckgNAAB9ckkNAAAoaBSJaBVoFnViaBdoGFUDNDc1ckoNAACFUnJLDQAAaBtoGFUEMTQ0NHJMDQAAhVJyTQ0AAGgeaBhVAzE2N3JODQAAhVJyTw0AAGghigLbAGgiaBhVAzgwMnJQDQAAhVJyUQ0AAHViTkr+////h3JSDQAAaAJoA2gEhl1yUw0AAChoBmgHZWgIh1JyVA0AAH1yVQ0AAChoC4oCzQBoDFgTAAAAQ1BBIFJlY3J1aXRtZW50IChGKXJWDQAAaA5LAGgPigEBaBBoESmBclcNAAB9clgNAAAoaBSJaBVoFnViaBdoGFUDMzQ0clkNAACFUnJaDQAAaBtoGFUEMTQzOHJbDQAAhVJyXA0AAGgeaBhVAzE1MXJdDQAAhVJyXg0AAGghigJeAWgiaBhVAzk0M3JfDQAAhVJyYA0AAHViTkr/////h3JhDQAAaAJoA2gEhl1yYg0AAChoBmgHZWgIh1JyYw0AAH1yZA0AAChoC4oCwQBoDFgmAAAAQWxhbiBKb2huIEJhcm5lcyBJYW4gVGluZ2V5IGlzIG15IElkb2xyZQ0AAGgOSwBoD4oBAWgQaBEpgXJmDQAAfXJnDQAAKGgUiWgVaBZ1YmgXaBhVAzM5NXJoDQAAhVJyaQ0AAGgbaBhVBDE0MzVyag0AAIVScmsNAABoHmgYVQI3OHJsDQAAhVJybQ0AAGghigI7AWgiaBhVAzk2MnJuDQAAhVJybw0AAHViTksAh3JwDQAAaAJoA2gEhl1ycQ0AAChoBmgHZWgIh1Jycg0AAH1ycw0AAChoC4oCvwBoDFgjAAAAdW5kZXIgcHJlc3N1cmUsIGkgZG9uJ3QgaGF2ZSBhIGNsdWVydA0AAGgOSwBoD4oBCmgQaBEpgXJ1DQAAfXJ2DQAAKGgUiWgVaBZ1YmgXaBhVAzQwNnJ3DQAAhVJyeA0AAGgbaBhVBDE0MzRyeQ0AAIVScnoNAABoHmgYVQMxNjdyew0AAIVScnwNAABoIYoCNgFoImgYVQM4NjFyfQ0AAIVScn4NAAB1Yk5LAIdyfw0AAGgCaANoBIZdcoANAAAoaAZoB2VoCIdScoENAAB9coINAAAoaAuKApIAaAxYDAAAAFVuaW9uIFVuaXRlZHKDDQAAaA5LAGgPigEHaBBoESmBcoQNAAB9coUNAAAoaBSJaBVoFnViaBdoGFUDMzQwcoYNAACFUnKHDQAAaBtoGFUEMTQzNHKIDQAAhVJyiQ0AAGgeaBhVAzE1MXKKDQAAhVJyiw0AAGghigL6AGgiaBhVAzk0M3KMDQAAhVJyjQ0AAHViTksBh3KODQAAaAJoA2gEhl1yjw0AAChoBmgHZWgIh1JykA0AAH1ykQ0AAChoC4oBeGgMWA8AAABQNEMgLSBEZW1lbHphIDJykg0AAGgOSwBoD4oBB2gQaBEpgXKTDQAAfXKUDQAAKGgUiWgVaBZ1YmgXaBhVAzQwOXKVDQAAhVJylg0AAGgbaBhVBDE0MzNylw0AAIVScpgNAABoHmgYVQMxNzlymQ0AAIVScpoNAABoIYoC7gBoImgYVQM4NDVymw0AAIVScpwNAAB1Yk5LBYdynQ0AAGgCaANoBIZdcp4NAAAoaAZoB2VoCIdScp8NAAB9cqANAAAoaAuKAVFoDFgaAAAAVGhlIG9ubHkgd2F5IGlzIHJlbGVnYXRpb25yoQ0AAGgOSwBoD4oBB2gQaBEpgXKiDQAAfXKjDQAAKGgUiWgVaBZ1YmgXaBhVAzQ5MHKkDQAAhVJypQ0AAGgbaBhVBDE0Mjlypg0AAIVScqcNAABoHmgYVQI5NnKoDQAAhVJyqQ0AAGghigKAAWgiaBhVAzg0M3KqDQAAhVJyqw0AAHViTksAh3KsDQAAaAJoA2gEhl1yrQ0AAChoBmgHZWgIh1Jyrg0AAH1yrw0AAChoC4oCrgBoDFgSAAAAQ2hsb2UncyBXaW5uaW5nIDExcrANAABoDksAaA+KAQpoEGgRKYFysQ0AAH1ysg0AAChoFIloFWgWdWJoF2gYVQMzODhysw0AAIVScrQNAABoG2gYVQQxNDI4crUNAACFUnK2DQAAaB5oGFUDMTM2crcNAACFUnK4DQAAaCGKAmkBaCJoGFUDOTA0crkNAACFUnK6DQAAdWJOSwCHcrsNAABoAmgDaASGXXK8DQAAKGgGaAdlaAiHUnK9DQAAfXK+DQAAKGgLigEdaAxYCgAAAEJsYWNrIENhdHpyvw0AAGgOSwBoD4oBB2gQaBEpgXLADQAAfXLBDQAAKGgUiWgVaBZ1YmgXaBhVAzQwNnLCDQAAhVJyww0AAGgbaBhVBDE0MjdyxA0AAIVScsUNAABoHmgYVQMxMzZyxg0AAIVScscNAABoIYoC1wBoImgYVQM4ODVyyA0AAIVScskNAAB1Yk5LAIdyyg0AAGgCaANoBIZdcssNAAAoaAZoB2VoCIdScswNAAB9cs0NAAAoaAuKArEAaAxYEwAAAE1pbGxlciBCcmlja3dvcmsgMDNyzg0AAGgOSwBoD4oBAWgQaBEpgXLPDQAAfXLQDQAAKGgUiWgVaBZ1YmgXaBhVAzQxMXLRDQAAhVJy0g0AAGgbaBhVBDE0MjVy0w0AAIVSctQNAABoHmgYVQMxNjdy1Q0AAIVSctYNAABoIYoCfwFoImgYVQM4NDdy1w0AAIVSctgNAAB1Yk5LAIdy2Q0AAGgCaANoBIZdctoNAAAoaAZoB2VoCIdSctsNAAB9ctwNAAAoaAuKAqUAaAxYFQAAAHRoZSBjcmVlcHkgY291cCBuby4gMnLdDQAAaA5LAGgPigEHaBBoESmBct4NAAB9ct8NAAAoaBSJaBVoFnViaBdoGFUDNDIwcuANAACFUnLhDQAAaBtoGFUEMTQyNXLiDQAAhVJy4w0AAGgeaBhVAzE2N3LkDQAAhVJy5Q0AAGghigJBAWgiaBhVAzgzOHLmDQAAhVJy5w0AAHViTkr8////h3LoDQAAaAJoA2gEhl1y6Q0AAChoBmgHZWgIh1Jy6g0AAH1y6w0AAChoC4oBWGgMWA8AAABCYW5qbydzIEJhbmRpdHNy7A0AAGgOSwBoD4oBCmgQaBEpgXLtDQAAfXLuDQAAKGgUiWgVaBZ1YmgXaBhVAzQxMHLvDQAAhVJy8A0AAGgbaBhVBDE0MjRy8Q0AAIVScvINAABoHmgYVQMxNzly8w0AAIVScvQNAABoIYoCmwFoImgYVQM4MzVy9Q0AAIVScvYNAAB1Yk5LAYdy9w0AAGgCaANoBIZdcvgNAAAoaAZoB2VoCIdScvkNAAB9cvoNAAAoaAuKAWZoDFgNAAAAVGhlIEphdmVsaW5hc3L7DQAAaA5LAGgPigEBaBBoESmBcvwNAAB9cv0NAAAoaBSJaBVoFnViaBdoGFUDMzAzcv4NAACFUnL/DQAAaBtoGFUEMTQxOXIADgAAhVJyAQ4AAGgeaBhVAzEzNnICDgAAhVJyAw4AAGghigJqAWgiaBhVAzk4MHIEDgAAhVJyBQ4AAHViTkr/////h3IGDgAAaAJoA2gEhl1yBw4AAChoBmgHZWgIh1JyCA4AAH1yCQ4AAChoC4oBVmgMWB4AAABJIHN0aWxsIGRvbid0IHdhbnQgdG8gd2luIHRoaXNyCg4AAGgOSwBoD4oBEWgQaBEpgXILDgAAfXIMDgAAKGgUiWgVaBZ1YmgXaBhVAzMxOXINDgAAhVJyDg4AAGgbaBhVBDE0MTFyDw4AAIVSchAOAABoHmgYVQMxNjhyEQ4AAIVSchIOAABoIYoCwABoImgYVQM5MjRyEw4AAIVSchQOAAB1Yk5LAYdyFQ4AAGgCaANoBIZdchYOAAAoaAZoB2VoCIdSchcOAAB9chgOAAAoaAuKAU5oDFgLAAAAUGF1bCdzIERXQURyGQ4AAGgOSwJoD4oBB2gQaBEpgXIaDgAAfXIbDgAAKGgUiWgVaBZ1YmgXaBhVAzQ2MHIcDgAAhVJyHQ4AAGgbaBhVBDE0MDlyHg4AAIVSch8OAABoHmgYVQMxNTFyIA4AAIVSciEOAABoIYoCjwFoImgYVQM3OThyIg4AAIVSciMOAAB1Yk5LAodyJA4AAGgCaANoBIZdciUOAAAoaAZoB2VoCIdSciYOAAB9cicOAAAoaAuKAswAaAxYDQAAAFNhcmFoJ3MgU1RBUlNyKA4AAGgOSwBoD4oBAWgQaBEpgXIpDgAAfXIqDgAAKGgUiWgVaBZ1YmgXaBhVAzQ0MXIrDgAAhVJyLA4AAGgbaBhVBDE0MDhyLQ4AAIVSci4OAABoHmgYVQMxNjdyLw4AAIVScjAOAABoIYoCUQFoImgYVQM4MDByMQ4AAIVScjIOAAB1Yk5LAIdyMw4AAGgCaANoBIZdcjQOAAAoaAZoB2VoCIdScjUOAAB9cjYOAAAoaAuKAWZoDFgNAAAATW9uc29vbiBTdGFyc3I3DgAAaA5LAGgPigEBaBBoESmBcjgOAAB9cjkOAAAoaBSJaBVoFnViaBdoGFUDNDE0cjoOAACFUnI7DgAAaBtoGFUEMTQwNnI8DgAAhVJyPQ4AAGgeaBhVAzEzNnI+DgAAhVJyPw4AAGghigIaAWgiaBhVAzg1NnJADgAAhVJyQQ4AAHViTkr9////h3JCDgAAaAJoA2gEhl1yQw4AAChoBmgHZWgIh1JyRA4AAH1yRQ4AAChoC4oC1ABoDFgRAAAAUHJpbWFkb25hIFRlYW0gOilyRg4AAGgOSwBoD4oBCmgQaBEpgXJHDgAAfXJIDgAAKGgUiWgVaBZ1YmgXaBhVAzM2NnJJDgAAhVJySg4AAGgbaBhVBDEzOTdySw4AAIVSckwOAABoHmgYVQMxMjZyTQ4AAIVSck4OAABoIYoCrQFoImgYVQM5MDVyTw4AAIVSclAOAAB1Yk5LAYdyUQ4AAGgCaANoBIZdclIOAAAoaAZoB2VoCIdSclMOAAB9clQOAAAoaAuKAs0AaAxYEQAAAENQQXJlY3J1aXRtZW50KEIpclUOAABoDksAaA+KAQdoEGgRKYFyVg4AAH1yVw4AAChoFIloFWgWdWJoF2gYVQMyOTByWA4AAIVSclkOAABoG2gYVQQxMzk0cloOAACFUnJbDgAAaB5oGFUCOTdyXA4AAIVScl0OAABoIYoCWgFoImgYVQQxMDA3cl4OAACFUnJfDgAAdWJOSwOHcmAOAABoAmgDaASGXXJhDgAAKGgGaAdlaAiHUnJiDgAAfXJjDgAAKGgLigKxAGgMWBMAAABNaWxsZXIgQnJpY2t3b3JrIDE0cmQOAABoDksAaA+KAQpoEGgRKYFyZQ4AAH1yZg4AAChoFIloFWgWdWJoF2gYVQMzOThyZw4AAIVScmgOAABoG2gYVQQxMzkzcmkOAACFUnJqDgAAaB5oGFUDMTY3cmsOAACFUnJsDgAAaCGKAqcBaCJoGFUDODI4cm0OAACFUnJuDgAAdWJOSv7///+Hcm8OAABoAmgDaASGXXJwDgAAKGgGaAdlaAiHUnJxDgAAfXJyDgAAKGgLigKEAGgMWDEAAABOZXh0IFllYXIgdGhlIFByaXplIGlzIGEgRGF0ZSB3aXRoIENsaW50IERlbXBzZXkhcnMOAABoDksAaA+KARFoEGgRKYFydA4AAH1ydQ4AAChoFIloFWgWdWJoF2gYVQMzNTVydg4AAIVScncOAABoG2gYVQQxMzkycngOAACFUnJ5DgAAaB5oGFUDMTY4cnoOAACFUnJ7DgAAaCGKAigBaCJoGFUDODY5cnwOAACFUnJ9DgAAdWJOSwKHcn4OAABoAmgDaASGXXJ/DgAAKGgGaAdlaAiHUnKADgAAfXKBDgAAKGgLigKxAGgMWBMAAABNaWxsZXIgQnJpY2t3b3JrIDExcoIOAABoDksAaA+KAQpoEGgRKYFygw4AAH1yhA4AAChoFIloFWgWdWJoF2gYVQMzMTZyhQ4AAIVScoYOAABoG2gYVQQxMzkxcocOAACFUnKIDgAAaB5oGFUDMTUxcokOAACFUnKKDgAAaCGKAp8BaCJoGFUDOTI0cosOAACFUnKMDgAAdWJOSv7///+Hco0OAABoAmgDaASGXXKODgAAKGgGaAdlaAiHUnKPDgAAfXKQDgAAKGgLigFWaAxYHgAAAFRoZSB3aG9sZSBmaW5nIGFib3V0IGl0IGlzLi4uLnKRDgAAaA5LAGgPigERaBBoESmBcpIOAAB9cpMOAAAoaBSJaBVoFnViaBdoGFUDMjYycpQOAACFUnKVDgAAaBtoGFUEMTM5MXKWDgAAhVJylw4AAGgeaBhVAzEyNnKYDgAAhVJymQ4AAGghigK/AGgiaBhVBDEwMDNymg4AAIVScpsOAAB1Yk5LBodynA4AAGgCaANoBIZdcp0OAAAoaAZoB2VoCIdScp4OAAB9cp8OAAAoaAuKAoQAaAxYEgAAAElyb24gUmFuZ2UgUmFuZ2Vyc3KgDgAAaA5LAGgPigERaBBoESmBcqEOAAB9cqIOAAAoaBSJaBVoFnViaBdoGFUDNDAxcqMOAACFUnKkDgAAaBtoGFUEMTM4OXKlDgAAhVJypg4AAGgeaBhVAzE2OHKnDgAAhVJyqA4AAGghigInAWgiaBhVAzgyMHKpDgAAhVJyqg4AAHViTkr9////h3KrDgAAaAJoA2gEhl1yrA4AAChoBmgHZWgIh1JyrQ4AAH1yrg4AAChoC4oCsQBoDFgTAAAATWlsbGVyIEJyaWNrd29yayAxMnKvDgAAaA5LAGgPigEKaBBoESmBcrAOAAB9crEOAAAoaBSJaBVoFnViaBdoGFUDMjkwcrIOAACFUnKzDgAAaBtoGFUEMTM4OXK0DgAAhVJytQ4AAGgeaBhVAzE1MXK2DgAAhVJytw4AAGghigKgAWgiaBhVAzk0OHK4DgAAhVJyuQ4AAHViTksAh3K6DgAAaAJoA2gEhl1yuw4AAChoBmgHZWgIh1JyvA4AAH1yvQ4AAChoC4oCsQBoDFgTAAAATWlsbGVyIEJyaWNrd29yayAwNnK+DgAAaA5LAGgPigEKaBBoESmBcr8OAAB9csAOAAAoaBSJaBVoFnViaBdoGFUDMzUzcsEOAACFUnLCDgAAaBtoGFUEMTM4N3LDDgAAhVJyxA4AAGgeaBhVAzE2OHLFDgAAhVJyxg4AAGghigKJAWgiaBhVAzg2NnLHDgAAhVJyyA4AAHViTksAh3LJDgAAaAJoA2gEhl1yyg4AAChoBmgHZWgIh1Jyyw4AAH1yzA4AAChoC4oBA2gMWAsAAABLaWNrZXR5IEJvb3LNDgAAaA5LAGgPigEHaBBoESmBcs4OAAB9cs8OAAAoaBSJaBVoFnViaBdoGFUDNDQxctAOAACFUnLRDgAAaBtoGFUEMTM4NnLSDgAAhVJy0w4AAGgeaBhVAzE1MXLUDgAAhVJy1Q4AAGghigK3AGgiaBhVAzc5NHLWDgAAhVJy1w4AAHViTkr/////h3LYDgAAaAJoA2gEhl1y2Q4AAChoBmgHZWgIh1Jy2g4AAH1y2w4AAChoC4oBRWgMWBcAAABAbWViZWNvbGluICNzZW50aW1lbnRhbHLcDgAAaA5LAmgPigEKaBBoESmBct0OAAB9ct4OAAAoaBSJaBVoFnViaBdoGFUDMzY4ct8OAACFUnLgDgAAaBtoGFUEMTM4NXLhDgAAhVJy4g4AAGgeaBhVAzEzNnLjDgAAhVJy5A4AAGghigKXAWgiaBhVAzg4MXLlDgAAhVJy5g4AAHViTksCh3LnDgAAaAJoA2gEhl1y6A4AAChoBmgHZWgIh1Jy6Q4AAH1y6g4AAChoC4oCywBoDFgJAAAAbGlvbnNyb2FycusOAABoDksAaA+KAQFoEGgRKYFy7A4AAH1y7Q4AAChoFIloFWgWdWJoF2gYVQM0Mjly7g4AAIVScu8OAABoG2gYVQQxMzgzcvAOAACFUnLxDgAAaB5oGFUDMTIwcvIOAACFUnLzDgAAaCGKAk4BaCJoGFUDODM0cvQOAACFUnL1DgAAdWJOSvz///+HcvYOAABoAmgDaASGXXL3DgAAKGgGaAdlaAiHUnL4DgAAfXL5DgAAKGgLigF4aAxYFAAAAFA0QyAtIFBvcmNobGlnaHQgM1ZXcvoOAABoDksAaA+KARFoEGgRKYFy+w4AAH1y/A4AAChoFIloFWgWdWJoF2gYVQM0MDNy/Q4AAIVScv4OAABoG2gYVQQxMzc4cv8OAACFUnIADwAAaB5oGFUCNzhyAQ8AAIVScgIPAABoIYoC9ABoImgYVQM4OTdyAw8AAIVScgQPAAB1Yk5K/v///4dyBQ8AAGgCaANoBIZdcgYPAAAoaAZoB2VoCIdScgcPAAB9cggPAAAoaAuKArEAaAxYEwAAAE1pbGxlciBCcmlja3dvcmsgMTVyCQ8AAGgOSwBoD4oBCmgQaBEpgXIKDwAAfXILDwAAKGgUiWgVaBZ1YmgXaBhVAzI5NHIMDwAAhVJyDQ8AAGgbaBhVBDEzNzNyDg8AAIVScg8PAABoHmgYVQMxNTFyEA8AAIVSchEPAABoIYoCqQFoImgYVQM5MjhyEg8AAIVSchMPAAB1Yk5LAIdyFA8AAGgCaANoBIZdchUPAAAoaAZoB2VoCIdSchYPAAB9chcPAAAoaAuKArEAaAxYEwAAAE1pbGxlciBCcmlja3dvcmsgMTByGA8AAGgOSwBoD4oBCmgQaBEpgXIZDwAAfXIaDwAAKGgUiWgVaBZ1YmgXaBhVAzMwNnIbDwAAhVJyHA8AAGgbaBhVBDEzNzFyHQ8AAIVSch4PAABoHmgYVQMxNTFyHw8AAIVSciAPAABoIYoCngFoImgYVQM5MTRyIQ8AAIVSciIPAAB1Yk5LAYdyIw8AAGgCaANoBIZdciQPAAAoaAZoB2VoCIdSciUPAAB9ciYPAAAoaAuKAoQAaAxYDAAAAE1pbm55IFVuaXRlZHInDwAAaA5LAGgPigEBaBBoESmBcigPAAB9cikPAAAoaBSJaBVoFnViaBdoGFUDNDQwcioPAACFUnIrDwAAaBtoGFUEMTM2OXIsDwAAhVJyLQ8AAGgeaBhVAzE2OHIuDwAAhVJyLw8AAGghigLhAGgiaBhVAzc2MXIwDwAAhVJyMQ8AAHViTkr/////h3IyDwAAaAJoA2gEhl1yMw8AAChoBmgHZWgIh1JyNA8AAH1yNQ8AAChoC4oBRWgMWBYAAABAbWViZWNvbGluICM+MjAwbXNwYXJlcjYPAABoDksCaA+KAQpoEGgRKYFyNw8AAH1yOA8AAChoFIloFWgWdWJoF2gYVQM0MTVyOQ8AAIVScjoPAABoG2gYVQQxMzYwcjsPAACFUnI8DwAAaB5oGFUDMTUxcj0PAACFUnI+DwAAaCGKAscBaCJoGFUDNzk0cj8PAACFUnJADwAAdWJOSwCHckEPAABoAmgDaASGXXJCDwAAKGgGaAdlaAiHUnJDDwAAfXJEDwAAKGgLigLMAGgMWBMAAABTYXJhaCdzIFJpdmVyIFNUQVJTckUPAABoDksAaA+KAQdoEGgRKYFyRg8AAH1yRw8AAChoFIloFWgWdWJoF2gYVQMzMTBySA8AAIVSckkPAABoG2gYVQQxMzU2ckoPAACFUnJLDwAAaB5oGFUDMTc5ckwPAACFUnJNDwAAaCGKAlMBaCJoGFUDODY3ck4PAACFUnJPDwAAdWJOSwKHclAPAABoAmgDaASGXXJRDwAAKGgGaAdlaAiHUnJSDwAAfXJTDwAAKGgLigFRaAxYEAAAAFdvcnN0IHRlYW0gZXZlciByVA8AAGgOSwBoD4oBB2gQaBEpgXJVDwAAfXJWDwAAKGgUiWgVaBZ1YmgXaBhVAzMzOHJXDwAAhVJyWA8AAGgbaBhVBDEzNTRyWQ8AAIVScloPAABoHmgYVQMxMzZyWw8AAIVSclwPAABoIYoCfQFoImgYVQM4ODByXQ8AAIVScl4PAAB1Yk5LAIdyXw8AAGgCaANoBIZdcmAPAAAoaAZoB2VoCIdScmEPAAB9cmIPAAAoaAuKAU9oDFgOAAAAS2ltJ3MgS25vY2tlcnNyYw8AAGgOSwBoD4oBB2gQaBEpgXJkDwAAfXJlDwAAKGgUiWgVaBZ1YmgXaBhVAzM4NHJmDwAAhVJyZw8AAGgbaBhVBDEzNTNyaA8AAIVScmkPAABoHmgYVQMxNTFyag8AAIVScmsPAABoIYoCiAFoImgYVQM4MThybA8AAIVScm0PAAB1Yk5LAodybg8AAGgCaANoBIZdcm8PAAAoaAZoB2VoCIdScnAPAAB9cnEPAAAoaAuKAtYAaAxYEQAAAEx1a0hhblNhbSBEcmFnb25zcnIPAABoDksAaA+KAQpoEGgRKYFycw8AAH1ydA8AAChoFIloFWgWdWJoF2gYVQMzNzdydQ8AAIVScnYPAABoG2gYVQQxMzUzcncPAACFUnJ4DwAAaB5oGFUDMTM2cnkPAACFUnJ6DwAAaCGKApMBaCJoGFUDODQwcnsPAACFUnJ8DwAAdWJOSv3///+Hcn0PAABoAmgDaASGXXJ+DwAAKGgGaAdlaAiHUnJ/DwAAfXKADwAAKGgLigF5aAxYFwAAAFRpbmdleWFsIDAxIC0gUmVsZWdhdGVkcoEPAABoDksCaA+KAQpoEGgRKYFygg8AAH1ygw8AAChoFIloFWgWdWJoF2gYVQMyNDByhA8AAIVScoUPAABoG2gYVQQxMzUwcoYPAACFUnKHDwAAaB5oGFUDMTUxcogPAACFUnKJDwAAaCGKAnMBaCJoGFUDOTU5cooPAACFUnKLDwAAdWJOSwCHcowPAABoAmgDaASGXXKNDwAAKGgGaAdlaAiHUnKODwAAfXKPDwAAKGgLigLNAGgMWBEAAABDUEFyZWNydWl0bWVudChDKXKQDwAAaA5LAGgPigEKaBBoESmBcpEPAAB9cpIPAAAoaBSJaBVoFnViaBdoGFUDNDczcpMPAACFUnKUDwAAaBtoGFUEMTM0NHKVDwAAhVJylg8AAGgeaBhVAzEzNnKXDwAAhVJymA8AAGghigJbAWgiaBhVAzczNXKZDwAAhVJymg8AAHViTkr+////h3KbDwAAaAJoA2gEhl1ynA8AAChoBmgHZWgIh1JynQ8AAH1yng8AAChoC4oBWGgMWBMAAABTaGF5ZG9nIE1pbGxpb25haXJlcp8PAABoDksAaA+KAQpoEGgRKYFyoA8AAH1yoQ8AAChoFIloFWgWdWJoF2gYVQM0MjVyog8AAIVScqMPAABoG2gYVQQxMzM5cqQPAACFUnKlDwAAaB5oGFUDMTIzcqYPAACFUnKnDwAAaCGKAqUBaCJoGFUDNzkxcqgPAACFUnKpDwAAdWJOSwCHcqoPAABoAmgDaASGXXKrDwAAKGgGaAdlaAiHUnKsDwAAfXKtDwAAKGgLigFIaAxYDwAAAENodWNrbGVzIFZpc2lvbnKuDwAAaA5LAGgPigEKaBBoESmBcq8PAAB9crAPAAAoaBSJaBVoFnViaBdoGFUDMjg5crEPAACFUnKyDwAAaBtoGFUEMTMzMHKzDwAAhVJytA8AAGgeaBhVAzEzNnK1DwAAhVJytg8AAGghigJ5AWgiaBhVAzkwNXK3DwAAhVJyuA8AAHViTksBh3K5DwAAaAJoA2gEhl1yug8AAChoBmgHZWgIh1Jyuw8AAH1yvA8AAChoC4oCqwBoDFgfAAAATmljayBNYXN0ZXJzIGlzIGEgTGl2aW5nIExlZ2VuZHK9DwAAaA5LAGgPigERaBBoESmBcr4PAAB9cr8PAAAoaBSJaBVoFnViaBdoGFUDMzk4csAPAACFUnLBDwAAaBtoGFUEMTMyNnLCDwAAhVJyww8AAGgeaBhVAzEzNnLEDwAAhVJyxQ8AAGghigIYAWgiaBhVAzc5MnLGDwAAhVJyxw8AAHViTkr/////h3LIDwAAaAJoA2gEhl1yyQ8AAChoBmgHZWgIh1Jyyg8AAH1yyw8AAChoC4oC1wBoDFgNAAAAUmFuZG9tIFVuaXRlZHLMDwAAaA5LAGgPigERaBBoESmBcs0PAAB9cs4PAAAoaBSJaBVoFnViaBdoGFUDMzg5cs8PAACFUnLQDwAAaBtoGFUEMTMyNHLRDwAAhVJy0g8AAGgeaBhVAzEzNnLTDwAAhVJy1A8AAGghigKUAWgiaBhVAzc5OXLVDwAAhVJy1g8AAHViTksAh3LXDwAAaAJoA2gEhl1y2A8AAChoBmgHZWgIh1Jy2Q8AAH1y2g8AAChoC4oBUWgMWBgAAABTdHVwaWQgaXMgYXMgc3R1cGlkIGRvZXNy2w8AAGgOSwBoD4oBAWgQaBEpgXLcDwAAfXLdDwAAKGgUiWgVaBZ1YmgXaBhVAzQwMHLeDwAAhVJy3w8AAGgbaBhVBDEzMThy4A8AAIVScuEPAABoHmgYVQMxMzly4g8AAIVScuMPAABoIYoCfgFoImgYVQM3Nzly5A8AAIVScuUPAAB1Yk5LAIdy5g8AAGgCaANoBIZdcucPAAAoaAZoB2VoCIdScugPAAB9cukPAAAoaAuKAs8AaAxYDAAAAERheW1vIEpuciBGQ3LqDwAAaA5LAGgPigEBaBBoESmBcusPAAB9cuwPAAAoaBSJaBVoFnViaBdoGFUDNDE0cu0PAACFUnLuDwAAaBtoGFUEMTMxMHLvDwAAhVJy8A8AAGgeaBhVAzEzNXLxDwAAhVJy8g8AAGghigJrAWgiaBhVAzc2MXLzDwAAhVJy9A8AAHViTksAh3L1DwAAaAJoA2gEhl1y9g8AAChoBmgHZWgIh1Jy9w8AAH1y+A8AAChoC4oCzQBoDFgKAAAATGlnZ2lucyBGQ3L5DwAAaA5LAGgPigEBaBBoESmBcvoPAAB9cvsPAAAoaBSJaBVoFnViaBdoGFUDMzIzcvwPAACFUnL9DwAAaBtoGFUEMTI4N3L+DwAAhVJy/w8AAGgeaBhVAzE1MXIAEAAAhVJyARAAAGghigJfAWgiaBhVAzgxM3ICEAAAhVJyAxAAAHViTksAh3IEEAAAaAJoA2gEhl1yBRAAAChoBmgHZWgIh1JyBhAAAH1yBxAAAChoC4oCsQBoDFgTAAAATWlsbGVyIEJyaWNrd29yayAwOHIIEAAAaA5LAGgPigEKaBBoESmBcgkQAAB9cgoQAAAoaBSJaBVoFnViaBdoGFUDMzA2cgsQAACFUnIMEAAAaBtoGFUEMTI3OHINEAAAhVJyDhAAAGgeaBhVAzE1MXIPEAAAhVJyEBAAAGghigKaAWgiaBhVAzgyMXIREAAAhVJyEhAAAHViTksBh3ITEAAAaAJoA2gEhl1yFBAAAChoBmgHZWgIh1JyFRAAAH1yFhAAAChoC4oCzQBoDFgTAAAAQ1BBIFJlY3J1aXRtZW50IChFKXIXEAAAaA5LAGgPigEHaBBoESmBchgQAAB9chkQAAAoaBSJaBVoFnViaBdoGFUDNDAwchoQAACFUnIbEAAAaBtoGFUEMTI2OXIcEAAAhVJyHRAAAGgeaBhVAzE1MXIeEAAAhVJyHxAAAGghigJdAWgiaBhVAzcxOHIgEAAAhVJyIRAAAHViTkr/////h3IiEAAAaAJoA2gEhl1yIxAAAChoBmgHZWgIh1JyJBAAAH1yJRAAAChoC4oCzQBoDFgRAAAAQ1BBcmVjcnVpdG1lbnQoQSlyJhAAAGgOSwBoD4oBAWgQaBEpgXInEAAAfXIoEAAAKGgUiWgVaBZ1YmgXaBhVAzI5N3IpEAAAhVJyKhAAAGgbaBhVBDEyNTZyKxAAAIVSciwQAABoHmgYVQMxNjdyLRAAAIVSci4QAABoIYoCWQFoImgYVQM3OTJyLxAAAIVScjAQAAB1Yk5LAIdyMRAAAGgCaANoBIZdcjIQAAAoaAZoB2VoCIdScjMQAAB9cjQQAAAoaAuKAUhoDFgNAAAAVGVhbSBDaHVja2xlc3I1EAAAaA5LAGgPigEHaBBoESmBcjYQAAB9cjcQAAAoaBSJaBVoFnViaBdoGFUDMzY4cjgQAACFUnI5EAAAaBtoGFUEMTIzMHI6EAAAhVJyOxAAAGgeaBhVAjY4cjwQAACFUnI9EAAAaCGKAncBaCJoGFUDNzk0cj4QAACFUnI/EAAAdWJOSwCHckAQAABoAmgDaASGXXJBEAAAKGgGaAdlaAiHUnJCEAAAfXJDEAAAKGgLigFIaAxYDQAAAENodWNrbGVzIFRvd25yRBAAAGgOSwBoD4oBCmgQaBEpgXJFEAAAfXJGEAAAKGgUiWgVaBZ1YmgXaBhVAzI3M3JHEAAAhVJySBAAAGgbaBhVBDEyMjdySRAAAIVSckoQAABoHmgYVQMxMDdySxAAAIVSckwQAABoIYoCeAFoImgYVQM4NDdyTRAAAIVSck4QAAB1Yk5LAIdyTxAAAGgCaANoBIZdclAQAAAoaAZoB2VoCIdSclEQAAB9clIQAAAoaAuKAs0AaAxYEQAAAENQQXJlY3J1aXRtZW50KEQpclMQAABoDksAaA+KARFoEGgRKYFyVBAAAH1yVRAAAChoFIloFWgWdWJoF2gYVQMyNzVyVhAAAIVSclcQAABoG2gYVQQxMjEwclgQAACFUnJZEAAAaB5oGFUDMTE2cloQAACFUnJbEAAAaCGKAlwBaCJoGFUDODE5clwQAACFUnJdEAAAdWJOSwCHcl4QAABoAmgDaASGXXJfEAAAKGgGaAdlaAiHUnJgEAAAfXJhEAAAKGgLigKEAGgMWAoAAABNaW5ueUtpY2tzcmIQAABoDksAaA+KAQFoEGgRKYFyYxAAAH1yZBAAAChoFIloFWgWdWJoF2gYVQMzNTRyZRAAAIVScmYQAABoG2gYVQQxMjAxcmcQAACFUnJoEAAAaB5oGFUDMTE1cmkQAACFUnJqEAAAaCGKAuAAaCJoGFUDNzMycmsQAACFUnJsEAAAdWJOSwCHcm0QAABoAmgDaASGXXJuEAAAKGgGaAdlaAiHUnJvEAAAfXJwEAAAKGgLigKxAGgMWBMAAABNaWxsZXIgQnJpY2t3b3JrIDA5cnEQAABoDksAaA+KAQpoEGgRKYFychAAAH1ycxAAAChoFIloFWgWdWJoF2gYVQMzMDZydBAAAIVScnUQAABoG2gYVQQxMjAwcnYQAACFUnJ3EAAAaB5oGFUDMTUxcngQAACFUnJ5EAAAaCGKApwBaCJoGFUDNzQzcnoQAACFUnJ7EAAAdWJOSwCHcnwQAABoAmgDaASGXXJ9EAAAKGgGaAdlaAiHUnJ+EAAAfXJ/EAAAKGgLigE1aAxYDwAAAE5vcnRoZXJuIE5vbWFkc3KAEAAAaA5LAGgPigEBaBBoESmBcoEQAAB9coIQAAAoaBSJaBVoFnViaBdoGFUDMzkwcoMQAACFUnKEEAAAaBtoGFUEMTE2MnKFEAAAhVJyhhAAAGgeaBhVAjgwcocQAACFUnKIEAAAaCGKAtgAaCJoGFUDNjkycokQAACFUnKKEAAAdWJOSwCHcosQAABoAmgDaASGXXKMEAAAKGgGaAdlaAiHUnKNEAAAfXKOEAAAKGgLigFFaAxYFQAAAEBtZWJlY29saW4gIzM1MG1zcGFyZXKPEAAAaA5LAmgPigEKaBBoESmBcpAQAAB9cpEQAAAoaBSJaBVoFnViaBdoGFUDMjYwcpIQAACFUnKTEAAAaBtoGFUEMTEyOXKUEAAAhVJylRAAAGgeaBhVAzE1MXKWEAAAhVJylxAAAGghigLKAWgiaBhVAzcxOHKYEAAAhVJymRAAAHViTksAh3KaEAAAZS4=','9999-12-31 23:59:59'),(':1:overall_table|2015-16','gAJdcQEoY2RqYW5nby5kYi5tb2RlbHMuYmFzZQptb2RlbF91bnBpY2tsZQpxAlUHc3VwZXIxMHEDVQVFbnRyeXEEhl1xBShYCQAAAHNlYXNvbl9pZHEGVQljdXBfZW50cnlxB2VjZGphbmdvLmRiLm1vZGVscy5xdWVyeV91dGlscwpkZWZlcnJlZF9jbGFzc19mYWN0b3J5CnEIh1JxCX1xCihVB3VzZXJfaWRxC4oCqgBVBG5hbWVxDFgSAAAARG93biB0aGUgYm9vbmRvY2tzcQ1VD19kamFuZ29fdmVyc2lvbnEOVQUxLjkuMVUKZW50cnlfdHlwZXEPSwBVCmNoYXJpdHlfaWRxEIoBClUGX3N0YXRlcRFjZGphbmdvLmRiLm1vZGVscy5iYXNlCk1vZGVsU3RhdGUKcRIpgXETfXEUKFUGYWRkaW5ncRWJVQJkYnEWVQdkZWZhdWx0cRd1YlUHZm9yZWlnbnEYY2RlY2ltYWwKRGVjaW1hbApxGVUDNjM5cRqFUnEbVQVzY29yZXEcaBlVBDE5ODdxHYVScR5VBmRvdWJsZXEfaBlVAzE5NHEghVJxIVUCaWRxIooC3QFVCGRvbWVzdGljcSNoGVUEMTE1NHEkhVJxJXViaAJoA1UFUHJpemVxJoZdY2RqYW5nby5kYi5tb2RlbHMuYmFzZQpzaW1wbGVfY2xhc3NfZmFjdG9yeQpxJ4dScSh9cSkoVQtwcml6ZV9tb25leXEqaBlVBjEwMC4wMIVScStoDlUFMS45LjFoEWgSKYFxLH1xLShoFYloFmgXdWJVCXNlYXNvbl9pZHEuigEDVQhwb3NpdGlvbnEvigEBVQ1jaGFyaXR5X21vbmV5cTBoGVUGMTAwLjAwhVJxMVUFdGFibGVxMksAaCKKARZ1YksAh3EzaAJoA2gEhl1xNChoBmgHZWgIh1JxNX1xNihoC4oBL2gMWBgAAABTdGFydCBTdHJvbmdseSBUaGVuIEZhZGVxN2gOVQUxLjkuMWgPSwJoEIoBCmgRaBIpgXE4fXE5KGgViWgWaBd1YmgYaBlVAzYxOXE6hVJxO2gcaBlVBDE5NzhxPIVScT1oH2gZVQMxODlxPoVScT9oIooCwQJoI2gZVQQxMTcwcUCFUnFBdWJOSwCHcUJoAmgDaASGXXFDKGgGaAdlaAiHUnFEfXFFKGgLigI8AWgMWA8AAABCb29mbGUgQXRobGV0aWNxRmgOVQUxLjkuMWgPSwBoEIoBAWgRaBIpgXFHfXFIKGgViWgWaBd1YmgYaBlVAzYzOXFJhVJxSmgcaBlVBDE5NzZxS4VScUxoH2gZVQMxNjlxTYVScU5oIooCiAJoI2gZVQQxMTY4cU+FUnFQdWJoAmgDaCaGXWgnh1JxUX1xUihoKmgZVQU2MC4wMIVScVNoDlUFMS45LjFoEWgSKYFxVH1xVShoFYloFmgXdWJoLooBA2gvigECaDBoGVUFNjAuMDCFUnFWaDJLAGgiigEXdWJLAIdxV2gCaANoBIZdcVgoaAZoB2VoCIdScVl9cVooaAuKARJoDFgNAAAAQmx1c2hpbmcgQmVlc3FbaA5VBTEuOS4xaA9LAGgQigEBaBFoEimBcVx9cV0oaBWJaBZoF3ViaBhoGVUDNjE3cV6FUnFfaBxoGVUEMTk1MXFghVJxYWgfaBlVAzE4NXFihVJxY2giigLlAWgjaBlVBDExNDlxZIVScWV1YmgCaANoJoZdaCeHUnFmfXFnKGgqaBlVBTQwLjAwhVJxaGgOVQUxLjkuMWgRaBIpgXFpfXFqKGgViWgWaBd1YmguigEDaC+KAQNoMGgZVQU0MC4wMIVScWtoMksAaCKKARh1YksAh3FsaAJoA2gEhl1xbShoBmgHZWgIh1Jxbn1xbyhoC4oCPAFoDFgLAAAAU2hhayBBdHRhY2txcGgOVQUxLjkuMWgPSwBoEIoBCmgRaBIpgXFxfXFyKGgViWgWaBd1YmgYaBlVAzU2OHFzhVJxdGgcaBlVBDE5MzFxdYVScXZoH2gZVQMxNzBxd4VScXhoIooChwJoI2gZVQQxMTkzcXmFUnF6dWJoAmgDaCaGXWgnh1Jxe31xfChoKmgZVQUyMC4wMIVScX1oDlUFMS45LjFoEWgSKYFxfn1xfyhoFYloFmgXdWJoLooBA2gvigEEaDBoGVUFMjAuMDCFUnGAaDJLAGgiigEZdWJLAIdxgWgCaANoBIZdcYIoaAZoB2VoCIdScYN9cYQoaAuKASFoDFgSAAAAVHlwaWNhbGx5IFNjb3R0aXNocYVoDlUFMS45LjFoD0sAaBCKAQpoEWgSKYFxhn1xhyhoFYloFmgXdWJoGGgZVQM1NjhxiIVScYloHGgZVQQxOTE5cYqFUnGLaB9oGVUDMTkxcYyFUnGNaCKKAugBaCNoGVUEMTE2MHGOhVJxj3ViaAJoA2gmhl1oJ4dScZB9cZEoaCpoGVUFMTAuMDCFUnGSaA5VBTEuOS4xaBFoEimBcZN9cZQoaBWJaBZoF3ViaC6KAQNoL4oBBWgwaBlVBTEwLjAwhVJxlWgySwBoIooBGnViSwCHcZZoAmgDaASGXXGXKGgGaAdlaAiHUnGYfXGZKGgLigKqAGgMWBYAAABJIHdhbnQgdG8gYmUgSGVlZCBBcm15cZpoDlUFMS45LjFoD0sAaBCKAQFoEWgSKYFxm31xnChoFYloFmgXdWJoGGgZVQM1NjdxnYVScZ5oHGgZVQQxOTAycZ+FUnGgaB9oGVUDMTczcaGFUnGiaCKKAt4BaCNoGVUEMTE2MnGjhVJxpHViaAJoA2gmhl1oJ4dScaV9caYoaCpoGVUFMTAuMDCFUnGnaA5VBTEuOS4xaBFoEimBcah9cakoaBWJaBZoF3ViaC6KAQNoL4oBBmgwaBlVBTEwLjAwhVJxqmgySwBoIooBG3ViSwCHcatoAmgDaASGXXGsKGgGaAdlaAiHUnGtfXGuKGgLigLCAGgMWBUAAABUdXN0YSdzIEdvb25lciBHZXRjaGFxr2gOVQUxLjkuMWgPSwBoEIoBEmgRaBIpgXGwfXGxKGgViWgWaBd1YmgYaBlVAzU3MnGyhVJxs2gcaBlVBDE5MDJxtIVScbVoH2gZVQMxOTNxtoVScbdoIooCXwJoI2gZVQQxMTM3cbiFUnG5dWJoAmgDaCaGXWgnh1Jxun1xuyhoKminaA5VBTEuOS4xaBFoEimBcbx9cb0oaBWJaBZoF3ViaC6KAQNoL4oBB2gwaKpoMksAaCKKARx1YksAh3G+aAJoA2gEhl1xvyhoBmgHZWgIh1JxwH1xwShoC4oBFWgMWBMAAABTY291dGluZyBmb3IgR29hbHMgccJoDlUFMS45LjFoD0sAaBCKAQpoEWgSKYFxw31xxChoFYloFmgXdWJoGGgZVQM2NTJxxYVSccZoHGgZVQQxODk0cceFUnHIaB9oGVUDMTY3ccmFUnHKaCKKAtYBaCNoGVUEMTA3NXHLhVJxzHViaAJoA2gmhl1oJ4dScc19cc4oaCpoGVUFMTAuMDCFUnHPaA5VBTEuOS4xaBFoEimBcdB9cdEoaBWJaBZoF3ViaC6KAQNoL4oBCGgwaBlVBTEwLjAwhVJx0mgySwBoIooBHXViSwCHcdNoAmgDaASGXXHUKGgGaAdlaAiHUnHVfXHWKGgLigKqAGgMWBEAAABHaG9zdCBvZiB0aGUgVHluZXHXaA5VBTEuOS4xaA9LAGgQigETaBFoEimBcdh9cdkoaBWJaBZoF3ViaBhoGVUDNTg5cdqFUnHbaBxoGVUEMTg5M3HchVJx3WgfaBlVAzE2MnHehVJx32giigLcAWgjaBlVBDExNDJx4IVSceF1YmgCaANoJoZdaCeHUnHifXHjKGgqaBlVBTEwLjAwhVJx5GgOVQUxLjkuMWgRaBIpgXHlfXHmKGgViWgWaBd1YmguigEDaC+KAQloMGgZVQUxMC4wMIVScedoMksAaCKKAR51YksBh3HoaAJoA2gEhl1x6ShoBmgHZWgIh1Jx6n1x6yhoC4oBKGgMWBMAAABhbm90aGVyIHNpbWlsYXIgb25lcexoDlUFMS45LjFoD0sAaBCKAQ1oEWgSKYFx7X1x7ihoFYloFmgXdWJoGGgZVQM1OTNx74VScfBoHGgZVQQxODg5cfGFUnHyaB9oGVUDMTY5cfOFUnH0aCKKArwCaCNoGVUEMTEyN3H1hVJx9nViaAJoA2gmhl1oJ4dScfd9cfgoaCpoGVUFMTAuMDCFUnH5aA5VBTEuOS4xaBFoEimBcfp9cfsoaBWJaBZoF3ViaC6KAQNoL4oBCmgwaBlVBTEwLjAwhVJx/GgySwBoIooBH3ViSv////+Hcf1oAmgDaASGXXH+KGgGaAdlaAiHUnH/fXIAAQAAKGgLigFCaAxYDwAAAFRSWSBUTyBCRUFUIE1FIHIBAQAAaA5VBTEuOS4xaA9LAGgQigESaBFoEimBcgIBAAB9cgMBAAAoaBWJaBZoF3ViaBhoGVUDNTE0cgQBAACFUnIFAQAAaBxoGVUEMTg4NXIGAQAAhVJyBwEAAGgfaBlVAzE5N3IIAQAAhVJyCQEAAGgiigKeAmgjaBlVBDExNzRyCgEAAIVScgsBAAB1Yk5LAIdyDAEAAGgCaANoBIZdcg0BAAAoaAZoB2VoCIdScg4BAAB9cg8BAAAoaAuKAShoDFgJAAAAZmluYWwgdHJ5chABAABoDlUFMS45LjFoD0sAaBCKARNoEWgSKYFyEQEAAH1yEgEAAChoFYloFmgXdWJoGGgZVQM2MDhyEwEAAIVSchQBAABoHGgZVQQxODY1chUBAACFUnIWAQAAaB9oGVUDMTc0chcBAACFUnIYAQAAaCKKAr0CaCNoGVUEMTA4M3IZAQAAhVJyGgEAAHViTksAh3IbAQAAaAJoA2gEhl1yHAEAAChoBmgHZWgIh1JyHQEAAH1yHgEAAChoC4oBKGgMWCQAAABjaHJpcyBraW5uZWFyJ3MgYmxhY2sgYW5kIHdoaXRlIGFybXlyHwEAAGgOVQUxLjkuMWgPSwBoEIoBCmgRaBIpgXIgAQAAfXIhAQAAKGgViWgWaBd1YmgYaBlVAzYwOXIiAQAAhVJyIwEAAGgcaBlVBDE4NjFyJAEAAIVSciUBAABoH2gZVQMxNjlyJgEAAIVScicBAABoIooCuwJoI2gZVQQxMDgzcigBAACFUnIpAQAAdWJOSwCHcioBAABoAmgDaASGXXIrAQAAKGgGaAdlaAiHUnIsAQAAfXItAQAAKGgLigETaAxYCwAAAEludGVyIFJvdyBaci4BAABoDlUFMS45LjFoD0sAaBCKAQdoEWgSKYFyLwEAAH1yMAEAAChoFYloFmgXdWJoGGgZVQM1OThyMQEAAIVScjIBAABoHGgZVQQxODYxcjMBAACFUnI0AQAAaB9oGVUDMTcwcjUBAACFUnI2AQAAaCKKAtIBaCNoGVUEMTA5M3I3AQAAhVJyOAEAAHViTksAh3I5AQAAaAJoA2gEhl1yOgEAAChoBmgHZWgIh1JyOwEAAH1yPAEAAChoC4oBQmgMWBAAAABZRUxMT1cgU1VCTUFSSU5Fcj0BAABoDlUFMS45LjFoD0sAaBCKAQFoEWgSKYFyPgEAAH1yPwEAAChoFYloFmgXdWJoGGgZVQM1NDRyQAEAAIVSckEBAABoHGgZVQQxODYxckIBAACFUnJDAQAAaB9oGVUDMTk5ckQBAACFUnJFAQAAaCKKApACaCNoGVUEMTExOHJGAQAAhVJyRwEAAHViTksAh3JIAQAAaAJoA2gEhl1ySQEAAChoBmgHZWgIh1JySgEAAH1ySwEAAChoC4oBIWgMWBQAAABUaHJvd24gdG8gdGhlIFdvbHZlc3JMAQAAaA5VBTEuOS4xaA9LAGgQigEBaBFoEimBck0BAAB9ck4BAAAoaBWJaBZoF3ViaBhoGVUDNjMzck8BAACFUnJQAQAAaBxoGVUEMTg1OXJRAQAAhVJyUgEAAGgfaBlVAzE1OHJTAQAAhVJyVAEAAGgiigLpAWgjaBlVBDEwNjhyVQEAAIVSclYBAAB1Yk5LAIdyVwEAAGgCaANoBIZdclgBAAAoaAZoB2VoCIdSclkBAAB9cloBAAAoaAuKApoAaAxYDwAAAEJpZyBCbHVlIEJ1cyBYSXJbAQAAaA5VBTEuOS4xaA9LAGgQigEHaBFoEimBclwBAAB9cl0BAAAoaBWJaBZoF3ViaBhoGVUDNTc1cl4BAACFUnJfAQAAaBxoGVUEMTg1OHJgAQAAhVJyYQEAAGgfaBlVAzE2MXJiAQAAhVJyYwEAAGgiigJ4AmgjaBlVBDExMjJyZAEAAIVScmUBAAB1Yk5LAIdyZgEAAGgCaANoBIZdcmcBAAAoaAZoB2VoCIdScmgBAAB9cmkBAAAoaAuKARVoDFgRAAAAR29hbHMgR29hbHMgR29hbHNyagEAAGgOVQUxLjkuMWgPSwBoEIoBAWgRaBIpgXJrAQAAfXJsAQAAKGgViWgWaBd1YmgYaBlVAzY0NXJtAQAAhVJybgEAAGgcaBlVBDE4NTVybwEAAIVScnABAABoH2gZVQMxNjhycQEAAIVScnIBAABoIooC2AFoI2gZVQQxMDQycnMBAACFUnJ0AQAAdWJOSwOHcnUBAABoAmgDaASGXXJ2AQAAKGgGaAdlaAiHUnJ3AQAAfXJ4AQAAKGgLigEbaAxYFgAAAE1vcmUgTmV3cyBGcm9tIE5vd2hlcmVyeQEAAGgOVQUxLjkuMWgPSwBoEIoBE2gRaBIpgXJ6AQAAfXJ7AQAAKGgViWgWaBd1YmgYaBlVAzYxN3J8AQAAhVJyfQEAAGgcaBlVBDE4NTVyfgEAAIVScn8BAABoH2gZVQMxNTNygAEAAIVScoEBAABoIooCWgJoI2gZVQQxMDg1coIBAACFUnKDAQAAdWJOSwGHcoQBAABoAmgDaASGXXKFAQAAKGgGaAdlaAiHUnKGAQAAfXKHAQAAKGgLigEvaAxYDAAAAFN0dXBpZCBQdW50c3KIAQAAaA5VBTEuOS4xaA9LAmgQigESaBFoEimBcokBAAB9cooBAAAoaBWJaBZoF3ViaBhoGVUDNjE1cosBAACFUnKMAQAAaBxoGVUEMTg1NXKNAQAAhVJyjgEAAGgfaBlVAzE1NnKPAQAAhVJykAEAAGgiigJNAmgjaBlVBDEwODRykQEAAIVScpIBAAB1Yk5LAIdykwEAAGgCaANoBIZdcpQBAAAoaAZoB2VoCIdScpUBAAB9cpYBAAAoaAuKARNoDFgQAAAAQWludCBHb3QgYSBLYWxvdXKXAQAAaA5VBTEuOS4xaA9LAGgQigESaBFoEimBcpgBAAB9cpkBAAAoaBWJaBZoF3ViaBhoGVUDNjQ0cpoBAACFUnKbAQAAaBxoGVUEMTg1MnKcAQAAhVJynQEAAGgfaBlVAzE1MHKeAQAAhVJynwEAAGgiigLRAWgjaBlVBDEwNThyoAEAAIVScqEBAAB1Yk5K/v///4dyogEAAGgCaANoBIZdcqMBAAAoaAZoB2VoCIdScqQBAAB9cqUBAAAoaAuKApwAaAxYCQAAAE1hdmVyaWNrc3KmAQAAaA5VBTEuOS4xaA9LAGgQigEHaBFoEimBcqcBAAB9cqgBAAAoaBWJaBZoF3ViaBhoGVUDNjQycqkBAACFUnKqAQAAaBxoGVUEMTg1MXKrAQAAhVJyrAEAAGgfaBlVAzE1MXKtAQAAhVJyrgEAAGgiigL2AWgjaBlVBDEwNThyrwEAAIVScrABAAB1Yk5LAYdysQEAAGgCaANoBIZdcrIBAAAoaAZoB2VoCIdScrMBAAB9crQBAAAoaAuKAokAaAxYIQAAAEhlIEthbmUgSGF2ZSBhIEdvb2QgU2Vjb25kIFNlYXNvbnK1AQAAaA5VBTEuOS4xaA9LAGgQigEBaBFoEimBcrYBAAB9crcBAAAoaBWJaBZoF3ViaBhoGVUDNjIzcrgBAACFUnK5AQAAaBxoGVUEMTg1MHK6AQAAhVJyuwEAAGgfaBlVAzE1MXK8AQAAhVJyvQEAAGgiigKxAmgjaBlVBDEwNzZyvgEAAIVScr8BAAB1Yk5K/v///4dywAEAAGgCaANoBIZdcsEBAAAoaAZoB2VoCIdScsIBAAB9csMBAAAoaAuKARNoDFgMAAAAR3VubmVyc2F1cnVzcsQBAABoDlUFMS45LjFoD0sAaBCKAQpoEWgSKYFyxQEAAH1yxgEAAChoFYloFmgXdWJoGGgZVQM1OThyxwEAAIVScsgBAABoHGgZVQQxODQ3cskBAACFUnLKAQAAaB9oGVUDMTcwcssBAACFUnLMAQAAaCKKAtABaCNoGVUEMTA3OXLNAQAAhVJyzgEAAHViTksAh3LPAQAAaAJoA2gEhl1y0AEAAChoBmgHZWgIh1Jy0QEAAH1y0gEAAChoC4oBEmgMWA8AAABCbHVuZGVyaW5nIEJlZXNy0wEAAGgOVQUxLjkuMWgPSwBoEIoBAWgRaBIpgXLUAQAAfXLVAQAAKGgViWgWaBd1YmgYaBlVAzY2NHLWAQAAhVJy1wEAAGgcaBlVBDE4NDZy2AEAAIVSctkBAABoH2gZVQMxNzRy2gEAAIVSctsBAABoIooC5gFoI2gZVQQxMDA4ctwBAACFUnLdAQAAdWJOSwCHct4BAABoAmgDaASGXXLfAQAAKGgGaAdlaAiHUnLgAQAAfXLhAQAAKGgLigEdaAxYCwAAAERhaXJ5TGVlIFhJcuIBAABoDlUFMS45LjFoD0sAaBCKAQ1oEWgSKYFy4wEAAH1y5AEAAChoFYloFmgXdWJoGGgZVQM1Nzdy5QEAAIVScuYBAABoHGgZVQQxODQ1cucBAACFUnLoAQAAaB9oGVUDMTUxcukBAACFUnLqAQAAaCKKAl0CaCNoGVUEMTExN3LrAQAAhVJy7AEAAHViTksAh3LtAQAAaAJoA2gEhl1y7gEAAChoBmgHZWgIh1Jy7wEAAH1y8AEAAChoC4oC0ABoDFgLAAAATGl0dGxlIFBlYXNy8QEAAGgOVQUxLjkuMWgPSwBoEIoBEmgRaBIpgXLyAQAAfXLzAQAAKGgViWgWaBd1YmgYaBlVAzUyMHL0AQAAhVJy9QEAAGgcaBlVBDE4NDFy9gEAAIVScvcBAABoH2gZVQMxNzBy+AEAAIVScvkBAABoIooCTwJoI2gZVQQxMTUxcvoBAACFUnL7AQAAdWJOSwCHcvwBAABoAmgDaASGXXL9AQAAKGgGaAdlaAiHUnL+AQAAfXL/AQAAKGgLigICAWgMWAgAAAAjSGFpbE5vd3IAAgAAaA5VBTEuOS4xaA9LAGgQigETaBFoEimBcgECAAB9cgICAAAoaBWJaBZoF3ViaBhoGVUDNjMzcgMCAACFUnIEAgAAaBxoGVUEMTg0MHIFAgAAhVJyBgIAAGgfaBlVAzE3NXIHAgAAhVJyCAIAAGgiigL3AWgjaBlVBDEwMzJyCQIAAIVScgoCAAB1Yk5LAIdyCwIAAGgCaANoBIZdcgwCAAAoaAZoB2VoCIdScg0CAAB9cg4CAAAoaAuKARtoDFgLAAAAQnJpbmcgSXQgT25yDwIAAGgOVQUxLjkuMWgPSwBoEIoBE2gRaBIpgXIQAgAAfXIRAgAAKGgViWgWaBd1YmgYaBlVAzYxN3ISAgAAhVJyEwIAAGgcaBlVBDE4MzdyFAIAAIVSchUCAABoH2gZVQMxNzRyFgIAAIVSchcCAABoIooCWQJoI2gZVQQxMDQ2chgCAACFUnIZAgAAdWJOSwKHchoCAABoAmgDaASGXXIbAgAAKGgGaAdlaAiHUnIcAgAAfXIdAgAAKGgLigKaAGgMWAsAAABSZWQgb3IgRGVhZHIeAgAAaA5VBTEuOS4xaA9LAGgQigEKaBFoEimBch8CAAB9ciACAAAoaBWJaBZoF3ViaBhoGVUDNjE5ciECAACFUnIiAgAAaBxoGVUEMTgzN3IjAgAAhVJyJAIAAGgfaBlVAzE2N3IlAgAAhVJyJgIAAGgiigJJAmgjaBlVBDEwNTFyJwIAAIVScigCAAB1Yk5LAIdyKQIAAGgCaANoBIZdcioCAAAoaAZoB2VoCIdScisCAAB9ciwCAAAoaAuKApoAaAxYFgAAAFRlYW0gZm9yICcgRXIgSW5kb29ycyByLQIAAGgOVQUxLjkuMWgPSwBoEIoBCmgRaBIpgXIuAgAAfXIvAgAAKGgViWgWaBd1YmgYaBlVAzU3NXIwAgAAhVJyMQIAAGgcaBlVBDE4MzVyMgIAAIVScjMCAABoH2gZVQMxNzVyNAIAAIVScjUCAABoIooCewJoI2gZVQQxMDg1cjYCAACFUnI3AgAAdWJOSv////+HcjgCAABoAmgDaASGXXI5AgAAKGgGaAdlaAiHUnI6AgAAfXI7AgAAKGgLigFVaAxYEwAAAFJlZ2FpbmluZyB0aGUgdGl0bGVyPAIAAGgOVQUxLjkuMWgPSwJoEIoBEmgRaBIpgXI9AgAAfXI+AgAAKGgViWgWaBd1YmgYaBlVAzU5MnI/AgAAhVJyQAIAAGgcaBlVBDE4MzNyQQIAAIVSckICAABoH2gZVQMxOTFyQwIAAIVSckQCAABoIooCpAJoI2gZVQQxMDUwckUCAACFUnJGAgAAdWJOSwGHckcCAABoAmgDaASGXXJIAgAAKGgGaAdlaAiHUnJJAgAAfXJKAgAAKGgLigEbaAxYFAAAAEZyb20gSGVyIFRvIEV0ZXJuaXR5cksCAABoDlUFMS45LjFoD0sAaBCKARNoEWgSKYFyTAIAAH1yTQIAAChoFYloFmgXdWJoGGgZVQM2MTdyTgIAAIVSck8CAABoHGgZVQQxODMyclACAACFUnJRAgAAaB9oGVUDMTUyclICAACFUnJTAgAAaCKKAlsCaCNoGVUEMTA2M3JUAgAAhVJyVQIAAHViTkr/////h3JWAgAAaAJoA2gEhl1yVwIAAChoBmgHZWgIh1JyWAIAAH1yWQIAAChoC4oBKGgMWBQAAABhbGwgdGhlIEdhZmZlcidzIG1lbnJaAgAAaA5VBTEuOS4xaA9LAGgQigEHaBFoEimBclsCAAB9clwCAAAoaBWJaBZoF3ViaBhoGVUDNjMycl0CAACFUnJeAgAAaBxoGVUEMTgyNnJfAgAAhVJyYAIAAGgfaBlVAzE2OXJhAgAAhVJyYgIAAGgiigK4AmgjaBlVBDEwMjVyYwIAAIVScmQCAAB1Yk5LAIdyZQIAAGgCaANoBIZdcmYCAAAoaAZoB2VoCIdScmcCAAB9cmgCAAAoaAuKARVoDFgKAAAATWF5YmUgQmFieXJpAgAAaA5VBTEuOS4xaA9LAGgQigEHaBFoEimBcmoCAAB9cmsCAAAoaBWJaBZoF3ViaBhoGVUDNTU1cmwCAACFUnJtAgAAaBxoGVUEMTgyMXJuAgAAhVJybwIAAGgfaBlVAzE3MHJwAgAAhVJycQIAAGgiigKKAmgjaBlVBDEwOTZycgIAAIVScnMCAAB1Yk5LAIdydAIAAGgCaANoBIZdcnUCAAAoaAZoB2VoCIdScnYCAAB9cncCAAAoaAuKAVVoDFgWAAAAUmV0dXJuIHRvIHdpbm5pbmcgd2F5c3J4AgAAaA5VBTEuOS4xaA9LAmgQigETaBFoEimBcnkCAAB9cnoCAAAoaBWJaBZoF3ViaBhoGVUDNjQ1cnsCAACFUnJ8AgAAaBxoGVUEMTgxOXJ9AgAAhVJyfgIAAGgfaBlVAzE1MXJ/AgAAhVJygAIAAGgiigLsAWgjaBlVBDEwMjNygQIAAIVScoICAAB1Yk5LAIdygwIAAGgCaANoBIZdcoQCAAAoaAZoB2VoCIdScoUCAAB9coYCAAAoaAuKASFoDFggAAAAV2lsbCB5b3Ugc3RhcnQgdGhlIGZhbnMsIHBsZWFzZSFyhwIAAGgOVQUxLjkuMWgPSwBoEIoBB2gRaBIpgXKIAgAAfXKJAgAAKGgViWgWaBd1YmgYaBlVAzU5MnKKAgAAhVJyiwIAAGgcaBlVBDE4MTdyjAIAAIVSco0CAABoH2gZVQMxODlyjgIAAIVSco8CAABoIooC6gFoI2gZVQQxMDM2cpACAACFUnKRAgAAdWJOSwCHcpICAABoAmgDaASGXXKTAgAAKGgGaAdlaAiHUnKUAgAAfXKVAgAAKGgLigImAWgMWA8AAABHcmluICYgQmVycmEgaXRylgIAAGgOVQUxLjkuMWgPSwBoEIoBE2gRaBIpgXKXAgAAfXKYAgAAKGgViWgWaBd1YmgYaBlVAzU1NHKZAgAAhVJymgIAAGgcaBlVBDE4MTFymwIAAIVScpwCAABoH2gZVQMxNzRynQIAAIVScp4CAABoIooCRQJoI2gZVQQxMDgzcp8CAACFUnKgAgAAdWJOSwGHcqECAABoAmgDaASGXXKiAgAAKGgGaAdlaAiHUnKjAgAAfXKkAgAAKGgLigFXaAxYCwAAAEVhcmx5IERvb3JzcqUCAABoDlUFMS45LjFoD0sAaBCKARJoEWgSKYFypgIAAH1ypwIAAChoFYloFmgXdWJoGGgZVQM1OTVyqAIAAIVScqkCAABoHGgZVQQxODA3cqoCAACFUnKrAgAAaB9oGVUDMTUxcqwCAACFUnKtAgAAaCKKAqECaCNoGVUEMTA2MXKuAgAAhVJyrwIAAHViTkr/////h3KwAgAAaAJoA2gEhl1ysQIAAChoBmgHZWgIh1JysgIAAH1yswIAAChoC4oBL2gMWBMAAABMYXN0IE1pbnV0ZSBNYXJ2ZWxzcrQCAABoDlUFMS45LjFoD0sCaBCKARJoEWgSKYFytQIAAH1ytgIAAChoFYloFmgXdWJoGGgZVQM1MjdytwIAAIVScrgCAABoHGgZVQQxODA2crkCAACFUnK6AgAAaB9oGVUDMTgxcrsCAACFUnK8AgAAaCKKAsQCaCNoGVUEMTA5OHK9AgAAhVJyvgIAAHViTkr/////h3K/AgAAaAJoA2gEhl1ywAIAAChoBmgHZWgIh1JywQIAAH1ywgIAAChoC4oCHAFoDFgNAAAAT3N3YWxkIFJvdmVyc3LDAgAAaA5VBTEuOS4xaA9LAGgQigEHaBFoEimBcsQCAAB9csUCAAAoaBWJaBZoF3ViaBhoGVUDNTM3csYCAACFUnLHAgAAaBxoGVUEMTgwM3LIAgAAhVJyyQIAAGgfaBlVAzE1MXLKAgAAhVJyywIAAGgiigKdAmgjaBlVBDExMTVyzAIAAIVScs0CAAB1Yk5LAYdyzgIAAGgCaANoBIZdcs8CAAAoaAZoB2VoCIdSctACAAB9ctECAAAoaAuKAtAAaAxYDAAAAFNuYWtlIG4gQmFrZXLSAgAAaA5VBTEuOS4xaA9LAGgQigESaBFoEimBctMCAAB9ctQCAAAoaBWJaBZoF3ViaBhoGVUDNTIyctUCAACFUnLWAgAAaBxoGVUEMTgwMXLXAgAAhVJy2AIAAGgfaBlVAzE3MHLZAgAAhVJy2gIAAGgiigJOAmgjaBlVBDExMDly2wIAAIVSctwCAAB1Yk5K/////4dy3QIAAGgCaANoBIZdct4CAAAoaAZoB2VoCIdSct8CAAB9cuACAAAoaAuKAtAAaAxYCgAAAFNuYWtvYiBVdGRy4QIAAGgOVQUxLjkuMWgPSwBoEIoBEmgRaBIpgXLiAgAAfXLjAgAAKGgViWgWaBd1YmgYaBlVAzU1OXLkAgAAhVJy5QIAAGgcaBlVBDE4MDBy5gIAAIVScucCAABoH2gZVQMxNzBy6AIAAIVScukCAABoIooCDgJoI2gZVQQxMDcxcuoCAACFUnLrAgAAdWJOSwGHcuwCAABoAmgDaASGXXLtAgAAKGgGaAdlaAiHUnLuAgAAfXLvAgAAKGgLigLCAGgMWBMAAABUdXRzdGEncyBUb3AgVHJ1bXBzcvACAABoDlUFMS45LjFoD0sAaBCKARVoEWgSKYFy8QIAAH1y8gIAAChoFYloFmgXdWJoGGgZVQM1NTBy8wIAAIVScvQCAABoHGgZVQQxNzk2cvUCAACFUnL2AgAAaB9oGVUDMTYwcvcCAACFUnL4AgAAaCKKAmECaCNoGVUEMTA4NnL5AgAAhVJy+gIAAHViTkr/////h3L7AgAAaAJoA2gEhl1y/AIAAChoBmgHZWgIh1Jy/QIAAH1y/gIAAChoC4oCQAFoDFgGAAAASy5CLiAzcv8CAABoDlUFMS45LjFoD0sAaBCKARJoEWgSKYFyAAMAAH1yAQMAAChoFYloFmgXdWJoGGgZVQM1NThyAgMAAIVScgMDAABoHGgZVQQxNzgxcgQDAACFUnIFAwAAaB9oGVUDMTgycgYDAACFUnIHAwAAaCKKAsACaCNoGVUEMTA0MXIIAwAAhVJyCQMAAHViTksAh3IKAwAAaAJoA2gEhl1yCwMAAChoBmgHZWgIh1JyDAMAAH1yDQMAAChoC4oBQmgMWA8AAABQT0xJU0ggSU5WQURFUlNyDgMAAGgOVQUxLjkuMWgPSwBoEIoBCmgRaBIpgXIPAwAAfXIQAwAAKGgViWgWaBd1YmgYaBlVAzQ5MXIRAwAAhVJyEgMAAGgcaBlVBDE3NzhyEwMAAIVSchQDAABoH2gZVQMxODJyFQMAAIVSchYDAABoIooCogJoI2gZVQQxMTA1chcDAACFUnIYAwAAdWJOSwKHchkDAABoAmgDaASGXXIaAwAAKGgGaAdlaAiHUnIbAwAAfXIcAwAAKGgLigJDAWgMWBAAAABQaW5nIFBvbmcgRGlkZGx5ch0DAABoDlUFMS45LjFoD0sAaBCKAQFoEWgSKYFyHgMAAH1yHwMAAChoFYloFmgXdWJoGGgZVQM1NzlyIAMAAIVSciEDAABoHGgZVQQxNzc2ciIDAACFUnIjAwAAaB9oGVUDMTUzciQDAACFUnIlAwAAaCKKArICaCNoGVUEMTA0NHImAwAAhVJyJwMAAHViTkr/////h3IoAwAAaAJoA2gEhl1yKQMAAChoBmgHZWgIh1JyKgMAAH1yKwMAAChoC4oCwgBoDFgMAAAAVHV0dHkgRnJ1dHRpciwDAABoDlUFMS45LjFoD0sAaBCKAQdoEWgSKYFyLQMAAH1yLgMAAChoFYloFmgXdWJoGGgZVQM1NzJyLwMAAIVScjADAABoHGgZVQQxNzczcjEDAACFUnIyAwAAaB9oGVUDMTUxcjMDAACFUnI0AwAAaCKKAmICaCNoGVUEMTA1MHI1AwAAhVJyNgMAAHViTkr/////h3I3AwAAaAJoA2gEhl1yOAMAAChoBmgHZWgIh1JyOQMAAH1yOgMAAChoC4oCpgBoDFgSAAAAV2hvIEF0ZSBBbGwgRGVwYXlzcjsDAABoDlUFMS45LjFoD0sAaBCKAQ1oEWgSKYFyPAMAAH1yPQMAAChoFYloFmgXdWJoGGgZVQM1NjdyPgMAAIVScj8DAABoHGgZVQQxNzcwckADAACFUnJBAwAAaB9oGVUDMTUxckIDAACFUnJDAwAAaCKKAiQCaCNoGVUEMTA1MnJEAwAAhVJyRQMAAHViTksBh3JGAwAAaAJoA2gEhl1yRwMAAChoBmgHZWgIh1JySAMAAH1ySQMAAChoC4oCmgBoDFgaAAAAQmlnIFRlYW0gb2YgSG9wZSBhbmQgQ2hlZXJySgMAAGgOVQUxLjkuMWgPSwBoEIoBB2gRaBIpgXJLAwAAfXJMAwAAKGgViWgWaBd1YmgYaBlVAzU2M3JNAwAAhVJyTgMAAGgcaBlVBDE3NjdyTwMAAIVSclADAABoH2gZVQMxNjdyUQMAAIVSclIDAABoIooCegJoI2gZVQQxMDM3clMDAACFUnJUAwAAdWJOSv////+HclUDAABoAmgDaASGXXJWAwAAKGgGaAdlaAiHUnJXAwAAfXJYAwAAKGgLigKmAGgMWA4AAABCb3J1c3NpYSBUZWV0aHJZAwAAaA5VBTEuOS4xaA9LAGgQigENaBFoEimBcloDAAB9clsDAAAoaBWJaBZoF3ViaBhoGVUDNTcxclwDAACFUnJdAwAAaBxoGVUEMTc2NXJeAwAAhVJyXwMAAGgfaBlVAzE3MHJgAwAAhVJyYQMAAGgiigIjAmgjaBlVBDEwMjRyYgMAAIVScmMDAAB1Yk5LAIdyZAMAAGgCaANoBIZdcmUDAAAoaAZoB2VoCIdScmYDAAB9cmcDAAAoaAuKAQhoDFgPAAAAQ2FwdGFpbiBBbWVyaWNhcmgDAABoDlUFMS45LjFoD0sAaBCKAQ1oEWgSKYFyaQMAAH1yagMAAChoFYloFmgXdWJoGGgZVQM1ODhyawMAAIVScmwDAABoHGgZVQQxNzYzcm0DAACFUnJuAwAAaB9oGVUDMTU1cm8DAACFUnJwAwAAaCKKAhQCaCNoGVUEMTAyMHJxAwAAhVJycgMAAHViTksDh3JzAwAAaAJoA2gEhl1ydAMAAChoBmgHZWgIh1JydQMAAH1ydgMAAChoC4oCIQFoDFgKAAAAQmFsZCBFYWdsZXJ3AwAAaA5VBTEuOS4xaA9LAGgQigENaBFoEimBcngDAAB9cnkDAAAoaBWJaBZoF3ViaBhoGVUDNTM5cnoDAACFUnJ7AwAAaBxoGVUEMTc2MHJ8AwAAhVJyfQMAAGgfaBlVAzE2M3J+AwAAhVJyfwMAAGgiigJBAmgjaBlVBDEwNThygAMAAIVScoEDAAB1Yk5LBIdyggMAAGgCaANoBIZdcoMDAAAoaAZoB2VoCIdScoQDAAB9coUDAAAoaAuKAokAaAxYEgAAAENlY2ggT3V0IE15IEhlbG1ldHKGAwAAaA5VBTEuOS4xaA9LAGgQigEBaBFoEimBcocDAAB9cogDAAAoaBWJaBZoF3ViaBhoGVUDNjQ5cokDAACFUnKKAwAAaBxoGVUEMTc1OXKLAwAAhVJyjAMAAGgfaBlVAzE3NHKNAwAAhVJyjgMAAGgiigKwAmgjaBlVAzkzNnKPAwAAhVJykAMAAHViTkr+////h3KRAwAAaAJoA2gEhl1ykgMAAChoBmgHZWgIh1JykwMAAH1ylAMAAChoC4oCigBoDFgMAAAATGl0dGxlIHR3ZWFrcpUDAABoDlUFMS45LjFoD0sAaBCKARJoEWgSKYFylgMAAH1ylwMAAChoFYloFmgXdWJoGGgZVQM1NzdymAMAAIVScpkDAABoHGgZVQQxNzU2cpoDAACFUnKbAwAAaB9oGVUDMTc0cpwDAACFUnKdAwAAaCKKArUCaCNoGVUEMTAwNXKeAwAAhVJynwMAAHViTkr+////h3KgAwAAaAJoA2gEhl1yoQMAAChoBmgHZWgIh1JyogMAAH1yowMAAChoC4oBHWgMWA0AAABEYWlyeUxlZSBNT1RNcqQDAABoDlUFMS45LjFoD0sAaBCKARRoEWgSKYFypQMAAH1ypgMAAChoFYloFmgXdWJoGGgZVQM1MDhypwMAAIVScqgDAABoHGgZVQQxNzU1cqkDAACFUnKqAwAAaB9oGVUDMTcxcqsDAACFUnKsAwAAaCKKAq0CaCNoGVUEMTA3NnKtAwAAhVJyrgMAAHViTkr+////h3KvAwAAaAJoA2gEhl1ysAMAAChoBmgHZWgIh1JysQMAAH1ysgMAAChoC4oCnwBoDFgLAAAASG9vcCBVbml0ZWRyswMAAGgOVQUxLjkuMWgPSwBoEIoBB2gRaBIpgXK0AwAAfXK1AwAAKGgViWgWaBd1YmgYaBlVAzU4MnK2AwAAhVJytwMAAGgcaBlVBDE3NTVyuAMAAIVScrkDAABoH2gZVQMxNTNyugMAAIVScrsDAABoIooCLgJoI2gZVQQxMDIwcrwDAACFUnK9AwAAdWJOSwCHcr4DAABoAmgDaASGXXK/AwAAKGgGaAdlaAiHUnLAAwAAfXLBAwAAKGgLigF6aAxYCQAAACNLQU1NWUNBTXLCAwAAaA5VBTEuOS4xaA9LAGgQigESaBFoEimBcsMDAAB9csQDAAAoaBWJaBZoF3ViaBhoGVUDNTk4csUDAACFUnLGAwAAaBxoGVUEMTc1M3LHAwAAhVJyyAMAAGgfaBlVAzE0NnLJAwAAhVJyygMAAGgiigIHAmgjaBlVBDEwMDlyywMAAIVScswDAAB1Yk5LAIdyzQMAAGgCaANoBIZdcs4DAAAoaAZoB2VoCIdScs8DAAB9ctADAAAoaAuKAjwBaAxYDwAAAERvd24gdGhlIEtlcm1pdHLRAwAAaA5VBTEuOS4xaA9LAGgQigEHaBFoEimBctIDAAB9ctMDAAAoaBWJaBZoF3ViaBhoGVUDNTc3ctQDAACFUnLVAwAAaBxoGVUEMTc1M3LWAwAAhVJy1wMAAGgfaBlVAzE3M3LYAwAAhVJy2QMAAGgiigKJAmgjaBlVBDEwMDNy2gMAAIVSctsDAAB1Yk5LAIdy3AMAAGgCaANoBIZdct0DAAAoaAZoB2VoCIdSct4DAAB9ct8DAAAoaAuKAVdoDFgOAAAAT2x5bXBpYyBFZmZvcnRy4AMAAGgOVQUxLjkuMWgPSwBoEIoBEmgRaBIpgXLhAwAAfXLiAwAAKGgViWgWaBd1YmgYaBlVAzYxNHLjAwAAhVJy5AMAAGgcaBlVBDE3NTJy5QMAAIVScuYDAABoH2gZVQMxNTFy5wMAAIVScugDAABoIooCoAJoI2gZVQM5ODdy6QMAAIVScuoDAAB1Yk5K/v///4dy6wMAAGgCaANoBIZdcuwDAAAoaAZoB2VoCIdScu0DAAB9cu4DAAAoaAuKAVdoDFgVAAAAU2NvdXNlcnMgbGVhZCB0aGUgd2F5cu8DAABoDlUFMS45LjFoD0sAaBCKARJoEWgSKYFy8AMAAH1y8QMAAChoFYloFmgXdWJoGGgZVQM2MTRy8gMAAIVScvMDAABoHGgZVQQxNzQycvQDAACFUnL1AwAAaB9oGVUDMTUxcvYDAACFUnL3AwAAaCKKAp8CaCNoGVUDOTc3cvgDAACFUnL5AwAAdWJOSwCHcvoDAABoAmgDaASGXXL7AwAAKGgGaAdlaAiHUnL8AwAAfXL9AwAAKGgLigFqaAxYDAAAAEZlYXZlciBBbGZpZXL+AwAAaA5VBTEuOS4xaA9LAGgQigEKaBFoEimBcv8DAAB9cgAEAAAoaBWJaBZoF3ViaBhoGVUDNDIwcgEEAACFUnICBAAAaBxoGVUEMTczOHIDBAAAhVJyBAQAAGgfaBlVAzE4MnIFBAAAhVJyBgQAAGgiigKTAmgjaBlVBDExMzZyBwQAAIVScggEAAB1Yk5LAIdyCQQAAGgCaANoBIZdcgoEAAAoaAZoB2VoCIdScgsEAAB9cgwEAAAoaAuKAQhoDFgEAAAASHVsa3INBAAAaA5VBTEuOS4xaA9LAGgQigENaBFoEimBcg4EAAB9cg8EAAAoaBWJaBZoF3ViaBhoGVUDNTgychAEAACFUnIRBAAAaBxoGVUEMTczOHISBAAAhVJyEwQAAGgfaBlVAzE1NXIUBAAAhVJyFQQAAGgiigITAmgjaBlVBDEwMDFyFgQAAIVSchcEAAB1Yk5LA4dyGAQAAGgCaANoBIZdchkEAAAoaAZoB2VoCIdSchoEAAB9chsEAAAoaAuKAXNoDFgLAAAAVGhlIFJhYmJpdHNyHAQAAGgOVQUxLjkuMWgPSwBoEIoBEmgRaBIpgXIdBAAAfXIeBAAAKGgViWgWaBd1YmgYaBlVAzUzMnIfBAAAhVJyIAQAAGgcaBlVBDE3MzhyIQQAAIVSciIEAABoH2gZVQMxNDNyIwQAAIVSciQEAABoIooCUQJoI2gZVQQxMDYzciUEAACFUnImBAAAdWJOSwmHcicEAABoAmgDaASGXXIoBAAAKGgGaAdlaAiHUnIpBAAAfXIqBAAAKGgLigFlaAxYFgAAAE1BUksgV0FSQlVSVE9OIElTIEtJTkdyKwQAAGgOVQUxLjkuMWgPSwBoEIoBFGgRaBIpgXIsBAAAfXItBAAAKGgViWgWaBd1YmgYaBlVAzQ0NnIuBAAAhVJyLwQAAGgcaBlVBDE3MzdyMAQAAIVScjEEAABoH2gZVQMxNTZyMgQAAIVScjMEAABoIooCOgJoI2gZVQQxMTM1cjQEAACFUnI1BAAAdWJOSwGHcjYEAABoAmgDaASGXXI3BAAAKGgGaAdlaAiHUnI4BAAAfXI5BAAAKGgLigKJAGgMWCUAAABNZXN1dCBPemlsLCBIaXMgRXllcyBBcmUgT2Zmc2lkZS4uLi4ucjoEAABoDlUFMS45LjFoD0sAaBCKAQFoEWgSKYFyOwQAAH1yPAQAAChoFYloFmgXdWJoGGgZVQM1NDNyPQQAAIVScj4EAABoHGgZVQQxNzM3cj8EAACFUnJABAAAaB9oGVUDMTUxckEEAACFUnJCBAAAaCKKArQCaCNoGVUEMTA0M3JDBAAAhVJyRAQAAHViTkr+////h3JFBAAAaAJoA2gEhl1yRgQAAChoBmgHZWgIh1JyRwQAAH1ySAQAAChoC4oBamgMWAsAAABGZWF2ZXIgTGlseXJJBAAAaA5VBTEuOS4xaA9LAGgQigEKaBFoEimBckoEAAB9cksEAAAoaBWJaBZoF3ViaBhoGVUDNDQ1ckwEAACFUnJNBAAAaBxoGVUEMTczNnJOBAAAhVJyTwQAAGgfaBlVAzE4MnJQBAAAhVJyUQQAAGgiigKUAmgjaBlVBDExMDlyUgQAAIVSclMEAAB1Yk5K/f///4dyVAQAAGgCaANoBIZdclUEAAAoaAZoB2VoCIdSclYEAAB9clcEAAAoaAuKAXpoDFgJAAAAI0J1cmJ1amFzclgEAABoDlUFMS45LjFoD0sAaBCKARJoEWgSKYFyWQQAAH1yWgQAAChoFYloFmgXdWJoGGgZVQM2MzVyWwQAAIVSclwEAABoHGgZVQQxNzMycl0EAACFUnJeBAAAaB9oGVUDMTU0cl8EAACFUnJgBAAAaCKKAggCaCNoGVUDOTQzcmEEAACFUnJiBAAAdWJOSv7///+HcmMEAABoAmgDaASGXXJkBAAAKGgGaAdlaAiHUnJlBAAAfXJmBAAAKGgLigEvaAxYEgAAAEZpcnN0IEFtb25nIEVxdWFsc3JnBAAAaA5VBTEuOS4xaA9LAmgQigEKaBFoEimBcmgEAAB9cmkEAAAoaBWJaBZoF3ViaBhoGVUDNTM3cmoEAACFUnJrBAAAaBxoGVUEMTcyNHJsBAAAhVJybQQAAGgfaBlVAzE3MHJuBAAAhVJybwQAAGgiigLOAWgjaBlVBDEwMTdycAQAAIVScnEEAAB1Yk5K/////4dycgQAAGgCaANoBIZdcnMEAAAoaAZoB2VoCIdScnQEAAB9cnUEAAAoaAuKAhwBaAxYBgAAAEx1Y3Vpc3J2BAAAaA5VBTEuOS4xaA9LAGgQigEKaBFoEimBcncEAAB9cngEAAAoaBWJaBZoF3ViaBhoGVUDNDc0cnkEAACFUnJ6BAAAaBxoGVUEMTcyM3J7BAAAhVJyfAQAAGgfaBlVAzE3NHJ9BAAAhVJyfgQAAGgiigI8AmgjaBlVBDEwNzVyfwQAAIVScoAEAAB1Yk5LA4dygQQAAGgCaANoBIZdcoIEAAAoaAZoB2VoCIdScoMEAAB9coQEAAAoaAuKAiUBaAxYCwAAAE1jUCdzIE1hZ2ljcoUEAABoDlUFMS45LjFoD0sAaBCKAQ1oEWgSKYFyhgQAAH1yhwQAAChoFYloFmgXdWJoGGgZVQM1MThyiAQAAIVScokEAABoHGgZVQQxNzIzcooEAACFUnKLBAAAaB9oGVUDMTUxcowEAACFUnKNBAAAaCKKAkoCaCNoGVUEMTA1NHKOBAAAhVJyjwQAAHViTkr/////h3KQBAAAaAJoA2gEhl1ykQQAAChoBmgHZWgIh1JykgQAAH1ykwQAAChoC4oCIQFoDFgLAAAATmV3IEVhZ2xlJ3NylAQAAGgOVQUxLjkuMWgPSwBoEIoBB2gRaBIpgXKVBAAAfXKWBAAAKGgViWgWaBd1YmgYaBlVAzU2M3KXBAAAhVJymAQAAGgcaBlVBDE3MjNymQQAAIVScpoEAABoH2gZVQMxNTFymwQAAIVScpwEAABoIooCQAJoI2gZVQQxMDA5cp0EAACFUnKeBAAAdWJOSv////+Hcp8EAABoAmgDaASGXXKgBAAAKGgGaAdlaAiHUnKhBAAAfXKiBAAAKGgLigE/aAxYDgAAAFJvYXJ5J3MgUm92ZXJzcqMEAABoDlUFMS45LjFoD0sAaBCKAQdoEWgSKYFypAQAAH1ypQQAAChoFYloFmgXdWJoGGgZVQM1MTNypgQAAIVScqcEAABoHGgZVQQxNzIzcqgEAACFUnKpBAAAaB9oGVUDMTUxcqoEAACFUnKrBAAAaCKKAiACaCNoGVUEMTA1OXKsBAAAhVJyrQQAAHViTksCh3KuBAAAaAJoA2gEhl1yrwQAAChoBmgHZWgIh1JysAQAAH1ysQQAAChoC4oCHAFoDFgQAAAARGFycmVucyBEYXp6bGVyc3KyBAAAaA5VBTEuOS4xaA9LAGgQigEKaBFoEimBcrMEAAB9crQEAAAoaBWJaBZoF3ViaBhoGVUDNTA4crUEAACFUnK2BAAAaBxoGVUEMTcxNXK3BAAAhVJyuAQAAGgfaBlVAzE1NnK5BAAAhVJyugQAAGgiigI0AmgjaBlVBDEwNTFyuwQAAIVScrwEAAB1Yk5LAYdyvQQAAGgCaANoBIZdcr4EAAAoaAZoB2VoCIdScr8EAAB9csAEAAAoaAuKAVVoDFgEAAAAV2lTaXLBBAAAaA5VBTEuOS4xaA9LAmgQigESaBFoEimBcsIEAAB9csMEAAAoaBWJaBZoF3ViaBhoGVUDNTI5csQEAACFUnLFBAAAaBxoGVUEMTcxNXLGBAAAhVJyxwQAAGgfaBlVAzE1OHLIBAAAhVJyyQQAAGgiigKjAmgjaBlVBDEwMjhyygQAAIVScssEAAB1Yk5LAIdyzAQAAGgCaANoBIZdcs0EAAAoaAZoB2VoCIdScs4EAAB9cs8EAAAoaAuKAvkAaAxYCQAAAHBsdW1iZHVtYnLQBAAAaA5VBTEuOS4xaA9LAGgQigEKaBFoEimBctEEAAB9ctIEAAAoaBWJaBZoF3ViaBhoGVUDNTU2ctMEAACFUnLUBAAAaBxoGVUEMTcxNHLVBAAAhVJy1gQAAGgfaBlVAzE1MXLXBAAAhVJy2AQAAGgiigLgAWgjaBlVBDEwMDdy2QQAAIVSctoEAAB1Yk5LAIdy2wQAAGgCaANoBIZdctwEAAAoaAZoB2VoCIdSct0EAAB9ct4EAAAoaAuKAWpoDFgLAAAARmVhdmVyIEphY2ty3wQAAGgOVQUxLjkuMWgPSwBoEIoBCmgRaBIpgXLgBAAAfXLhBAAAKGgViWgWaBd1YmgYaBlVAzQ3MnLiBAAAhVJy4wQAAGgcaBlVBDE3MDdy5AQAAIVScuUEAABoH2gZVQMxNzBy5gQAAIVScucEAABoIooCkgJoI2gZVQQxMDY1cugEAACFUnLpBAAAdWJOSwCHcuoEAABoAmgDaASGXXLrBAAAKGgGaAdlaAiHUnLsBAAAfXLtBAAAKGgLigFPaAxYFgAAAEtpbXMgQ29tZSBPbiBZb3UgR29hbHNy7gQAAGgOVQUxLjkuMWgPSwBoEIoBEmgRaBIpgXLvBAAAfXLwBAAAKGgViWgWaBd1YmgYaBlVAzQ0NXLxBAAAhVJy8gQAAGgcaBlVBDE2OTNy8wQAAIVScvQEAABoH2gZVQMxODJy9QQAAIVScvYEAABoIooCgAJoI2gZVQQxMDY2cvcEAACFUnL4BAAAdWJOSwCHcvkEAABoAmgDaASGXXL6BAAAKGgGaAdlaAiHUnL7BAAAfXL8BAAAKGgLigIPAWgMWA8AAABXaWxsJ3MgV2FycmlvcnNy/QQAAGgOVQUxLjkuMWgPSwBoEIoBCmgRaBIpgXL+BAAAfXL/BAAAKGgViWgWaBd1YmgYaBlVAzU0NXIABQAAhVJyAQUAAGgcaBlVBDE2OTJyAgUAAIVScgMFAABoH2gZVQMxNThyBAUAAIVScgUFAABoIooCFgJoI2gZVQM5ODlyBgUAAIVScgcFAAB1Yk5LAIdyCAUAAGgCaANoBIZdcgkFAAAoaAZoB2VoCIdScgoFAAB9cgsFAAAoaAuKAX1oDFgGAAAATVIgTWVucgwFAABoDlUFMS45LjFoD0sAaBCKAQ1oEWgSKYFyDQUAAH1yDgUAAChoFYloFmgXdWJoGGgZVQM0MzZyDwUAAIVSchAFAABoHGgZVQQxNjkxchEFAACFUnISBQAAaB9oGVUDMTc0chMFAACFUnIUBQAAaCKKAhACaCNoGVUEMTA4MXIVBQAAhVJyFgUAAHViTksAh3IXBQAAaAJoA2gEhl1yGAUAAChoBmgHZWgIh1JyGQUAAH1yGgUAAChoC4oBL2gMWBEAAABGb3JtIGlzIFRlbXBvcmFyeXIbBQAAaA5VBTEuOS4xaA9LAmgQigESaBFoEimBchwFAAB9ch0FAAAoaBWJaBZoF3ViaBhoGVUDNTMych4FAACFUnIfBQAAaBxoGVUEMTY5MHIgBQAAhVJyIQUAAGgfaBlVAzE2NnIiBQAAhVJyIwUAAGgiigILAmgjaBlVAzk5MnIkBQAAhVJyJQUAAHViTkr/////h3ImBQAAaAJoA2gEhl1yJwUAAChoBmgHZWgIh1JyKAUAAH1yKQUAAChoC4oCvABoDFggAAAAVGhlIEZvdXJiZWVzIChCb2JzIEJpZyBCYWQgQm95cylyKgUAAGgOVQUxLjkuMWgPSwBoEIoBAWgRaBIpgXIrBQAAfXIsBQAAKGgViWgWaBd1YmgYaBlVAzU3NHItBQAAhVJyLgUAAGgcaBlVBDE2OTByLwUAAIVScjAFAABoH2gZVQMxMzdyMQUAAIVScjIFAABoIooCXAJoI2gZVQM5NzlyMwUAAIVScjQFAAB1Yk5K/////4dyNQUAAGgCaANoBIZdcjYFAAAoaAZoB2VoCIdScjcFAAB9cjgFAAAoaAuKAi4BaAxYCgAAAFNFT3duIEdvYWxyOQUAAGgOVQUxLjkuMWgPSwBoEIoBE2gRaBIpgXI6BQAAfXI7BQAAKGgViWgWaBd1YmgYaBlVAzUzM3I8BQAAhVJyPQUAAGgcaBlVBDE2ODhyPgUAAIVScj8FAABoH2gZVQMxNTZyQAUAAIVSckEFAABoIooCYAJoI2gZVQM5OTlyQgUAAIVSckMFAAB1Yk5LAIdyRAUAAGgCaANoBIZdckUFAAAoaAZoB2VoCIdSckYFAAB9ckcFAAAoaAuKAS9oDFgfAAAASSBDYW4ndCBCZWxpZXZlIEl0J3MgTm90IEJldHRlcnJIBQAAaA5VBTEuOS4xaA9LAmgQigEVaBFoEimBckkFAAB9ckoFAAAoaBWJaBZoF3ViaBhoGVUDNTQxcksFAACFUnJMBQAAaBxoGVUEMTY4NXJNBQAAhVJyTgUAAGgfaBlVAzE1MXJPBQAAhVJyUAUAAGgiigLDAmgjaBlVAzk5M3JRBQAAhVJyUgUAAHViTksAh3JTBQAAaAJoA2gEhl1yVAUAAChoBmgHZWgIh1JyVQUAAH1yVgUAAChoC4oBA2gMWAsAAABLaWNrZXR5IEJvb3JXBQAAaA5VBTEuOS4xaA9LAGgQigESaBFoEimBclgFAAB9clkFAAAoaBWJaBZoF3ViaBhoGVUDNTI0cloFAACFUnJbBQAAaBxoGVUEMTY4MnJcBQAAhVJyXQUAAGgfaBlVAzE3MHJeBQAAhVJyXwUAAGgiigLPAWgjaBlVAzk4OHJgBQAAhVJyYQUAAHViTkr/////h3JiBQAAaAJoA2gEhl1yYwUAAChoBmgHZWgIh1JyZAUAAH1yZQUAAChoC4oBfWgMWAYAAABNYUhlUm9yZgUAAGgOVQUxLjkuMWgPSwBoEIoBDWgRaBIpgXJnBQAAfXJoBQAAKGgViWgWaBd1YmgYaBlVAzQyOHJpBQAAhVJyagUAAGgcaBlVBDE2NzlyawUAAIVScmwFAABoH2gZVQMxNzBybQUAAIVScm4FAABoIooCDwJoI2gZVQQxMDgxcm8FAACFUnJwBQAAdWJOSwCHcnEFAABoAmgDaASGXXJyBQAAKGgGaAdlaAiHUnJzBQAAfXJ0BQAAKGgLigKKAGgMWA0AAABGdXJ0aGVyIHR3ZWFrcnUFAABoDlUFMS45LjFoD0sAaBCKARJoEWgSKYFydgUAAH1ydwUAAChoFYloFmgXdWJoGGgZVQM0NjhyeAUAAIVScnkFAABoHGgZVQQxNjc4cnoFAACFUnJ7BQAAaB9oGVUDMTgycnwFAACFUnJ9BQAAaCKKArYCaCNoGVUEMTAyOHJ+BQAAhVJyfwUAAHViTksAh3KABQAAaAJoA2gEhl1ygQUAAChoBmgHZWgIh1JyggUAAH1ygwUAAChoC4oCQgFoDFgRAAAATk9SVEggSEVSVFMgRUxJVEVyhAUAAGgOVQUxLjkuMWgPSwBoEIoBDWgRaBIpgXKFBQAAfXKGBQAAKGgViWgWaBd1YmgYaBlVAzU3MXKHBQAAhVJyiAUAAGgcaBlVBDE2NzJyiQUAAIVScooFAABoH2gZVQMxNDNyiwUAAIVScowFAABoIooCqwJoI2gZVQM5NThyjQUAAIVSco4FAAB1Yk5LAIdyjwUAAGgCaANoBIZdcpAFAAAoaAZoB2VoCIdScpEFAAB9cpIFAAAoaAuKAgwBaAxYAwAAAFNGQ3KTBQAAaA5VBTEuOS4xaA9LAGgQigEVaBFoEimBcpQFAAB9cpUFAAAoaBWJaBZoF3ViaBhoGVUDNTE2cpYFAACFUnKXBQAAaBxoGVUEMTY3MXKYBQAAhVJymQUAAGgfaBlVAzE1MXKaBQAAhVJymwUAAGgiigINAmgjaBlVBDEwMDRynAUAAIVScp0FAAB1Yk5LAIdyngUAAGgCaANoBIZdcp8FAAAoaAZoB2VoCIdScqAFAAB9cqEFAAAoaAuKAo8AaAxYEgAAAHBpc3RvbHMgYWxsLXN0YXIgWHKiBQAAaA5VBTEuOS4xaA9LAGgQigEKaBFoEimBcqMFAAB9cqQFAAAoaBWJaBZoF3ViaBhoGVUDNDEzcqUFAACFUnKmBQAAaBxoGVUEMTY2OXKnBQAAhVJyqAUAAGgfaBlVAzE1NnKpBQAAhVJyqgUAAGgiigIvAmgjaBlVBDExMDByqwUAAIVScqwFAAB1Yk5LAodyrQUAAGgCaANoBIZdcq4FAAAoaAZoB2VoCIdScq8FAAB9crAFAAAoaAuKAUVoDFgQAAAAc3RyYWlnaHRSRUQgLSAzNnKxBQAAaA5VBTEuOS4xaA9LAmgQigESaBFoEimBcrIFAAB9crMFAAAoaBWJaBZoF3ViaBhoGVUDNDQ1crQFAACFUnK1BQAAaBxoGVUEMTY2OXK2BQAAhVJytwUAAGgfaBlVAzE4MnK4BQAAhVJyuQUAAGgiigJ8AmgjaBlVBDEwNDJyugUAAIVScrsFAAB1Yk5LAIdyvAUAAGgCaANoBIZdcr0FAAAoaAZoB2VoCIdScr4FAAB9cr8FAAAoaAuKAVVoDFgNAAAAVW5saWtlbHkgbGFkc3LABQAAaA5VBTEuOS4xaA9LAmgQigESaBFoEimBcsEFAAB9csIFAAAoaBWJaBZoF3ViaBhoGVUDNTkwcsMFAACFUnLEBQAAaBxoGVUEMTY2NnLFBQAAhVJyxgUAAGgfaBlVAzE1M3LHBQAAhVJyyAUAAGgiigKlAmgjaBlVAzkyM3LJBQAAhVJyygUAAHViTkr/////h3LLBQAAaAJoA2gEhl1yzAUAAChoBmgHZWgIh1JyzQUAAH1yzgUAAChoC4oCigBoDFgSAAAAV2luIGZyb20gdGhlIGZyb250cs8FAABoDlUFMS45LjFoD0sAaBCKARJoEWgSKYFy0AUAAH1y0QUAAChoFYloFmgXdWJoGGgZVQM0NDVy0gUAAIVSctMFAABoHGgZVQQxNjYyctQFAACFUnLVBQAAaB9oGVUDMTgyctYFAACFUnLXBQAAaCKKArMCaCNoGVUEMTAzNXLYBQAAhVJy2QUAAHViTksAh3LaBQAAaAJoA2gEhl1y2wUAAChoBmgHZWgIh1Jy3AUAAH1y3QUAAChoC4oBEmgMWAwAAABCZWFtaW5nIEJlZXNy3gUAAGgOVQUxLjkuMWgPSwBoEIoBAWgRaBIpgXLfBQAAfXLgBQAAKGgViWgWaBd1YmgYaBlVAzQ0NHLhBQAAhVJy4gUAAGgcaBlVBDE2NTZy4wUAAIVScuQFAABoH2gZVQMxMzNy5QUAAIVScuYFAABoIooC5wFoI2gZVQQxMDc5cucFAACFUnLoBQAAdWJOSwCHcukFAABoAmgDaASGXXLqBQAAKGgGaAdlaAiHUnLrBQAAfXLsBQAAKGgLigFQaAxYCgAAAEdlZVRlZXMgMDJy7QUAAGgOVQUxLjkuMWgPSwBoEIoBEmgRaBIpgXLuBQAAfXLvBQAAKGgViWgWaBd1YmgYaBlVAzU3N3LwBQAAhVJy8QUAAGgcaBlVBDE2NTRy8gUAAIVScvMFAABoH2gZVQMxNTZy9AUAAIVScvUFAABoIooCggJoI2gZVQM5MjFy9gUAAIVScvcFAAB1Yk5LAIdy+AUAAGgCaANoBIZdcvkFAAAoaAZoB2VoCIdScvoFAAB9cvsFAAAoaAuKAqYAaAxYFwAAAFRoZSBOZXZpbGxlIFdlYXJzIFByYWRhcvwFAABoDlUFMS45LjFoD0sAaBCKAQ1oEWgSKYFy/QUAAH1y/gUAAChoFYloFmgXdWJoGGgZVQM1NTNy/wUAAIVScgAGAABoHGgZVQQxNjUzcgEGAACFUnICBgAAaB9oGVUDMTUzcgMGAACFUnIEBgAAaCKKAiECaCNoGVUDOTQ3cgUGAACFUnIGBgAAdWJOSwCHcgcGAABoAmgDaASGXXIIBgAAKGgGaAdlaAiHUnIJBgAAfXIKBgAAKGgLigIZAWgMWBoAAABUYWtlIG1lIGhvbWUgbGV3aXNoYW0gcm9hZHILBgAAaA5VBTEuOS4xaA9LAGgQigEBaBFoEimBcgwGAAB9cg0GAAAoaBWJaBZoF3ViaBhoGVUDNDkwcg4GAACFUnIPBgAAaBxoGVUEMTY0NnIQBgAAhVJyEQYAAGgfaBlVAzE1MXISBgAAhVJyEwYAAGgiigI1AmgjaBlVBDEwMDVyFAYAAIVSchUGAAB1Yk5LAIdyFgYAAGgCaANoBIZdchcGAAAoaAZoB2VoCIdSchgGAAB9chkGAAAoaAuKAgkBaAxYCgAAAE9nYm9ubmEgRkNyGgYAAGgOVQUxLjkuMWgPSwBoEIoBDWgRaBIpgXIbBgAAfXIcBgAAKGgViWgWaBd1YmgYaBlVAzU2NnIdBgAAhVJyHgYAAGgcaBlVBDE2MzFyHwYAAIVSciAGAABoH2gZVQMxNTVyIQYAAIVSciIGAABoIooCCQJoI2gZVQM5MTByIwYAAIVSciQGAAB1Yk5LA4dyJQYAAGgCaANoBIZdciYGAAAoaAZoB2VoCIdScicGAAB9cigGAAAoaAuKAT9oDFgXAAAASGFycnkgYW5kIFNuaXRjaCBlbGV2ZW5yKQYAAGgOVQUxLjkuMWgPSwBoEIoBE2gRaBIpgXIqBgAAfXIrBgAAKGgViWgWaBd1YmgYaBlVAzQxOXIsBgAAhVJyLQYAAGgcaBlVBDE2MjlyLgYAAIVSci8GAABoH2gZVQMxNTZyMAYAAIVScjEGAABoIooCHgJoI2gZVQQxMDU0cjIGAACFUnIzBgAAdWJOSv////+HcjQGAABoAmgDaASGXXI1BgAAKGgGaAdlaAiHUnI2BgAAfXI3BgAAKGgLigElaAxYEwAAAFNpciB2ZXJlIGxvbyB6ZXJzIDFyOAYAAGgOVQUxLjkuMWgPSwBoEIoBCmgRaBIpgXI5BgAAfXI6BgAAKGgViWgWaBd1YmgYaBlVAzQ2M3I7BgAAhVJyPAYAAGgcaBlVBDE2MjhyPQYAAIVScj4GAABoH2gZVQMxNTFyPwYAAIVSckAGAABoIooCagJoI2gZVQQxMDE0ckEGAACFUnJCBgAAdWJOSv////+HckMGAABoAmgDaASGXXJEBgAAKGgGaAdlaAiHUnJFBgAAfXJGBgAAKGgLigERaAxYDgAAAEZvb3RiYWxsIEtpbmd6ckcGAABoDlUFMS45LjFoD0sAaBCKAQFoEWgSKYFySAYAAH1ySQYAAChoFYloFmgXdWJoGGgZVQM1MThySgYAAIVScksGAABoHGgZVQQxNjI0ckwGAACFUnJNBgAAaB9oGVUDMTUxck4GAACFUnJPBgAAaCKKAmcCaCNoGVUDOTU1clAGAACFUnJRBgAAdWJOSwKHclIGAABoAmgDaASGXXJTBgAAKGgGaAdlaAiHUnJUBgAAfXJVBgAAKGgLigE/aAxYDAAAADIgQmxhY2sgQ2F0c3JWBgAAaA5VBTEuOS4xaA9LAGgQigEKaBFoEimBclcGAAB9clgGAAAoaBWJaBZoF3ViaBhoGVUDNDUwclkGAACFUnJaBgAAaBxoGVUEMTYyM3JbBgAAhVJyXAYAAGgfaBlVAzE1OHJdBgAAhVJyXgYAAGgiigIfAmgjaBlVBDEwMTVyXwYAAIVScmAGAAB1Yk5K/v///4dyYQYAAGgCaANoBIZdcmIGAAAoaAZoB2VoCIdScmMGAAB9cmQGAAAoaAuKAgYBaAxYGAAAAFlvbG8gVG91cmUncyBJbnZpbmNpYmxlc3JlBgAAaA5VBTEuOS4xaA9LAGgQigETaBFoEimBcmYGAAB9cmcGAAAoaBWJaBZoF3ViaBhoGVUDNDUycmgGAACFUnJpBgAAaBxoGVUEMTYyM3JqBgAAhVJyawYAAGgfaBlVAzE2NXJsBgAAhVJybQYAAGgiigL+AWgjaBlVBDEwMDZybgYAAIVScm8GAAB1Yk5LAodycAYAAGgCaANoBIZdcnEGAAAoaAZoB2VoCIdScnIGAAB9cnMGAAAoaAuKAj8BaAxYDwAAAE5vYm9kaWVzIHdlIGFyZXJ0BgAAaA5VBTEuOS4xaA9LAGgQigEKaBFoEimBcnUGAAB9cnYGAAAoaBWJaBZoF3ViaBhoGVUDNDEwcncGAACFUnJ4BgAAaBxoGVUEMTYyMHJ5BgAAhVJyegYAAGgfaBlVAzE1MXJ7BgAAhVJyfAYAAGgiigKPAmgjaBlVBDEwNTlyfQYAAIVScn4GAAB1Yk5K/v///4dyfwYAAGgCaANoBIZdcoAGAAAoaAZoB2VoCIdScoEGAAB9coIGAAAoaAuKAvkAaAxYCwAAAHBsdW1ic3R1cGlkcoMGAABoDlUFMS45LjFoD0sAaBCKAQpoEWgSKYFyhAYAAH1yhQYAAChoFYloFmgXdWJoGGgZVQM0NjFyhgYAAIVScocGAABoHGgZVQQxNjE4cogGAACFUnKJBgAAaB9oGVUDMTU2cooGAACFUnKLBgAAaCKKAuEBaCNoGVUEMTAwMXKMBgAAhVJyjQYAAHViTksAh3KOBgAAaAJoA2gEhl1yjwYAAChoBmgHZWgIh1JykAYAAH1ykQYAAChoC4oBK2gMWCIAAABJZiB0aGlzIHdpbnMgSSdtIGtlZXBpbmcgdGhlIG1vbmV5cpIGAABoDlUFMS45LjFoD0sAaBCKARJoEWgSKYFykwYAAH1ylAYAAChoFYloFmgXdWJoGGgZVQM0NjJylQYAAIVScpYGAABoHGgZVQQxNjE0cpcGAACFUnKYBgAAaB9oGVUDMTUxcpkGAACFUnKaBgAAaCKKAsUCaCNoGVUEMTAwMXKbBgAAhVJynAYAAHViTkr/////h3KdBgAAaAJoA2gEhl1yngYAAChoBmgHZWgIh1JynwYAAH1yoAYAAChoC4oCGwFoDFgMAAAAVGVhbSBDaGFudHJ5cqEGAABoDlUFMS45LjFoD0sAaBCKARVoEWgSKYFyogYAAH1yowYAAChoFYloFmgXdWJoGGgZVQM0NzVypAYAAIVScqUGAABoHGgZVQQxNjEzcqYGAACFUnKnBgAAaB9oGVUDMTU2cqgGAACFUnKpBgAAaCKKAjICaCNoGVUDOTgycqoGAACFUnKrBgAAdWJOSwGHcqwGAABoAmgDaASGXXKtBgAAKGgGaAdlaAiHUnKuBgAAfXKvBgAAKGgLigKjAGgMWAoAAABZd3VycnlhZ2lucrAGAABoDlUFMS45LjFoD0sAaBCKAQpoEWgSKYFysQYAAH1ysgYAAChoFYloFmgXdWJoGGgZVQM0MjhyswYAAIVScrQGAABoHGgZVQQxNjEzcrUGAACFUnK2BgAAaB9oGVUDMTcxcrcGAACFUnK4BgAAaCKKAv0BaCNoGVUEMTAxNHK5BgAAhVJyugYAAHViTksFh3K7BgAAaAJoA2gEhl1yvAYAAChoBmgHZWgIh1JyvQYAAH1yvgYAAChoC4oCIQFoDFgPAAAARWFnbGVzIENvbWJpbmVkcr8GAABoDlUFMS45LjFoD0sAaBCKARVoEWgSKYFywAYAAH1ywQYAAChoFYloFmgXdWJoGGgZVQM1MzJywgYAAIVScsMGAABoHGgZVQQxNjEycsQGAACFUnLFBgAAaB9oGVUDMTI0csYGAACFUnLHBgAAaCKKAkICaCNoGVUDOTU2csgGAACFUnLJBgAAdWJOSv7///+HcsoGAABoAmgDaASGXXLLBgAAKGgGaAdlaAiHUnLMBgAAfXLNBgAAKGgLigEMaAxYHgAAAE5ldmVyIE1pbmQgVGhlIFAuTy5FLlAuIFRydWNrc3LOBgAAaA5VBTEuOS4xaA9LAGgQigEHaBFoEimBcs8GAAB9ctAGAAAoaBWJaBZoF3ViaBhoGVUDNTQ5ctEGAACFUnLSBgAAaBxoGVUEMTYxMXLTBgAAhVJy1AYAAGgfaBlVAzE0MHLVBgAAhVJy1gYAAGgiigKuAmgjaBlVAzkyMnLXBgAAhVJy2AYAAHViTkr/////h3LZBgAAaAJoA2gEhl1y2gYAAChoBmgHZWgIh1Jy2wYAAH1y3AYAAChoC4oBJWgMWAkAAABTaGFudGFzMTFy3QYAAGgOVQUxLjkuMWgPSwBoEIoBFWgRaBIpgXLeBgAAfXLfBgAAKGgViWgWaBd1YmgYaBlVAzQ5M3LgBgAAhVJy4QYAAGgcaBlVBDE2MTBy4gYAAIVScuMGAABoH2gZVQMxMzBy5AYAAIVScuUGAABoIooCbAJoI2gZVQM5ODdy5gYAAIVScucGAAB1Yk5LAYdy6AYAAGgCaANoBIZdcukGAAAoaAZoB2VoCIdScuoGAAB9cusGAAAoaAuKAkQBaAxYEQAAAE1heWJlIE5leHQgU2Vhc29ucuwGAABoDlUFMS45LjFoD0sAaBCKAQpoEWgSKYFy7QYAAH1y7gYAAChoFYloFmgXdWJoGGgZVQM0NjVy7wYAAIVScvAGAABoHGgZVQQxNjA3cvEGAACFUnLyBgAAaB9oGVUDMTU2cvMGAACFUnL0BgAAaCKKArcCaCNoGVUDOTg2cvUGAACFUnL2BgAAdWJOSv7///+HcvcGAABoAmgDaASGXXL4BgAAKGgGaAdlaAiHUnL5BgAAfXL6BgAAKGgLigF9aAxYBgAAAE1SIE1hbnL7BgAAaA5VBTEuOS4xaA9LAGgQigENaBFoEimBcvwGAAB9cv0GAAAoaBWJaBZoF3ViaBhoGVUDNDE5cv4GAACFUnL/BgAAaBxoGVUEMTYwNnIABwAAhVJyAQcAAGgfaBlVAzE3MHICBwAAhVJyAwcAAGgiigIRAmgjaBlVBDEwMTdyBAcAAIVScgUHAAB1Yk5K/v///4dyBgcAAGgCaANoBIZdcgcHAAAoaAZoB2VoCIdScggHAAB9cgkHAAAoaAuKAqMAaAxYCgAAAHl3dXJyeSB0b29yCgcAAGgOVQUxLjkuMWgPSwBoEIoBAWgRaBIpgXILBwAAfXIMBwAAKGgViWgWaBd1YmgYaBlVAzQyM3INBwAAhVJyDgcAAGgcaBlVBDE2MDNyDwcAAIVSchAHAABoH2gZVQMxNDlyEQcAAIVSchIHAABoIooC/AFoI2gZVQQxMDMxchMHAACFUnIUBwAAdWJOSwOHchUHAABoAmgDaASGXXIWBwAAKGgGaAdlaAiHUnIXBwAAfXIYBwAAKGgLigIOAWgMWAYAAABBIFRlYW1yGQcAAGgOVQUxLjkuMWgPSwBoEIoBE2gRaBIpgXIaBwAAfXIbBwAAKGgViWgWaBd1YmgYaBlVAzU3MXIcBwAAhVJyHQcAAGgcaBlVBDE2MDJyHgcAAIVSch8HAABoH2gZVQMxMDZyIAcAAIVSciEHAABoIooCFQJoI2gZVQM5MjVyIgcAAIVSciMHAAB1Yk5LAYdyJAcAAGgCaANoBIZdciUHAAAoaAZoB2VoCIdSciYHAAB9cicHAAAoaAuKAvkAaAxYCgAAAHBsdW1iY3JhenlyKAcAAGgOVQUxLjkuMWgPSwBoEIoBAWgRaBIpgXIpBwAAfXIqBwAAKGgViWgWaBd1YmgYaBlVAzQzOXIrBwAAhVJyLAcAAGgcaBlVBDE2MDJyLQcAAIVSci4HAABoH2gZVQMxNTFyLwcAAIVScjAHAABoIooC3wFoI2gZVQQxMDEycjEHAACFUnIyBwAAdWJOSv////+HcjMHAABoAmgDaASGXXI0BwAAKGgGaAdlaAiHUnI1BwAAfXI2BwAAKGgLigFwaAxYEAAAADUwIFllYXJzIG9mIEh1cnRyNwcAAGgOVQUxLjkuMWgPSwBoEIoBCmgRaBIpgXI4BwAAfXI5BwAAKGgViWgWaBd1YmgYaBlVAzUzMnI6BwAAhVJyOwcAAGgcaBlVBDE2MDByPAcAAIVScj0HAABoH2gZVQMxMzByPgcAAIVScj8HAABoIooCAAJoI2gZVQM5MzhyQAcAAIVSckEHAAB1Yk5K/v///4dyQgcAAGgCaANoBIZdckMHAAAoaAZoB2VoCIdSckQHAAB9ckUHAAAoaAuKAgMBaAxYEQAAAENsdWVsZXNzIENvbGxpbmdzckYHAABoDlUFMS45LjFoD0sAaBCKARNoEWgSKYFyRwcAAH1ySAcAAChoFYloFmgXdWJoGGgZVQM1MzdySQcAAIVSckoHAABoHGgZVQQxNTk4cksHAACFUnJMBwAAaB9oGVUDMTQzck0HAACFUnJOBwAAaCKKAvkBaCNoGVUDOTE4ck8HAACFUnJQBwAAdWJOSwKHclEHAABoAmgDaASGXXJSBwAAKGgGaAdlaAiHUnJTBwAAfXJUBwAAKGgLigEHaAxYDAAAAEh1Z28gUm9zcyBGQ3JVBwAAaA5VBTEuOS4xaA9LAGgQigEKaBFoEimBclYHAAB9clcHAAAoaBWJaBZoF3ViaBhoGVUDMzY1clgHAACFUnJZBwAAaBxoGVUEMTU5OHJaBwAAhVJyWwcAAGgfaBlVAzE1MXJcBwAAhVJyXQcAAGgiigL4AWgjaBlVBDEwODJyXgcAAIVScl8HAAB1Yk5LAIdyYAcAAGgCaANoBIZdcmEHAAAoaAZoB2VoCIdScmIHAAB9cmMHAAAoaAuKAgMBaAxYDQAAAE15IFJ1Z2J5IFRlYW1yZAcAAGgOVQUxLjkuMWgPSwBoEIoBE2gRaBIpgXJlBwAAfXJmBwAAKGgViWgWaBd1YmgYaBlVAzQ0N3JnBwAAhVJyaAcAAGgcaBlVBDE1OTZyaQcAAIVScmoHAABoH2gZVQMxNTNyawcAAIVScmwHAABoIooCKgJoI2gZVQM5OTZybQcAAIVScm4HAAB1Yk5K/////4dybwcAAGgCaANoBIZdcnAHAAAoaAZoB2VoCIdScnEHAAB9cnIHAAAoaAuKATBoDFgSAAAAV2Fsc2gncyBXZWRuZXNkYXkgcnMHAABoDlUFMS45LjFoD0sAaBCKAQFoEWgSKYFydAcAAH1ydQcAAChoFYloFmgXdWJoGGgZVQM1MDBydgcAAIVScncHAABoHGgZVQQxNTk2cngHAACFUnJ5BwAAaB9oGVUDMTQzcnoHAACFUnJ7BwAAaCKKAr8CaCNoGVUDOTUzcnwHAACFUnJ9BwAAdWJOSwOHcn4HAABoAmgDaASGXXJ/BwAAKGgGaAdlaAiHUnKABwAAfXKBBwAAKGgLigIwAWgMWA0AAABNZXJzb25zIE1hZ2ljcoIHAABoDlUFMS45LjFoD0sAaBCKAQdoEWgSKYFygwcAAH1yhAcAAChoFYloFmgXdWJoGGgZVQM0ODhyhQcAAIVScoYHAABoHGgZVQQxNTk0cocHAACFUnKIBwAAaB9oGVUDMTU4cokHAACFUnKKBwAAaCKKAmMCaCNoGVUDOTQ4cosHAACFUnKMBwAAdWJOSwWHco0HAABoAmgDaASGXXKOBwAAKGgGaAdlaAiHUnKPBwAAfXKQBwAAKGgLigIoAWgMWBIAAABIYWxlY2hlc3RlciBVbml0ZWRykQcAAGgOVQUxLjkuMWgPSwBoEIoBE2gRaBIpgXKSBwAAfXKTBwAAKGgViWgWaBd1YmgYaBlVAzUzMnKUBwAAhVJylQcAAGgcaBlVBDE1OTJylgcAAIVScpcHAABoH2gZVQMxNTVymAcAAIVScpkHAABoIooCRwJoI2gZVQM5MDVymgcAAIVScpsHAAB1Yk5LCIdynAcAAGgCaANoBIZdcp0HAAAoaAZoB2VoCIdScp4HAAB9cp8HAAAoaAuKAoYAaAxYCAAAAEJhcnJwb29scqAHAABoDlUFMS45LjFoD0sAaBCKAQFoEWgSKYFyoQcAAH1yogcAAChoFYloFmgXdWJoGGgZVQM0NzVyowcAAIVScqQHAABoHGgZVQQxNTkxcqUHAACFUnKmBwAAaB9oGVUDMTQ2cqcHAACFUnKoBwAAaCKKAkMCaCNoGVUDOTcwcqkHAACFUnKqBwAAdWJOSwGHcqsHAABoAmgDaASGXXKsBwAAKGgGaAdlaAiHUnKtBwAAfXKuBwAAKGgLigF+aAxYEwAAAFJJUCBOZXZpbGxlIE5ldmlsbGVyrwcAAGgOVQUxLjkuMWgPSwBoEIoBAWgRaBIpgXKwBwAAfXKxBwAAKGgViWgWaBd1YmgYaBlVAzUyMXKyBwAAhVJyswcAAGgcaBlVBDE1ODlytAcAAIVScrUHAABoH2gZVQMxNDNytgcAAIVScrcHAABoIooCdgJoI2gZVQM5MjVyuAcAAIVScrkHAAB1Yk5LAodyugcAAGgCaANoBIZdcrsHAAAoaAZoB2VoCIdScrwHAAB9cr0HAAAoaAuKAqMAaAxYBgAAAFl3dXJyeXK+BwAAaA5VBTEuOS4xaA9LAGgQigETaBFoEimBcr8HAAB9csAHAAAoaBWJaBZoF3ViaBhoGVUDNDUxcsEHAACFUnLCBwAAaBxoGVUEMTU4N3LDBwAAhVJyxAcAAGgfaBlVAzE2MnLFBwAAhVJyxgcAAGgiigL7AWgjaBlVAzk3NHLHBwAAhVJyyAcAAHViTkr+////h3LJBwAAaAJoA2gEhl1yygcAAChoBmgHZWgIh1JyywcAAH1yzAcAAChoC4oCHQFoDFgSAAAAU2hha2h0YXIgU2Vuc2VsZXNzcs0HAABoDlUFMS45LjFoD0sAaBCKAQpoEWgSKYFyzgcAAH1yzwcAAChoFYloFmgXdWJoGGgZVQM1MTdy0AcAAIVSctEHAABoHGgZVQQxNTg2ctIHAACFUnLTBwAAaB9oGVUDMTU1ctQHAACFUnLVBwAAaCKKAjcCaCNoGVUDOTE0ctYHAACFUnLXBwAAdWJOSwOHctgHAABoAmgDaASGXXLZBwAAKGgGaAdlaAiHUnLaBwAAfXLbBwAAKGgLigIHAWgMWBAAAABCYWNrIG9mIHRoZSBuZXQgctwHAABoDlUFMS45LjFoD0sAaBCKARNoEWgSKYFy3QcAAH1y3gcAAChoFYloFmgXdWJoGGgZVQM1NDRy3wcAAIVScuAHAABoHGgZVQQxNTg1cuEHAACFUnLiBwAAaB9oGVUDMTQ4cuMHAACFUnLkBwAAaCKKAm8CaCNoGVUDODkzcuUHAACFUnLmBwAAdWJOSvn///+HcucHAABoAmgDaASGXXLoBwAAKGgGaAdlaAiHUnLpBwAAfXLqBwAAKGgLigK7AGgMWBYAAABTYW50ZXJzIExpdHRsZSBIZWxwZXJzcusHAABoDlUFMS45LjFoD0sAaBCKAQFoEWgSKYFy7AcAAH1y7QcAAChoFYloFmgXdWJoGGgZVQM0MjRy7gcAAIVScu8HAABoHGgZVQQxNTg1cvAHAACFUnLxBwAAaB9oGVUDMTU2cvIHAACFUnLzBwAAaCKKAgwCaCNoGVUEMTAwNXL0BwAAhVJy9QcAAHViTkr5////h3L2BwAAaAJoA2gEhl1y9wcAAChoBmgHZWgIh1Jy+AcAAH1y+QcAAChoC4oCAwFoDFgTAAAAQ2x1ZWxlc3MgQ29sbGluZ3MgMnL6BwAAaA5VBTEuOS4xaA9LAGgQigETaBFoEimBcvsHAAB9cvwHAAAoaBWJaBZoF3ViaBhoGVUDNTY0cv0HAACFUnL+BwAAaBxoGVUEMTU4MnL/BwAAhVJyAAgAAGgfaBlVAzE1NXIBCAAAhVJyAggAAGgiigIpAmgjaBlVAzg2M3IDCAAAhVJyBAgAAHViTksDh3IFCAAAaAJoA2gEhl1yBggAAChoBmgHZWgIh1JyBwgAAH1yCAgAAChoC4oCOAFoDFgNAAAAUHVkZGluZyBQbGV3c3IJCAAAaA5VBTEuOS4xaA9LAGgQigEBaBFoEimBcgoIAAB9cgsIAAAoaBWJaBZoF3ViaBhoGVUDNTIxcgwIAACFUnINCAAAaBxoGVUEMTU3OXIOCAAAhVJyDwgAAGgfaBlVAzE1MXIQCAAAhVJyEQgAAGgiigK+AmgjaBlVAzkwN3ISCAAAhVJyEwgAAHViTkr7////h3IUCAAAaAJoA2gEhl1yFQgAAChoBmgHZWgIh1JyFggAAH1yFwgAAChoC4oCQQFoDFgNAAAAWiBTdGFyIFVuaXRlZHIYCAAAaA5VBTEuOS4xaA9LAGgQigEHaBFoEimBchkIAAB9choIAAAoaBWJaBZoF3ViaBhoGVUDMzMychsIAACFUnIcCAAAaBxoGVUEMTU3N3IdCAAAhVJyHggAAGgfaBlVAzE4MnIfCAAAhVJyIAgAAGgiigKaAmgjaBlVBDEwNjNyIQgAAIVSciIIAAB1Yk5K+////4dyIwgAAGgCaANoBIZdciQIAAAoaAZoB2VoCIdSciUIAAB9ciYIAAAoaAuKAQxoDFgXAAAASE1TIFN0aWxsIFRlcnJ5J3MgRmF1bHRyJwgAAGgOVQUxLjkuMWgPSwBoEIoBCmgRaBIpgXIoCAAAfXIpCAAAKGgViWgWaBd1YmgYaBlVAzU0M3IqCAAAhVJyKwgAAGgcaBlVBDE1NzNyLAgAAIVSci0IAABoH2gZVQMxNTVyLggAAIVSci8IAABoIooCrAJoI2gZVQM4NzVyMAgAAIVScjEIAAB1Yk5K/v///4dyMggAAGgCaANoBIZdcjMIAAAoaAZoB2VoCIdScjQIAAB9cjUIAAAoaAuKAV9oDFgOAAAATGl2ZXJwb29sIDE5OTByNggAAGgOVQUxLjkuMWgPSwBoEIoBAWgRaBIpgXI3CAAAfXI4CAAAKGgViWgWaBd1YmgYaBlVAzQ0MXI5CAAAhVJyOggAAGgcaBlVBDE1NzFyOwgAAIVScjwIAABoH2gZVQMxMzByPQgAAIVScj4IAABoIooC2QFoI2gZVQQxMDAwcj8IAACFUnJACAAAdWJOSv////+HckEIAABoAmgDaASGXXJCCAAAKGgGaAdlaAiHUnJDCAAAfXJECAAAKGgLigI0AWgMWA8AAABDaGluZXNlIE5vb2RsZXNyRQgAAGgOVQUxLjkuMWgPSwBoEIoBCmgRaBIpgXJGCAAAfXJHCAAAKGgViWgWaBd1YmgYaBlVAzQ2MnJICAAAhVJySQgAAGgcaBlVBDE1NzBySggAAIVScksIAABoH2gZVQMxNTFyTAgAAIVSck0IAABoIooCZQJoI2gZVQM5NTdyTggAAIVSck8IAAB1Yk5LAIdyUAgAAGgCaANoBIZdclEIAAAoaAZoB2VoCIdSclIIAAB9clMIAAAoaAuKAo0AaAxYDgAAAFBvcnRvIFN1bmxpZ2h0clQIAABoDlUFMS45LjFoD0sAaBCKAQ1oEWgSKYFyVQgAAH1yVggAAChoFYloFmgXdWJoGGgZVQM0ODVyVwgAAIVSclgIAABoHGgZVQQxNTY3clkIAACFUnJaCAAAaB9oGVUDMTM5clsIAACFUnJcCAAAaCKKAjMCaCNoGVUDOTQzcl0IAACFUnJeCAAAdWJOSwCHcl8IAABoAmgDaASGXXJgCAAAKGgGaAdlaAiHUnJhCAAAfXJiCAAAKGgLigITAWgMWBEAAABTaHJpbXBseSB0aGUgQmVzdHJjCAAAaA5VBTEuOS4xaA9LAGgQigEUaBFoEimBcmQIAAB9cmUIAAAoaBWJaBZoF3ViaBhoGVUDNTEycmYIAACFUnJnCAAAaBxoGVUEMTU2M3JoCAAAhVJyaQgAAGgfaBlVAzE1NnJqCAAAhVJyawgAAGgiigIcAmgjaBlVAzg5NXJsCAAAhVJybQgAAHViTkr/////h3JuCAAAaAJoA2gEhl1ybwgAAChoBmgHZWgIh1JycAgAAH1ycQgAAChoC4oBCGgMWAYAAABCYXRtYW5ycggAAGgOVQUxLjkuMWgPSwBoEIoBDWgRaBIpgXJzCAAAfXJ0CAAAKGgViWgWaBd1YmgYaBlVAzUwNHJ1CAAAhVJydggAAGgcaBlVBDE1NjFydwgAAIVScngIAABoH2gZVQMxNTVyeQgAAIVScnoIAABoIooCEgJoI2gZVQM5MDJyewgAAIVScnwIAAB1Yk5LBYdyfQgAAGgCaANoBIZdcn4IAAAoaAZoB2VoCIdScn8IAAB9coAIAAAoaAuKAo8AaAxYCAAAAHBpc3RvbDA4coEIAABoDlUFMS45LjFoD0sAaBCKAQpoEWgSKYFygggAAH1ygwgAAChoFYloFmgXdWJoGGgZVQM1NDZyhAgAAIVScoUIAABoHGgZVQQxNTYwcoYIAACFUnKHCAAAaB9oGVUDMTM0cogIAACFUnKJCAAAaCKKAjACaCNoGVUDODgwcooIAACFUnKLCAAAdWJOSv////+HcowIAABoAmgDaASGXXKNCAAAKGgGaAdlaAiHUnKOCAAAfXKPCAAAKGgLigEdaAxYEgAAAERhaXJ5TGVlIFRyaWFuZ2xlc3KQCAAAaA5VBTEuOS4xaA9LAGgQigEHaBFoEimBcpEIAAB9cpIIAAAoaBWJaBZoF3ViaBhoGVUDNDc3cpMIAACFUnKUCAAAaBxoGVUEMTU1OXKVCAAAhVJylggAAGgfaBlVAzExOXKXCAAAhVJymAgAAGgiigJeAmgjaBlVAzk2M3KZCAAAhVJymggAAHViTkr/////h3KbCAAAaAJoA2gEhl1ynAgAAChoBmgHZWgIh1JynQgAAH1ynggAAChoC4oCBAFoDFgUAAAASHVsbG90dCdzIEh1cnJpY2FuZXNynwgAAGgOVQUxLjkuMWgPSwBoEIoBE2gRaBIpgXKgCAAAfXKhCAAAKGgViWgWaBd1YmgYaBlVAzM0N3KiCAAAhVJyowgAAGgcaBlVBDE1NTZypAgAAIVScqUIAABoH2gZVQMxNTNypggAAIVScqcIAABoIooC+gFoI2gZVQQxMDU2cqgIAACFUnKpCAAAdWJOSwOHcqoIAABoAmgDaASGXXKrCAAAKGgGaAdlaAiHUnKsCAAAfXKtCAAAKGgLigF6aAxYCQAAACNUSElTVElNRXKuCAAAaA5VBTEuOS4xaA9LAGgQigESaBFoEimBcq8IAAB9crAIAAAoaBWJaBZoF3ViaBhoGVUDNjA0crEIAACFUnKyCAAAaBxoGVUEMTU1NXKzCAAAhVJytAgAAGgfaBlVAzEzNnK1CAAAhVJytggAAGgiigIGAmgjaBlVAzgxNXK3CAAAhVJyuAgAAHViTksAh3K5CAAAaAJoA2gEhl1yuggAAChoBmgHZWgIh1JyuwgAAH1yvAgAAChoC4oBPWgMWAcAAABNYWdwaWVzcr0IAABoDlUFMS45LjFoD0sAaBCKARJoEWgSKYFyvggAAH1yvwgAAChoFYloFmgXdWJoGGgZVQM0MzRywAgAAIVScsEIAABoHGgZVQQxNTU1csIIAACFUnLDCAAAaB9oGVUDMTA2csQIAACFUnLFCAAAaCKKAo0CaCNoGVUEMTAxNXLGCAAAhVJyxwgAAHViTkr+////h3LICAAAaAJoA2gEhl1yyQgAAChoBmgHZWgIh1JyyggAAH1yywgAAChoC4oBX2gMWA4AAABMaXZlcnBvb2wgMjAxNnLMCAAAaA5VBTEuOS4xaA9LAGgQigEBaBFoEimBcs0IAAB9cs4IAAAoaBWJaBZoF3ViaBhoGVUDNDE2cs8IAACFUnLQCAAAaBxoGVUEMTU1NHLRCAAAhVJy0ggAAGgfaBlVAzEzNHLTCAAAhVJy1AgAAGgiigLaAWgjaBlVBDEwMDRy1QgAAIVSctYIAAB1Yk5K/f///4dy1wgAAGgCaANoBIZdctgIAAAoaAZoB2VoCIdSctkIAAB9ctoIAAAoaAuKAiIBaAxYEAAAAE1lY2hlc3RlciBSb3ZlcnNy2wgAAGgOVQUxLjkuMWgPSwBoEIoBFWgRaBIpgXLcCAAAfXLdCAAAKGgViWgWaBd1YmgYaBlVAzQ2NXLeCAAAhVJy3wgAAGgcaBlVBDE1NTNy4AgAAIVScuEIAABoH2gZVQMxNTNy4ggAAIVScuMIAABoIooCPQJoI2gZVQM5MzVy5AgAAIVScuUIAAB1Yk5K/////4dy5ggAAGgCaANoBIZdcucIAAAoaAZoB2VoCIdScugIAAB9cukIAAAoaAuKAQtoDFgOAAAAQm9iIEJvYiBCb2JiaW5y6ggAAGgOVQUxLjkuMWgPSwBoEIoBAWgRaBIpgXLrCAAAfXLsCAAAKGgViWgWaBd1YmgYaBlVAzQwMXLtCAAAhVJy7ggAAGgcaBlVBDE1NDVy7wgAAIVScvAIAABoH2gZVQMxNTZy8QgAAIVScvIIAABoIooCRAJoI2gZVQM5ODhy8wgAAIVScvQIAAB1Yk5LAYdy9QgAAGgCaANoBIZdcvYIAAAoaAZoB2VoCIdScvcIAAB9cvgIAAAoaAuKAjkBaAxYCAAAAEkgTWNIdW50cvkIAABoDlUFMS45LjFoD0sAaBCKARNoEWgSKYFy+ggAAH1y+wgAAChoFYloFmgXdWJoGGgZVQMzNTdy/AgAAIVScv0IAABoHGgZVQQxNTQycv4IAACFUnL/CAAAaB9oGVUDMTM5cgAJAACFUnIBCQAAaCKKAnUCaCNoGVUEMTA0NnICCQAAhVJyAwkAAHViTksBh3IECQAAaAJoA2gEhl1yBQkAAChoBmgHZWgIh1JyBgkAAH1yBwkAAChoC4oCKgFoDFgTAAAATWlkLVRhYmxlIE9ic2N1cml0eXIICQAAaA5VBTEuOS4xaA9LAGgQigEBaBFoEimBcgkJAAB9cgoJAAAoaBWJaBZoF3ViaBhoGVUDNTI5cgsJAACFUnIMCQAAaBxoGVUEMTU0MXINCQAAhVJyDgkAAGgfaBlVAzE1NnIPCQAAhVJyEAkAAGgiigJLAmgjaBlVAzg1NnIRCQAAhVJyEgkAAHViTkr+////h3ITCQAAaAJoA2gEhl1yFAkAAChoBmgHZWgIh1JyFQkAAH1yFgkAAChoC4oBamgMWAwAAABGZWF2ZXIgSGFycnlyFwkAAGgOVQUxLjkuMWgPSwBoEIoBCmgRaBIpgXIYCQAAfXIZCQAAKGgViWgWaBd1YmgYaBlVAzM0NHIaCQAAhVJyGwkAAGgcaBlVBDE1MzZyHAkAAIVSch0JAABoH2gZVQMxODJyHgkAAIVSch8JAABoIooCkQJoI2gZVQQxMDEwciAJAACFUnIhCQAAdWJOSwCHciIJAABoAmgDaASGXXIjCQAAKGgGaAdlaAiHUnIkCQAAfXIlCQAAKGgLigL/AGgMWAYAAAB0ZWFtIDFyJgkAAGgOVQUxLjkuMWgPSwBoEIoBEmgRaBIpgXInCQAAfXIoCQAAKGgViWgWaBd1YmgYaBlVAzM5M3IpCQAAhVJyKgkAAGgcaBlVBDE1MzJyKwkAAIVSciwJAABoH2gZVQMxNjlyLQkAAIVSci4JAABoIooC8QFoI2gZVQM5NzByLwkAAIVScjAJAAB1Yk5LAIdyMQkAAGgCaANoBIZdcjIJAAAoaAZoB2VoCIdScjMJAAB9cjQJAAAoaAuKAisBaAxYEwAAAFdobyBBdGUgQWxsIERlcGF5J3NyNQkAAGgOVQUxLjkuMWgPSwBoEIoBE2gRaBIpgXI2CQAAfXI3CQAAKGgViWgWaBd1YmgYaBlVAzUzNnI4CQAAhVJyOQkAAGgcaBlVBDE1MjdyOgkAAIVScjsJAABoH2gZVQMxNDNyPAkAAIVScj0JAABoIooCTAJoI2gZVQM4NDhyPgkAAIVScj8JAAB1Yk5LBIdyQAkAAGgCaANoBIZdckEJAAAoaAZoB2VoCIdSckIJAAB9ckMJAAAoaAuKASloDFgZAAAAQm9ydXNzaWEgTcO2bmNoZW5nbGFkTWF0dHJECQAAaA5VBTEuOS4xaA9LAGgQigEKaBFoEimBckUJAAB9ckYJAAAoaBWJaBZoF3ViaBhoGVUDNTMzckcJAACFUnJICQAAaBxoGVUEMTUyMnJJCQAAhVJySgkAAGgfaBlVAzEzNHJLCQAAhVJyTAkAAGgiigIKAmgjaBlVAzg1NXJNCQAAhVJyTgkAAHViTkr/////h3JPCQAAaAJoA2gEhl1yUAkAAChoBmgHZWgIh1JyUQkAAH1yUgkAAChoC4oBZmgMWAsAAABEZXNlcnQgUmF0c3JTCQAAaA5VBTEuOS4xaA9LAGgQigEBaBFoEimBclQJAAB9clUJAAAoaBWJaBZoF3ViaBhoGVUDNDgyclYJAACFUnJXCQAAaBxoGVUEMTUyMXJYCQAAhVJyWQkAAGgfaBlVAzE1M3JaCQAAhVJyWwkAAGgiigJTAmgjaBlVAzg4NnJcCQAAhVJyXQkAAHViTksBh3JeCQAAaAJoA2gEhl1yXwkAAChoBmgHZWgIh1JyYAkAAH1yYQkAAChoC4oBUGgMWAoAAABHZWVUZWVzIDAzcmIJAABoDlUFMS45LjFoD0sAaBCKARJoEWgSKYFyYwkAAH1yZAkAAChoFYloFmgXdWJoGGgZVQM0NzVyZQkAAIVScmYJAABoHGgZVQQxNTIxcmcJAACFUnJoCQAAaB9oGVUDMTUxcmkJAACFUnJqCQAAaCKKAoMCaCNoGVUDODk1cmsJAACFUnJsCQAAdWJOSv////+Hcm0JAABoAmgDaASGXXJuCQAAKGgGaAdlaAiHUnJvCQAAfXJwCQAAKGgLigEMaAxYEQAAAFByb3NzZXIncyBEb3NzZXJzcnEJAABoDlUFMS45LjFoD0sAaBCKAQFoEWgSKYFycgkAAH1ycwkAAChoFYloFmgXdWJoGGgZVQM1MDBydAkAAIVScnUJAABoHGgZVQQxNTIxcnYJAACFUnJ3CQAAaB9oGVUDMTU0cngJAACFUnJ5CQAAaCKKAq8CaCNoGVUDODY3cnoJAACFUnJ7CQAAdWJOSv////+HcnwJAABoAmgDaASGXXJ9CQAAKGgGaAdlaAiHUnJ+CQAAfXJ/CQAAKGgLigFPaAxYEwAAAEtpbXMgTGV0cyBHZXQgR29pbmdygAkAAGgOVQUxLjkuMWgPSwBoEIoBEmgRaBIpgXKBCQAAfXKCCQAAKGgViWgWaBd1YmgYaBlVAzQ2MHKDCQAAhVJyhAkAAGgcaBlVBDE1MTVyhQkAAIVScoYJAABoH2gZVQMxNDNyhwkAAIVScogJAABoIooCfwJoI2gZVQM5MTJyiQkAAIVScooJAAB1Yk5LBodyiwkAAGgCaANoBIZdcowJAAAoaAZoB2VoCIdSco0JAAB9co4JAAAoaAuKAjQBaAxYCQAAAE1paHJqdXRrYXKPCQAAaA5VBTEuOS4xaA9LAGgQigEBaBFoEimBcpAJAAB9cpEJAAAoaBWJaBZoF3ViaBhoGVUDNDc2cpIJAACFUnKTCQAAaBxoGVUEMTUxMnKUCQAAhVJylQkAAGgfaBlVAzE1MXKWCQAAhVJylwkAAGgiigKmAmgjaBlVAzg4NXKYCQAAhVJymQkAAHViTkr/////h3KaCQAAaAJoA2gEhl1ymwkAAChoBmgHZWgIh1JynAkAAH1ynQkAAChoC4oC/wBoDFgGAAAAdGVhbSAzcp4JAABoDlUFMS45LjFoD0sAaBCKARJoEWgSKYFynwkAAH1yoAkAAChoFYloFmgXdWJoGGgZVQM0ODhyoQkAAIVScqIJAABoHGgZVQQxNTEycqMJAACFUnKkCQAAaB9oGVUDMTQzcqUJAACFUnKmCQAAaCKKAvMBaCNoGVUDODgxcqcJAACFUnKoCQAAdWJOSwKHcqkJAABoAmgDaASGXXKqCQAAKGgGaAdlaAiHUnKrCQAAfXKsCQAAKGgLigIXAWgMWAYAAABFbWlseSByrQkAAGgOVQUxLjkuMWgPSwBoEIoBE2gRaBIpgXKuCQAAfXKvCQAAKGgViWgWaBd1YmgYaBlVAzYyOXKwCQAAhVJysQkAAGgcaBlVBDE1MDhysgkAAIVScrMJAABoH2gZVQMxMThytAkAAIVScrUJAABoIooCbQJoI2gZVQM3NjFytgkAAIVScrcJAAB1Yk5K/v///4dyuAkAAGgCaANoBIZdcrkJAAAoaAZoB2VoCIdScroJAAB9crsJAAAoaAuKAiABaAxYCwAAAEJhcnN0YWxrZXJzcrwJAABoDlUFMS45LjFoD0sAaBCKARNoEWgSKYFyvQkAAH1yvgkAAChoFYloFmgXdWJoGGgZVQM0MzVyvwkAAIVScsAJAABoHGgZVQQxNTA1csEJAACFUnLCCQAAaB9oGVUDMTQzcsMJAACFUnLECQAAaCKKAjgCaCNoGVUDOTI3csUJAACFUnLGCQAAdWJOSwOHcscJAABoAmgDaASGXXLICQAAKGgGaAdlaAiHUnLJCQAAfXLKCQAAKGgLigL8AGgMWBAAAABDcm9zc2xhbmQgZmx5ZXJzcssJAABoDlUFMS45LjFoD0sAaBCKAQpoEWgSKYFyzAkAAH1yzQkAAChoFYloFmgXdWJoGGgZVQM0OTRyzgkAAIVScs8JAABoHGgZVQQxNTA0ctAJAACFUnLRCQAAaB9oGVUDMTU2ctIJAACFUnLTCQAAaCKKAusBaCNoGVUDODU0ctQJAACFUnLVCQAAdWJOSv3///+HctYJAABoAmgDaASGXXLXCQAAKGgGaAdlaAiHUnLYCQAAfXLZCQAAKGgLigLlAGgMWAsAAABSZWQgRWFnbGUgMXLaCQAAaA5VBTEuOS4xaA9LAmgQigESaBFoEimBctsJAAB9ctwJAAAoaBWJaBZoF3ViaBhoGVUDNDQ2ct0JAACFUnLeCQAAaBxoGVUEMTUwMHLfCQAAhVJy4AkAAGgfaBlVAzEzNHLhCQAAhVJy4gkAAGgiigLiAWgjaBlVAzkyMHLjCQAAhVJy5AkAAHViTkr9////h3LlCQAAaAJoA2gEhl1y5gkAAChoBmgHZWgIh1Jy5wkAAH1y6AkAAChoC4oCFwFoDFgCAAAARW1y6QkAAGgOVQUxLjkuMWgPSwBoEIoBE2gRaBIpgXLqCQAAfXLrCQAAKGgViWgWaBd1YmgYaBlVAzQzMHLsCQAAhVJy7QkAAGgcaBlVBDE0OTVy7gkAAIVScu8JAABoH2gZVQMxNTZy8AkAAIVScvEJAABoIooCJQJoI2gZVQM5MDly8gkAAIVScvMJAAB1Yk5K/v///4dy9AkAAGgCaANoBIZdcvUJAAAoaAZoB2VoCIdScvYJAAB9cvcJAAAoaAuKAikBaAxYEgAAAGthcmVuIG5vc2Ugbm90aGluJ3L4CQAAaA5VBTEuOS4xaA9LAGgQigEBaBFoEimBcvkJAAB9cvoJAAAoaBWJaBZoF3ViaBhoGVUDNDA3cvsJAACFUnL8CQAAaBxoGVUEMTQ5NXL9CQAAhVJy/gkAAGgfaBlVAzE1NHL/CQAAhVJyAAoAAGgiigJIAmgjaBlVAzkzNHIBCgAAhVJyAgoAAHViTksCh3IDCgAAaAJoA2gEhl1yBAoAAChoBmgHZWgIh1JyBQoAAH1yBgoAAChoC4oCGgFoDFgVAAAAYWxseSBwYWxseSBhbGwgc3RhcnMgcgcKAABoDlUFMS45LjFoD0sAaBCKAQFoEWgSKYFyCAoAAH1yCQoAAChoFYloFmgXdWJoGGgZVQM0MzRyCgoAAIVScgsKAABoHGgZVQQxNDkzcgwKAACFUnINCgAAaB9oGVUDMTIwcg4KAACFUnIPCgAAaCKKAi0CaCNoGVUDOTM5chAKAACFUnIRCgAAdWJOSv7///+HchIKAABoAmgDaASGXXITCgAAKGgGaAdlaAiHUnIUCgAAfXIVCgAAKGgLigIfAWgMWAcAAABMb3VHIEZDchYKAABoDlUFMS45LjFoD0sAaBCKARJoEWgSKYFyFwoAAH1yGAoAAChoFYloFmgXdWJoGGgZVQM0MjJyGQoAAIVSchoKAABoHGgZVQQxNDkwchsKAACFUnIcCgAAaB9oGVUDMTUxch0KAACFUnIeCgAAaCKKAmgCaCNoGVUDOTE3ch8KAACFUnIgCgAAdWJOSwCHciEKAABoAmgDaASGXXIiCgAAKGgGaAdlaAiHUnIjCgAAfXIkCgAAKGgLigIjAWgMWA4AAABTaG9sZGVuIFNhaW50c3IlCgAAaA5VBTEuOS4xaA9LAGgQigEBaBFoEimBciYKAAB9cicKAAAoaBWJaBZoF3ViaBhoGVUDNDY1cigKAACFUnIpCgAAaBxoGVUEMTQ5MHIqCgAAhVJyKwoAAGgfaBlVAzEzMHIsCgAAhVJyLQoAAGgiigI+AmgjaBlVAzg5NXIuCgAAhVJyLwoAAHViTksBh3IwCgAAaAJoA2gEhl1yMQoAAChoBmgHZWgIh1JyMgoAAH1yMwoAAChoC4oBTmgMWCwAAABXYXN0ZSBvZiBhIGZvb3RiYWxsIG1hbmFnZXIgbm9zdGFsZ2lhIGZpdmVyIHI0CgAAaA5VBTEuOS4xaA9LAmgQigESaBFoEimBcjUKAAB9cjYKAAAoaBWJaBZoF3ViaBhoGVUDNDc5cjcKAACFUnI4CgAAaBxoGVUEMTQ4OHI5CgAAhVJyOgoAAGgfaBlVAzE0M3I7CgAAhVJyPAoAAGgiigKXAmgjaBlVAzg2NnI9CgAAhVJyPgoAAHViTksCh3I/CgAAaAJoA2gEhl1yQAoAAChoBmgHZWgIh1JyQQoAAH1yQgoAAChoC4oCkgBoDFgMAAAAVW5pb24gVW5pdGVkckMKAABoDlUFMS45LjFoD0sAaBCKAQ1oEWgSKYFyRAoAAH1yRQoAAChoFYloFmgXdWJoGGgZVQM0MzFyRgoAAIVSckcKAABoHGgZVQQxNDg1ckgKAACFUnJJCgAAaB9oGVUDMTQzckoKAACFUnJLCgAAaCKKAtcBaCNoGVUDOTExckwKAACFUnJNCgAAdWJOSwaHck4KAABoAmgDaASGXXJPCgAAKGgGaAdlaAiHUnJQCgAAfXJRCgAAKGgLigI2AWgMWA0AAABjb21pbmcgc2Vjb25kclIKAABoDlUFMS45LjFoD0sAaBCKAQ1oEWgSKYFyUwoAAH1yVAoAAChoFYloFmgXdWJoGGgZVQM0NjhyVQoAAIVSclYKAABoHGgZVQQxNDgzclcKAACFUnJYCgAAaB9oGVUDMTM0clkKAACFUnJaCgAAaCKKAqoCaCNoGVUDODgxclsKAACFUnJcCgAAdWJOSv7///+Hcl0KAABoAmgDaASGXXJeCgAAKGgGaAdlaAiHUnJfCgAAfXJgCgAAKGgLigFFaAxYEAAAAHN0cmFpZ2h0UkVEIC0gMTJyYQoAAGgOVQUxLjkuMWgPSwJoEIoBEmgRaBIpgXJiCgAAfXJjCgAAKGgViWgWaBd1YmgYaBlVAzUxM3JkCgAAhVJyZQoAAGgcaBlVBDE0ODJyZgoAAIVScmcKAABoH2gZVQMxNTFyaAoAAIVScmkKAABoIooCdwJoI2gZVQM4MThyagoAAIVScmsKAAB1Yk5K/v///4dybAoAAGgCaANoBIZdcm0KAAAoaAZoB2VoCIdScm4KAAB9cm8KAAAoaAuKApYAaAxYDgAAAFBhdGNoZXMgVW5pdGVkcnAKAABoDlUFMS45LjFoD0sAaBCKAQ1oEWgSKYFycQoAAH1ycgoAAChoFYloFmgXdWJoGGgZVQM0MjJycwoAAIVScnQKAABoHGgZVQQxNDgwcnUKAACFUnJ2CgAAaB9oGVUDMTM0cncKAACFUnJ4CgAAaCKKAv8BaCNoGVUDOTI0cnkKAACFUnJ6CgAAdWJOSv////+HcnsKAABoAmgDaASGXXJ8CgAAKGgGaAdlaAiHUnJ9CgAAfXJ+CgAAKGgLigFwaAxYAwAAAFZSSHJ/CgAAaA5VBTEuOS4xaA9LAGgQigENaBFoEimBcoAKAAB9coEKAAAoaBWJaBZoF3ViaBhoGVUDNDQ1coIKAACFUnKDCgAAaBxoGVUEMTQ3MHKECgAAhVJyhQoAAGgfaBlVAzEzNHKGCgAAhVJyhwoAAGgiigIBAmgjaBlVAzg5MXKICgAAhVJyiQoAAHViTkr/////h3KKCgAAaAJoA2gEhl1yiwoAAChoBmgHZWgIh1JyjAoAAH1yjQoAAChoC4oBJWgMWBcAAABTaXIgdmVyZSBsb28gemVycyBhZ2FpbnKOCgAAaA5VBTEuOS4xaA9LAGgQigEKaBFoEimBco8KAAB9cpAKAAAoaBWJaBZoF3ViaBhoGVUDNDUwcpEKAACFUnKSCgAAaBxoGVUEMTQ2OXKTCgAAhVJylAoAAGgfaBlVAzE1MXKVCgAAhVJylgoAAGgiigJrAmgjaBlVAzg2OHKXCgAAhVJymAoAAHViTkr/////h3KZCgAAaAJoA2gEhl1ymgoAAChoBmgHZWgIh1JymwoAAH1ynAoAAChoC4oCHgFoDFgTAAAASG93IEkgbWV0IHlvdXIgTWF0YXKdCgAAaA5VBTEuOS4xaA9LAGgQigENaBFoEimBcp4KAAB9cp8KAAAoaBWJaBZoF3ViaBhoGVUDMzEycqAKAACFUnKhCgAAaBxoGVUEMTQ2OHKiCgAAhVJyowoAAGgfaBlVAzE2M3KkCgAAhVJypQoAAGgiigI2AmgjaBlVAzk5M3KmCgAAhVJypwoAAHViTkr/////h3KoCgAAaAJoA2gEhl1yqQoAAChoBmgHZWgIh1JyqgoAAH1yqwoAAChoC4oCvQBoDFgSAAAAUGV0ciBDZWNoIFlvdXJzZWxmcqwKAABoDlUFMS45LjFoD0sAaBCKARJoEWgSKYFyrQoAAH1yrgoAAChoFYloFmgXdWJoGGgZVQM0NjJyrwoAAIVScrAKAABoHGgZVQQxNDU3crEKAACFUnKyCgAAaB9oGVUDMTMwcrMKAACFUnK0CgAAaCKKAu0BaCNoGVUDODY1crUKAACFUnK2CgAAdWJOSwSHcrcKAABoAmgDaASGXXK4CgAAKGgGaAdlaAiHUnK5CgAAfXK6CgAAKGgLigIzAWgMWA0AAABHaXZlIGl0IGEgZ28hcrsKAABoDlUFMS45LjFoD0sAaBCKARRoEWgSKYFyvAoAAH1yvQoAAChoFYloFmgXdWJoGGgZVQM0NDByvgoAAIVScr8KAABoHGgZVQQxNDU1csAKAACFUnLBCgAAaB9oGVUDMTMwcsIKAACFUnLDCgAAaCKKAmYCaCNoGVUDODg1csQKAACFUnLFCgAAdWJOSv////+HcsYKAABoAmgDaASGXXLHCgAAKGgGaAdlaAiHUnLICgAAfXLJCgAAKGgLigK0AGgMWBAAAABUaGUgQ2hvc2VuIFN3YW5ucsoKAABoDlUFMS45LjFoD0sAaBCKAQ1oEWgSKYFyywoAAH1yzAoAAChoFYloFmgXdWJoGGgZVQMzNTFyzQoAAIVScs4KAABoHGgZVQQxNDU1cs8KAACFUnLQCgAAaB9oGVUDMTUwctEKAACFUnLSCgAAaCKKAiICaCNoGVUDOTU0ctMKAACFUnLUCgAAdWJOSwGHctUKAABoAmgDaASGXXLWCgAAKGgGaAdlaAiHUnLXCgAAfXLYCgAAKGgLigL+AGgMWBYAAABNdXJkZXIgb24gemlkYW5lIGZsb29yctkKAABoDlUFMS45LjFoD0sAaBCKARJoEWgSKYFy2goAAH1y2woAAChoFYloFmgXdWJoGGgZVQM0MDNy3AoAAIVSct0KAABoHGgZVQQxNDU0ct4KAACFUnLfCgAAaB9oGVUDMTQ4cuAKAACFUnLhCgAAaCKKAvQBaCNoGVUDOTAzcuIKAACFUnLjCgAAdWJOSv3///+HcuQKAABoAmgDaASGXXLlCgAAKGgGaAdlaAiHUnLmCgAAfXLnCgAAKGgLigK1AGgMWAwAAABIb2xseXdvb2QgWEly6AoAAGgOVQUxLjkuMWgPSwBoEIoBB2gRaBIpgXLpCgAAfXLqCgAAKGgViWgWaBd1YmgYaBlVAzM0NXLrCgAAhVJy7AoAAGgcaBlVBDE0NTNy7QoAAIVScu4KAABoH2gZVQMxNTZy7woAAIVScvAKAABoIooC7gFoI2gZVQM5NTJy8QoAAIVScvIKAAB1Yk5LA4dy8woAAGgCaANoBIZdcvQKAAAoaAZoB2VoCIdScvUKAAB9cvYKAAAoaAuKAT1oDFgNAAAATm90dGluZ2xleSBSZHL3CgAAaA5VBTEuOS4xaA9LAGgQigEKaBFoEimBcvgKAAB9cvkKAAAoaBWJaBZoF3ViaBhoGVUDNDk1cvoKAACFUnL7CgAAaBxoGVUEMTQ0OXL8CgAAhVJy/QoAAGgfaBlVAzEzNXL+CgAAhVJy/woAAGgiigKMAmgjaBlVAzgxOXIACwAAhVJyAQsAAHViTkr+////h3ICCwAAaAJoA2gEhl1yAwsAAChoBmgHZWgIh1JyBAsAAH1yBQsAAChoC4oBZmgMWA0AAABUaGUgSmF2ZWxpbmFzcgYLAABoDlUFMS45LjFoD0sAaBCKAQFoEWgSKYFyBwsAAH1yCAsAAChoFYloFmgXdWJoGGgZVQM0MDRyCQsAAIVScgoLAABoHGgZVQQxNDQ5cgsLAACFUnIMCwAAaB9oGVUDMTU1cg0LAACFUnIOCwAAaCKKAlQCaCNoGVUDODkwcg8LAACFUnIQCwAAdWJOSwSHchELAABoAmgDaASGXXISCwAAKGgGaAdlaAiHUnITCwAAfXIUCwAAKGgLigFfaAxYEAAAAFRoZSBCZWF0bGVzIDE5NjlyFQsAAGgOVQUxLjkuMWgPSwBoEIoBAWgRaBIpgXIWCwAAfXIXCwAAKGgViWgWaBd1YmgYaBlVAzQzMnIYCwAAhVJyGQsAAGgcaBlVBDE0NDdyGgsAAIVSchsLAABoH2gZVQMxMzByHAsAAIVSch0LAABoIooC2wFoI2gZVQM4ODVyHgsAAIVSch8LAAB1Yk5LAIdyIAsAAGgCaANoBIZdciELAAAoaAZoB2VoCIdSciILAAB9ciMLAAAoaAuKAhIBaAxYFQAAAFF1YXNpIFVucHJvbm91bmNlYWJsZXIkCwAAaA5VBTEuOS4xaA9LAGgQigEVaBFoEimBciULAAB9ciYLAAAoaBWJaBZoF3ViaBhoGVUDNDI2cicLAACFUnIoCwAAaBxoGVUEMTQ0NnIpCwAAhVJyKgsAAGgfaBlVAzE0M3IrCwAAhVJyLAsAAGgiigIbAmgjaBlVAzg3N3ItCwAAhVJyLgsAAHViTksFh3IvCwAAaAJoA2gEhl1yMAsAAChoBmgHZWgIh1JyMQsAAH1yMgsAAChoC4oBcGgMWAMAAABBR0hyMwsAAGgOVQUxLjkuMWgPSwBoEIoBE2gRaBIpgXI0CwAAfXI1CwAAKGgViWgWaBd1YmgYaBlVAzQyNXI2CwAAhVJyNwsAAGgcaBlVBDE0NDRyOAsAAIVScjkLAABoH2gZVQMxNTZyOgsAAIVScjsLAABoIooCAgJoI2gZVQM4NjNyPAsAAIVScj0LAAB1Yk5LAodyPgsAAGgCaANoBIZdcj8LAAAoaAZoB2VoCIdSckALAAB9ckELAAAoaAuKAWdoDFgJAAAARkMgVHVjc29uckILAABoDlUFMS45LjFoD0sAaBCKAQFoEWgSKYFyQwsAAH1yRAsAAChoFYloFmgXdWJoGGgZVQM0NjVyRQsAAIVSckYLAABoHGgZVQQxNDQ0ckcLAACFUnJICwAAaB9oGVUDMTM0ckkLAACFUnJKCwAAaCKKAlUCaCNoGVUDODQ1cksLAACFUnJMCwAAdWJOSwCHck0LAABoAmgDaASGXXJOCwAAKGgGaAdlaAiHUnJPCwAAfXJQCwAAKGgLigIYAWgMWAgAAABOdW1iZXIxMHJRCwAAaA5VBTEuOS4xaA9LAGgQigETaBFoEimBclILAAB9clMLAAAoaBWJaBZoF3ViaBhoGVUDNTI5clQLAACFUnJVCwAAaBxoGVUEMTQ0NHJWCwAAhVJyVwsAAGgfaBlVAzE0M3JYCwAAhVJyWQsAAGgiigInAmgjaBlVAzc3MnJaCwAAhVJyWwsAAHViTksIh3JcCwAAaAJoA2gEhl1yXQsAAChoBmgHZWgIh1JyXgsAAH1yXwsAAChoC4oCzABoDFgLAAAAcml2ZXIgc3RhcnNyYAsAAGgOVQUxLjkuMWgPSwBoEIoBCmgRaBIpgXJhCwAAfXJiCwAAKGgViWgWaBd1YmgYaBlVAzQxMXJjCwAAhVJyZAsAAGgcaBlVBDE0NDRyZQsAAIVScmYLAABoH2gZVQMxNTFyZwsAAIVScmgLAABoIooC1AFoI2gZVQM4ODJyaQsAAIVScmoLAAB1Yk5K/P///4dyawsAAGgCaANoBIZdcmwLAAAoaAZoB2VoCIdScm0LAAB9cm4LAAAoaAuKAhoBaAxYDwAAAEFidSBEaGFiaSA0OWVyc3JvCwAAaA5VBTEuOS4xaA9LAGgQigETaBFoEimBcnALAAB9cnELAAAoaBWJaBZoF3ViaBhoGVUDMzc4cnILAACFUnJzCwAAaBxoGVUEMTQ0M3J0CwAAhVJydQsAAGgfaBlVAzEzMnJ2CwAAhVJydwsAAGgiigIrAmgjaBlVAzkzM3J4CwAAhVJyeQsAAHViTkr5////h3J6CwAAaAJoA2gEhl1yewsAAChoBmgHZWgIh1JyfAsAAH1yfQsAAChoC4oBT2gMWA8AAABLaW1zIEdvYWwgU3RhcnNyfgsAAGgOVQUxLjkuMWgPSwBoEIoBEmgRaBIpgXJ/CwAAfXKACwAAKGgViWgWaBd1YmgYaBlVAzQ4NXKBCwAAhVJyggsAAGgcaBlVBDE0MzlygwsAAIVScoQLAABoH2gZVQMxNDNyhQsAAIVScoYLAABoIooCfgJoI2gZVQM4MTFyhwsAAIVScogLAAB1Yk5LBodyiQsAAGgCaANoBIZdcooLAAAoaAZoB2VoCIdScosLAAB9cowLAAAoaAuKAggBaAxYBQAAAFBhdCAzco0LAABoDlUFMS45LjFoD0sAaBCKAQFoEWgSKYFyjgsAAH1yjwsAAChoFYloFmgXdWJoGGgZVQM0MzJykAsAAIVScpELAABoHGgZVQQxNDM4cpILAACFUnKTCwAAaB9oGVUDMTUxcpQLAACFUnKVCwAAaCKKAgUCaCNoGVUDODU1cpYLAACFUnKXCwAAdWJOSv3///+HcpgLAABoAmgDaASGXXKZCwAAKGgGaAdlaAiHUnKaCwAAfXKbCwAAKGgLigLRAGgMWAQAAABKQUMzcpwLAABoDlUFMS45LjFoD0sAaBCKAQpoEWgSKYFynQsAAH1yngsAAChoFYloFmgXdWJoGGgZVQMzNDlynwsAAIVScqALAABoHGgZVQQxNDM0cqELAACFUnKiCwAAaB9oGVUDMTU0cqMLAACFUnKkCwAAaCKKAnICaCNoGVUDOTMxcqULAACFUnKmCwAAdWJOSv3///+HcqcLAABoAmgDaASGXXKoCwAAKGgGaAdlaAiHUnKpCwAAfXKqCwAAKGgLigIQAWgMWAsAAABQYWRkeXMgdGVhbXKrCwAAaA5VBTEuOS4xaA9LAGgQigENaBFoEimBcqwLAAB9cq0LAAAoaBWJaBZoF3ViaBhoGVUDNDMxcq4LAACFUnKvCwAAaBxoGVUEMTQzNHKwCwAAhVJysQsAAGgfaBlVAzE1NnKyCwAAhVJyswsAAGgiigIXAmgjaBlVAzg0N3K0CwAAhVJytQsAAHViTkr9////h3K2CwAAaAJoA2gEhl1ytwsAAChoBmgHZWgIh1JyuAsAAH1yuQsAAChoC4oCjwBoDFgLAAAAcGlzdG9scyBsJ3NyugsAAGgOVQUxLjkuMWgPSwBoEIoBCmgRaBIpgXK7CwAAfXK8CwAAKGgViWgWaBd1YmgYaBlVAzM3MHK9CwAAhVJyvgsAAGgcaBlVBDE0MzNyvwsAAIVScsALAABoH2gZVQMxMzRywQsAAIVScsILAABoIooCMQJoI2gZVQM5MjlywwsAAIVScsQLAAB1Yk5K/v///4dyxQsAAGgCaANoBIZdcsYLAAAoaAZoB2VoCIdScscLAAB9csgLAAAoaAuKAjYBaAxYDwAAAEdyYWJiaXQgYW5kIFJ1bnLJCwAAaA5VBTEuOS4xaA9LAGgQigENaBFoEimBcsoLAAB9cssLAAAoaBWJaBZoF3ViaBhoGVUDMzgxcswLAACFUnLNCwAAaBxoGVUEMTQzMnLOCwAAhVJyzwsAAGgfaBlVAzE1NnLQCwAAhVJy0QsAAGgiigKpAmgjaBlVAzg5NXLSCwAAhVJy0wsAAHViTksAh3LUCwAAaAJoA2gEhl1y1QsAAChoBmgHZWgIh1Jy1gsAAH1y1wsAAChoC4oCCwFoDFgKAAAAU2VlQWJpbGl0eXLYCwAAaA5VBTEuOS4xaA9LAGgQigEVaBFoEimBctkLAAB9ctoLAAAoaBWJaBZoF3ViaBhoGVUDMzM3ctsLAACFUnLcCwAAaBxoGVUEMTQzMXLdCwAAhVJy3gsAAGgfaBlVAzE1MnLfCwAAhVJy4AsAAGgiigK6AmgjaBlVAzk0MnLhCwAAhVJy4gsAAHViTkr+////h3LjCwAAaAJoA2gEhl1y5AsAAChoBmgHZWgIh1Jy5QsAAH1y5gsAAChoC4oCJwFoDFgSAAAATm9yZm9sayBhbmQgQ2hhbmNlcucLAABoDlUFMS45LjFoD0sAaBCKAQ1oEWgSKYFy6AsAAH1y6QsAAChoFYloFmgXdWJoGGgZVQM0NTNy6gsAAIVScusLAABoHGgZVQQxNDMwcuwLAACFUnLtCwAAaB9oGVUDMTU2cu4LAACFUnLvCwAAaCKKAkYCaCNoGVUDODIxcvALAACFUnLxCwAAdWJOSwCHcvILAABoAmgDaASGXXLzCwAAKGgGaAdlaAiHUnL0CwAAfXL1CwAAKGgLigI7AWgMWBMAAABHcmltYWNlIG9mIEZlbGxhaW5pcvYLAABoDlUFMS45LjFoD0sAaBCKARVoEWgSKYFy9wsAAH1y+AsAAChoFYloFmgXdWJoGGgZVQM1Mzly+QsAAIVScvoLAABoHGgZVQQxNDIycvsLAACFUnL8CwAAaB9oGVUDMTA5cv0LAACFUnL+CwAAaCKKAoYCaCNoGVUDNzc0cv8LAACFUnIADAAAdWJOSwCHcgEMAABoAmgDaASGXXICDAAAKGgGaAdlaAiHUnIDDAAAfXIEDAAAKGgLigE3aAxYFAAAAER1YyBkZSBSaWNobGlldSdzIFhJcgUMAABoDlUFMS45LjFoD0sAaBCKAQFoEWgSKYFyBgwAAH1yBwwAAChoFYloFmgXdWJoGGgZVQMzODNyCAwAAIVScgkMAABoHGgZVQQxNDE2cgoMAACFUnILDAAAaB9oGVUDMTQwcgwMAACFUnINDAAAaCKKAlgCaCNoGVUDODkzcg4MAACFUnIPDAAAdWJOSwCHchAMAABoAmgDaASGXXIRDAAAKGgGaAdlaAiHUnISDAAAfXITDAAAKGgLigFOaAxYDwAAAFRoZSBoYXJkIHRyaWVyc3IUDAAAaA5VBTEuOS4xaA9LAmgQigESaBFoEimBchUMAAB9chYMAAAoaBWJaBZoF3ViaBhoGVUDMzExchcMAACFUnIYDAAAaBxoGVUEMTQxNXIZDAAAhVJyGgwAAGgfaBlVAzE4MnIbDAAAhVJyHAwAAGgiigKbAmgjaBlVAzkyMnIdDAAAhVJyHgwAAHViTksBh3IfDAAAaAJoA2gEhl1yIAwAAChoBmgHZWgIh1JyIQwAAH1yIgwAAChoC4oCBwFoDFgJAAAAV2hhdCBldmVyciMMAABoDlUFMS45LjFoD0sAaBCKARNoEWgSKYFyJAwAAH1yJQwAAChoFYloFmgXdWJoGGgZVQMzNDJyJgwAAIVScicMAABoHGgZVQQxNDE1cigMAACFUnIpDAAAaB9oGVUDMTUxcioMAACFUnIrDAAAaCKKAnECaCNoGVUDOTIyciwMAACFUnItDAAAdWJOSwKHci4MAABoAmgDaASGXXIvDAAAKGgGaAdlaAiHUnIwDAAAfXIxDAAAKGgLigLrAGgMWA8AAABIYXZhbnRhY2x1ZSBVdGRyMgwAAGgOVQUxLjkuMWgPSwBoEIoBAWgRaBIpgXIzDAAAfXI0DAAAKGgViWgWaBd1YmgYaBlVAzQxMHI1DAAAhVJyNgwAAGgcaBlVBDE0MTRyNwwAAIVScjgMAABoH2gZVQMxMzByOQwAAIVScjoMAABoIooC8AFoI2gZVQM4NzRyOwwAAIVScjwMAAB1Yk5K/v///4dyPQwAAGgCaANoBIZdcj4MAAAoaAZoB2VoCIdScj8MAAB9ckAMAAAoaAuKAggBaAxYBgAAAFBhdHMgMnJBDAAAaA5VBTEuOS4xaA9LAGgQigENaBFoEimBckIMAAB9ckMMAAAoaBWJaBZoF3ViaBhoGVUDNDM2ckQMAACFUnJFDAAAaBxoGVUEMTQwOHJGDAAAhVJyRwwAAGgfaBlVAzE0M3JIDAAAhVJySQwAAGgiigIEAmgjaBlVAzgyOXJKDAAAhVJySwwAAHViTksFh3JMDAAAaAJoA2gEhl1yTQwAAChoBmgHZWgIh1JyTgwAAH1yTwwAAChoC4oBZmgMWA0AAABNb25zb29uIFN0YXJzclAMAABoDlUFMS45LjFoD0sAaBCKAQFoEWgSKYFyUQwAAH1yUgwAAChoFYloFmgXdWJoGGgZVQMzOTZyUwwAAIVSclQMAABoHGgZVQQxNDA2clUMAACFUnJWDAAAaB9oGVUDMTM0clcMAACFUnJYDAAAaCKKAlICaCNoGVUDODc2clkMAACFUnJaDAAAdWJOSv////+HclsMAABoAmgDaASGXXJcDAAAKGgGaAdlaAiHUnJdDAAAfXJeDAAAKGgLigIIAWgMWAcAAABwYXRzIDEgcl8MAABoDlUFMS45LjFoD0sAaBCKAQ1oEWgSKYFyYAwAAH1yYQwAAChoFYloFmgXdWJoGGgZVQM0NzFyYgwAAIVScmMMAABoHGgZVQQxNDA2cmQMAACFUnJlDAAAaB9oGVUDMTQzcmYMAACFUnJnDAAAaCKKAgMCaCNoGVUDNzkycmgMAACFUnJpDAAAdWJOSwWHcmoMAABoAmgDaASGXXJrDAAAKGgGaAdlaAiHUnJsDAAAfXJtDAAAKGgLigI6AWgMWAsAAABGQyBUcm9kZGVyc3JuDAAAaA5VBTEuOS4xaA9LAGgQigEKaBFoEimBcm8MAAB9cnAMAAAoaBWJaBZoF3ViaBhoGVUDNDE4cnEMAACFUnJyDAAAaBxoGVUEMTQwNXJzDAAAhVJydAwAAGgfaBlVAzE1M3J1DAAAhVJydgwAAGgiigJ9AmgjaBlVAzgzNHJ3DAAAhVJyeAwAAHViTkr+////h3J5DAAAaAJoA2gEhl1yegwAAChoBmgHZWgIh1JyewwAAH1yfAwAAChoC4oCMQFoDFgKAAAATUVUSFVFTiA5NnJ9DAAAaA5VBTEuOS4xaA9LAGgQigENaBFoEimBcn4MAAB9cn8MAAAoaBWJaBZoF3ViaBhoGVUDMzkwcoAMAACFUnKBDAAAaBxoGVUEMTQwNXKCDAAAhVJygwwAAGgfaBlVAzEwNXKEDAAAhVJyhQwAAGgiigJkAmgjaBlVAzkxMHKGDAAAhVJyhwwAAHViTkr+////h3KIDAAAaAJoA2gEhl1yiQwAAChoBmgHZWgIh1JyigwAAH1yiwwAAChoC4oCOwFoDFgOAAAAQ2hhbWFraCdzIEhhaXJyjAwAAGgOVQUxLjkuMWgPSwBoEIoBEmgRaBIpgXKNDAAAfXKODAAAKGgViWgWaBd1YmgYaBlVAzQwMHKPDAAAhVJykAwAAGgcaBlVBDE0MDNykQwAAIVScpIMAABoH2gZVQMxNTZykwwAAIVScpQMAABoIooChQJoI2gZVQM4NDdylQwAAIVScpYMAAB1Yk5K/v///4dylwwAAGgCaANoBIZdcpgMAAAoaAZoB2VoCIdScpkMAAB9cpoMAAAoaAuKAv8AaAxYBgAAAHRlYW0gMnKbDAAAaA5VBTEuOS4xaA9LAGgQigESaBFoEimBcpwMAAB9cp0MAAAoaBWJaBZoF3ViaBhoGVUDMzc4cp4MAACFUnKfDAAAaBxoGVUEMTQwM3KgDAAAhVJyoQwAAGgfaBlVAzE0OHKiDAAAhVJyowwAAGgiigLyAWgjaBlVAzg3N3KkDAAAhVJypQwAAHViTkr+////h3KmDAAAaAJoA2gEhl1ypwwAAChoBmgHZWgIh1JyqAwAAH1yqQwAAChoC4oCNAFoDFgLAAAAS2lzc3VsamEgOilyqgwAAGgOVQUxLjkuMWgPSwBoEIoBFGgRaBIpgXKrDAAAfXKsDAAAKGgViWgWaBd1YmgYaBlVAzM4N3KtDAAAhVJyrgwAAGgcaBlVBDE0MDJyrwwAAIVScrAMAABoH2gZVQMxNDNysQwAAIVScrIMAABoIooCpwJoI2gZVQM4NzJyswwAAIVScrQMAAB1Yk5LAodytQwAAGgCaANoBIZdcrYMAAAoaAZoB2VoCIdScrcMAAB9crgMAAAoaAuKAUVoDFgQAAAAc3RyYWlnaHRSRUQgLSAyNHK5DAAAaA5VBTEuOS4xaA9LAmgQigESaBFoEimBcroMAAB9crsMAAAoaBWJaBZoF3ViaBhoGVUDNDA0crwMAACFUnK9DAAAaBxoGVUEMTM5M3K+DAAAhVJyvwwAAGgfaBlVAzE1MXLADAAAhVJywQwAAGgiigJ5AmgjaBlVAzgzOHLCDAAAhVJywwwAAHViTkr/////h3LEDAAAaAJoA2gEhl1yxQwAAChoBmgHZWgIh1JyxgwAAH1yxwwAAChoC4oCIAFoDFgTAAAAQmFyc3RhbGtlcnMgVGhpc3RsZXLIDAAAaA5VBTEuOS4xaA9LAGgQigETaBFoEimBcskMAAB9csoMAAAoaBWJaBZoF3ViaBhoGVUDNTc3cssMAACFUnLMDAAAaBxoGVUEMTM5MnLNDAAAhVJyzgwAAGgfaBlVAzEyM3LPDAAAhVJy0AwAAGgiigI7AmgjaBlVAzY5MnLRDAAAhVJy0gwAAHViTkr/////h3LTDAAAaAJoA2gEhl1y1AwAAChoBmgHZWgIh1Jy1QwAAH1y1gwAAChoC4oBZ2gMWA0AAABHcmVlbiBNYWNoaW5lctcMAABoDlUFMS45LjFoD0sAaBCKAQFoEWgSKYFy2AwAAH1y2QwAAChoFYloFmgXdWJoGGgZVQMzMjdy2gwAAIVSctsMAABoHGgZVQQxMzkwctwMAACFUnLdDAAAaB9oGVUDMTM0ct4MAACFUnLfDAAAaCKKAlYCaCNoGVUDOTI5cuAMAACFUnLhDAAAdWJOSv////+HcuIMAABoAmgDaASGXXLjDAAAKGgGaAdlaAiHUnLkDAAAfXLlDAAAKGgLigFOaAxYDwAAAEdlbnRsZSBXYXJyaW9yc3LmDAAAaA5VBTEuOS4xaA9LAmgQigESaBFoEimBcucMAAB9cugMAAAoaBWJaBZoF3ViaBhoGVUDMzc2cukMAACFUnLqDAAAaBxoGVUEMTM3OXLrDAAAhVJy7AwAAGgfaBlVAzE1MXLtDAAAhVJy7gwAAGgiigKcAmgjaBlVAzg1MnLvDAAAhVJy8AwAAHViTksAh3LxDAAAaAJoA2gEhl1y8gwAAChoBmgHZWgIh1Jy8wwAAH1y9AwAAChoC4oCRgFoDFgDAAAAUlBRcvUMAABoDlUFMS45LjFoD0sAaBCKAQ1oEWgSKYFy9gwAAH1y9wwAAChoFYloFmgXdWJoGGgZVQMzNzVy+AwAAIVScvkMAABoHGgZVQQxMzc5cvoMAACFUnL7DAAAaB9oGVUDMTE0cvwMAACFUnL9DAAAaCKKAsICaCNoGVUDODkwcv4MAACFUnL/DAAAdWJOSwCHcgANAABoAmgDaASGXXIBDQAAKGgGaAdlaAiHUnICDQAAfXIDDQAAKGgLigI9AWgMWAQAAABCYW1HcgQNAABoDlUFMS45LjFoD0sAaBCKARJoEWgSKYFyBQ0AAH1yBg0AAChoFYloFmgXdWJoGGgZVQMzODhyBw0AAIVScggNAABoHGgZVQQxMzc0cgkNAACFUnIKDQAAaB9oGVUDMTMwcgsNAACFUnIMDQAAaCKKAo4CaCNoGVUDODU2cg0NAACFUnIODQAAdWJOSwCHcg8NAABoAmgDaASGXXIQDQAAKGgGaAdlaAiHUnIRDQAAfXISDQAAKGgLigI2AWgMWA4AAABET1dOIFRIRSBEUkFJTnITDQAAaA5VBTEuOS4xaA9LAGgQigENaBFoEimBchQNAAB9chUNAAAoaBWJaBZoF3ViaBhoGVUDMzk4chYNAACFUnIXDQAAaBxoGVUEMTM3M3IYDQAAhVJyGQ0AAGgfaBlVAzE1MXIaDQAAhVJyGw0AAGgiigKoAmgjaBlVAzgyNHIcDQAAhVJyHQ0AAHViTksAh3IeDQAAaAJoA2gEhl1yHw0AAChoBmgHZWgIh1JyIA0AAH1yIQ0AAChoC4oCEgFoDFgOAAAAUXVhc2kgQXRobGV0aWNyIg0AAGgOVQUxLjkuMWgPSwBoEIoBFWgRaBIpgXIjDQAAfXIkDQAAKGgViWgWaBd1YmgYaBlVAzM0NnIlDQAAhVJyJg0AAGgcaBlVBDEzNzNyJw0AAIVScigNAABoH2gZVQMxMTlyKQ0AAIVScioNAABoIooCGQJoI2gZVQM5MDhyKw0AAIVSciwNAAB1Yk5LAIdyLQ0AAGgCaANoBIZdci4NAAAoaAZoB2VoCIdSci8NAAB9cjANAAAoaAuKAhgBaAxYDgAAAEJlbGNoZXJzIEJhYmVzcjENAABoDlUFMS45LjFoD0sAaBCKARNoEWgSKYFyMg0AAH1yMw0AAChoFYloFmgXdWJoGGgZVQM1MTJyNA0AAIVScjUNAABoHGgZVQQxMzcycjYNAACFUnI3DQAAaB9oGVUDMTMwcjgNAACFUnI5DQAAaCKKAigCaCNoGVUDNzMwcjoNAACFUnI7DQAAdWJOSwCHcjwNAABoAmgDaASGXXI9DQAAKGgGaAdlaAiHUnI+DQAAfXI/DQAAKGgLigI3AWgMWBEAAABBbWJlciBEcmlmdCBHb2RzIHJADQAAaA5VBTEuOS4xaA9LAGgQigEBaBFoEimBckENAAB9ckINAAAoaBWJaBZoF3ViaBhoGVUDMzY0ckMNAACFUnJEDQAAaBxoGVUEMTM2OHJFDQAAhVJyRg0AAGgfaBlVAzEyMXJHDQAAhVJySA0AAGgiigJpAmgjaBlVAzg4M3JJDQAAhVJySg0AAHViTksAh3JLDQAAaAJoA2gEhl1yTA0AAChoBmgHZWgIh1JyTQ0AAH1yTg0AAChoC4oCLAFoDFgNAAAAaGF0dHktaGFtbWVyIHJPDQAAaA5VBTEuOS4xaA9LAGgQigEBaBFoEimBclANAAB9clENAAAoaBWJaBZoF3ViaBhoGVUDMzcxclINAACFUnJTDQAAaBxoGVUEMTM2N3JUDQAAhVJyVQ0AAGgfaBlVAzE1MXJWDQAAhVJyVw0AAGgiigJQAmgjaBlVAzg0NXJYDQAAhVJyWQ0AAHViTksAh3JaDQAAaAJoA2gEhl1yWw0AAChoBmgHZWgIh1JyXA0AAH1yXQ0AAChoC4oBUGgMWAoAAABHZWVUZWVzIDAxcl4NAABoDlUFMS45LjFoD0sAaBCKARJoEWgSKYFyXw0AAH1yYA0AAChoFYloFmgXdWJoGGgZVQMzNjdyYQ0AAIVScmINAABoHGgZVQQxMzU4cmMNAACFUnJkDQAAaB9oGVUDMTMwcmUNAACFUnJmDQAAaCKKAoECaCNoGVUDODYxcmcNAACFUnJoDQAAdWJOSwCHcmkNAABoAmgDaASGXXJqDQAAKGgGaAdlaAiHUnJrDQAAfXJsDQAAKGgLigIaAWgMWAsAAABBcmllbCBCbGl0enJtDQAAaA5VBTEuOS4xaA9LAGgQigEKaBFoEimBcm4NAAB9cm8NAAAoaBWJaBZoF3ViaBhoGVUDMzMycnANAACFUnJxDQAAaBxoGVUEMTM1NHJyDQAAhVJycw0AAGgfaBlVAzExOXJ0DQAAhVJydQ0AAGgiigIsAmgjaBlVAzkwM3J2DQAAhVJydw0AAHViTksAh3J4DQAAaAJoA2gEhl1yeQ0AAChoBmgHZWgIh1Jyeg0AAH1yew0AAChoC4oBZ2gMWAYAAABMaW5kZW5yfA0AAGgOVQUxLjkuMWgPSwBoEIoBAWgRaBIpgXJ9DQAAfXJ+DQAAKGgViWgWaBd1YmgYaBlVAzQwMXJ/DQAAhVJygA0AAGgcaBlVBDEzNTBygQ0AAIVScoINAABoH2gZVQMxMzRygw0AAIVScoQNAABoIooCVwJoI2gZVQM4MTVyhQ0AAIVScoYNAAB1Yk5LAIdyhw0AAGgCaANoBIZdcogNAAAoaAZoB2VoCIdScokNAAB9cooNAAAoaAuKAhgBaAxYEAAAAFJlYWwgQWxlIE1pZHJpZmZyiw0AAGgOVQUxLjkuMWgPSwBoEIoBE2gRaBIpgXKMDQAAfXKNDQAAKGgViWgWaBd1YmgYaBlVAzMzMXKODQAAhVJyjw0AAGgcaBlVBDEzNDlykA0AAIVScpENAABoH2gZVQMxMjFykg0AAIVScpMNAABoIooCJgJoI2gZVQM4OTdylA0AAIVScpUNAAB1Yk5LAIdylg0AAGgCaANoBIZdcpcNAAAoaAZoB2VoCIdScpgNAAB9cpkNAAAoaAuKAhcBaAxYBgAAAEVtaWx5MnKaDQAAaA5VBTEuOS4xaA9LAGgQigETaBFoEimBcpsNAAB9cpwNAAAoaBWJaBZoF3ViaBhoGVUDNDA0cp0NAACFUnKeDQAAaBxoGVUEMTM0NHKfDQAAhVJyoA0AAGgfaBlVAzEzMHKhDQAAhVJyog0AAGgiigJuAmgjaBlVAzgxMHKjDQAAhVJypA0AAHViTkr/////h3KlDQAAaAJoA2gEhl1ypg0AAChoBmgHZWgIh1Jypw0AAH1yqA0AAChoC4oCOwFoDFgXAAAAU2FuY3RpbW9uaW91cyBSZWQgQ2FyZHNyqQ0AAGgOVQUxLjkuMWgPSwBoEIoBAWgRaBIpgXKqDQAAfXKrDQAAKGgViWgWaBd1YmgYaBlVAzMxMHKsDQAAhVJyrQ0AAGgcaBlVBDEzNDNyrg0AAIVScq8NAABoH2gZVQMxMDZysA0AAIVScrENAABoIooChAJoI2gZVQM5Mjdysg0AAIVScrMNAAB1Yk5K/v///4dytA0AAGgCaANoBIZdcrUNAAAoaAZoB2VoCIdScrYNAAB9crcNAAAoaAuKAkEBaAxYDwAAAFN0ZXZlbnMgU2NvcmVyc3K4DQAAaA5VBTEuOS4xaA9LAGgQigEHaBFoEimBcrkNAAB9croNAAAoaBWJaBZoF3ViaBhoGVUDMjk2crsNAACFUnK8DQAAaBxoGVUEMTM0M3K9DQAAhVJyvg0AAGgfaBlVAzE0M3K/DQAAhVJywA0AAGgiigKYAmgjaBlVAzkwNHLBDQAAhVJywg0AAHViTksCh3LDDQAAaAJoA2gEhl1yxA0AAChoBmgHZWgIh1JyxQ0AAH1yxg0AAChoC4oCEgFoDFgSAAAAUXVhc2kgSW5hcnRpY3VsYXRlcscNAABoDlUFMS45LjFoD0sAaBCKARVoEWgSKYFyyA0AAH1yyQ0AAChoFYloFmgXdWJoGGgZVQMzNzJyyg0AAIVScssNAABoHGgZVQQxMzQycswNAACFUnLNDQAAaB9oGVUDMTE0cs4NAACFUnLPDQAAaCKKAhoCaCNoGVUDODU2ctANAACFUnLRDQAAdWJOSv////+HctINAABoAmgDaASGXXLTDQAAKGgGaAdlaAiHUnLUDQAAfXLVDQAAKGgLigE9aAxYEAAAADEwMCUgUHVyZSBSYW5kb21y1g0AAGgOVQUxLjkuMWgPSwBoEIoBB2gRaBIpgXLXDQAAfXLYDQAAKGgViWgWaBd1YmgYaBlVAzMwOHLZDQAAhVJy2g0AAGgcaBlVBDEzMzZy2w0AAIVSctwNAABoH2gZVQMxNTly3Q0AAIVSct4NAABoIooCiwJoI2gZVQM4Njly3w0AAIVScuANAAB1Yk5LAIdy4Q0AAGgCaANoBIZdcuINAAAoaAZoB2VoCIdScuMNAAB9cuQNAAAoaAuKAgABaAxYCAAAAE1hbiBVdGQgcuUNAABoDlUFMS45LjFoD0sAaBCKAQFoEWgSKYFy5g0AAH1y5w0AAChoFYloFmgXdWJoGGgZVQMzOTly6A0AAIVScukNAABoHGgZVQQxMzM2cuoNAACFUnLrDQAAaB9oGVUDMTQzcuwNAACFUnLtDQAAaCKKAvUBaCNoGVUDNzk0cu4NAACFUnLvDQAAdWJOSwOHcvANAABoAmgDaASGXXLxDQAAKGgGaAdlaAiHUnLyDQAAfXLzDQAAKGgLigIUAWgMWAwAAABSb2dlcnNBbXB0b25y9A0AAGgOVQUxLjkuMWgPSwBoEIoBB2gRaBIpgXL1DQAAfXL2DQAAKGgViWgWaBd1YmgYaBlVAzQ1NXL3DQAAhVJy+A0AAGgcaBlVBDEzMjhy+Q0AAIVScvoNAABoH2gZVQMxMzRy+w0AAIVScvwNAABoIooCHQJoI2gZVQM3Mzly/Q0AAIVScv4NAAB1Yk5K/////4dy/w0AAGgCaANoBIZdcgAOAAAoaAZoB2VoCIdScgEOAAB9cgIOAAAoaAuKAkEBaAxYBgAAAEtvZGFseXIDDgAAaA5VBTEuOS4xaA9LAGgQigEHaBFoEimBcgQOAAB9cgUOAAAoaBWJaBZoF3ViaBhoGVUDMjc5cgYOAACFUnIHDgAAaBxoGVUEMTMyNXIIDgAAhVJyCQ4AAGgfaBlVAzE1NnIKDgAAhVJyCw4AAGgiigKZAmgjaBlVAzg5MHIMDgAAhVJyDQ4AAHViTkr/////h3IODgAAaAJoA2gEhl1yDw4AAChoBmgHZWgIh1JyEA4AAH1yEQ4AAChoC4oCIAFoDFgTAAAAQmFyc3RhbGtlcnMgVW5pdGllZHISDgAAaA5VBTEuOS4xaA9LAGgQigETaBFoEimBchMOAAB9chQOAAAoaBWJaBZoF3ViaBhoGVUDMzY1chUOAACFUnIWDgAAaBxoGVUEMTMxMnIXDgAAhVJyGA4AAGgfaBlVAzEzMHIZDgAAhVJyGg4AAGgiigI5AmgjaBlVAzgxN3IbDgAAhVJyHA4AAHViTksAh3IdDgAAaAJoA2gEhl1yHg4AAChoBmgHZWgIh1JyHw4AAH1yIA4AAChoC4oCJAFoDFgJAAAAVGVhbSBLaW5nciEOAABoDlUFMS45LjFoD0sAaBCKARVoEWgSKYFyIg4AAH1yIw4AAChoFYloFmgXdWJoGGgZVQMzNzVyJA4AAIVSciUOAABoHGgZVQQxMzA4ciYOAACFUnInDgAAaB9oGVUDMTMwcigOAACFUnIpDgAAaCKKAj8CaCNoGVUDODAzcioOAACFUnIrDgAAdWJOSwGHciwOAABoAmgDaASGXXItDgAAKGgGaAdlaAiHUnIuDgAAfXIvDgAAKGgLigLMAGgMWBMAAABzYXJhaCdzIHJpdmVyIHN0YXJzcjAOAABoDlUFMS45LjFoD0sAaBCKAQFoEWgSKYFyMQ4AAH1yMg4AAChoFYloFmgXdWJoGGgZVQMzMDZyMw4AAIVScjQOAABoHGgZVQQxMzA2cjUOAACFUnI2DgAAaB9oGVUDMTU0cjcOAACFUnI4DgAAaCKKAtUBaCNoGVUDODQ2cjkOAACFUnI6DgAAdWJOSv////+HcjsOAABoAmgDaASGXXI8DgAAKGgGaAdlaAiHUnI9DgAAfXI+DgAAKGgLigLlAGgMWAsAAABSZWQgRWFnbGUgM3I/DgAAaA5VBTEuOS4xaA9LAmgQigESaBFoEimBckAOAAB9ckEOAAAoaBWJaBZoF3ViaBhoGVUDMjY4ckIOAACFUnJDDgAAaBxoGVUEMTI5MnJEDgAAhVJyRQ4AAGgfaBlVAzEyM3JGDgAAhVJyRw4AAGgiigLkAWgjaBlVAzkwMXJIDgAAhVJySQ4AAHViTksDh3JKDgAAaAJoA2gEhl1ySw4AAChoBmgHZWgIh1JyTA4AAH1yTQ4AAChoC4oCRQFoDFgNAAAAc2FpbnRzIHJldHVybnJODgAAaA5VBTEuOS4xaA9LAGgQigEHaBFoEimBck8OAAB9clAOAAAoaBWJaBZoF3ViaBhoGVUDMzE2clEOAACFUnJSDgAAaBxoGVUEMTI5MXJTDgAAhVJyVA4AAGgfaBlVAzEyM3JVDgAAhVJyVg4AAGgiigK5AmgjaBlVAzg1MnJXDgAAhVJyWA4AAHViTkr/////h3JZDgAAaAJoA2gEhl1yWg4AAChoBmgHZWgIh1JyWw4AAH1yXA4AAChoC4oC0QBoDFgFAAAASkFDMjNyXQ4AAGgOVQUxLjkuMWgPSwBoEIoBB2gRaBIpgXJeDgAAfXJfDgAAKGgViWgWaBd1YmgYaBlVAzM4NnJgDgAAhVJyYQ4AAGgcaBlVBDEyOTByYg4AAIVScmMOAABoH2gZVQI4OHJkDgAAhVJyZQ4AAGgiigJzAmgjaBlVAzgxNnJmDgAAhVJyZw4AAHViTksCh3JoDgAAaAJoA2gEhl1yaQ4AAChoBmgHZWgIh1Jyag4AAH1yaw4AAChoC4oCzABoDFgNAAAAc2FyYWgncyBzdGFyc3JsDgAAaA5VBTEuOS4xaA9LAGgQigENaBFoEimBcm0OAAB9cm4OAAAoaBWJaBZoF3ViaBhoGVUDMzM4cm8OAACFUnJwDgAAaBxoGVUEMTI5MHJxDgAAhVJycg4AAGgfaBlVAzE1NnJzDgAAhVJydA4AAGgiigLTAWgjaBlVAzc5NnJ1DgAAhVJydg4AAHViTkr+////h3J3DgAAaAJoA2gEhl1yeA4AAChoBmgHZWgIh1JyeQ4AAH1yeg4AAChoC4oCBwFoDFgMAAAAS2lzcyBteSBmYWNlcnsOAABoDlUFMS45LjFoD0sAaBCKARNoEWgSKYFyfA4AAH1yfQ4AAChoFYloFmgXdWJoGGgZVQM0MzJyfg4AAIVScn8OAABoHGgZVQQxMjg5coAOAACFUnKBDgAAaB9oGVUDMTMwcoIOAACFUnKDDgAAaCKKAnACaCNoGVUDNzI3coQOAACFUnKFDgAAdWJOSv7///+HcoYOAABoAmgDaASGXXKHDgAAKGgGaAdlaAiHUnKIDgAAfXKJDgAAKGgLigL+AGgMWAgAAABGTE9PREVSU3KKDgAAaA5VBTEuOS4xaA9LAGgQigESaBFoEimBcosOAAB9cowOAAAoaBWJaBZoF3ViaBhoGVUDMzYwco0OAACFUnKODgAAaBxoGVUEMTI3MHKPDgAAhVJykA4AAGgfaBlVAzE0M3KRDgAAhVJykg4AAGgiigLvAWgjaBlVAzc2N3KTDgAAhVJylA4AAHViTksAh3KVDgAAaAJoA2gEhl1ylg4AAChoBmgHZWgIh1Jylw4AAH1ymA4AAChoC4oCEQFoDFgMAAAAU29jY2VyIFN0YXJzcpkOAABoDlUFMS45LjFoD0sAaBCKARVoEWgSKYFymg4AAH1ymw4AAChoFYloFmgXdWJoGGgZVQMzNzRynA4AAIVScp0OAABoHGgZVQQxMjYwcp4OAACFUnKfDgAAaB9oGVUDMTQzcqAOAACFUnKhDgAAaCKKAhgCaCNoGVUDNzQzcqIOAACFUnKjDgAAdWJOSwCHcqQOAABoAmgDaASGXXKlDgAAKGgGaAdlaAiHUnKmDgAAfXKnDgAAKGgLigJAAWgMWAYAAABLLkIuIDFyqA4AAGgOVQUxLjkuMWgPSwBoEIoBEmgRaBIpgXKpDgAAfXKqDgAAKGgViWgWaBd1YmgYaBlVAzI3MnKrDgAAhVJyrA4AAGgcaBlVBDEyNTRyrQ4AAIVScq4OAABoH2gZVQMxMzByrw4AAIVScrAOAABoIooClQJoI2gZVQM4NTJysQ4AAIVScrIOAAB1Yk5K/////4dysw4AAGgCaANoBIZdcrQOAAAoaAZoB2VoCIdScrUOAAB9crYOAAAoaAuKAkABaAxYBgAAAEsuQi4gMnK3DgAAaA5VBTEuOS4xaA9LAGgQigESaBFoEimBcrgOAAB9crkOAAAoaBWJaBZoF3ViaBhoGVUDMzE3croOAACFUnK7DgAAaBxoGVUEMTI0OXK8DgAAhVJyvQ4AAGgfaBlVAzE1MXK+DgAAhVJyvw4AAGgiigKWAmgjaBlVAzc4MXLADgAAhVJywQ4AAHViTksBh3LCDgAAaAJoA2gEhl1yww4AAChoBmgHZWgIh1JyxA4AAH1yxQ4AAChoC4oC0QBoDFgFAAAASkFDMTdyxg4AAGgOVQUxLjkuMWgPSwBoEIoBAWgRaBIpgXLHDgAAfXLIDgAAKGgViWgWaBd1YmgYaBlVAzI3MnLJDgAAhVJyyg4AAGgcaBlVBDEyNDZyyw4AAIVScswOAABoH2gZVQMxMzByzQ4AAIVScs4OAABoIooCdAJoI2gZVQM4NDRyzw4AAIVSctAOAAB1Yk5K/////4dy0Q4AAGgCaANoBIZdctIOAAAoaAZoB2VoCIdSctMOAAB9ctQOAAAoaAuKAuUAaAxYCwAAAFJlZCBFYWdsZSAyctUOAABoDlUFMS45LjFoD0sCaBCKARJoEWgSKYFy1g4AAH1y1w4AAChoFYloFmgXdWJoGGgZVQM0MDhy2A4AAIVSctkOAABoHGgZVQQxMjI5ctoOAACFUnLbDgAAaB9oGVUDMTMwctwOAACFUnLdDgAAaCKKAuMBaCNoGVUDNjkxct4OAACFUnLfDgAAdWJOSwCHcuAOAABlLg==','9999-12-31 23:59:59');
/*!40000 ALTER TABLE `cache` ENABLE KEYS */;
UNLOCK TABLES;

--
-- Table structure for table `django_admin_log`
--

DROP TABLE IF EXISTS `django_admin_log`;
/*!40101 SET @saved_cs_client     = @@character_set_client */;
/*!40101 SET character_set_client = utf8 */;
CREATE TABLE `django_admin_log` (
  `id` int(11) NOT NULL AUTO_INCREMENT,
  `action_time` datetime NOT NULL,
  `user_id` int(11) NOT NULL,
  `content_type_id` int(11) DEFAULT NULL,
  `object_id` longtext,
  `object_repr` varchar(200) NOT NULL,
  `action_flag` smallint(5) unsigned NOT NULL,
  `change_message` longtext NOT NULL,
  PRIMARY KEY (`id`),
  KEY `django_admin_log_403f60f` (`user_id`),
  KEY `django_admin_log_1bb8f392` (`content_type_id`),
  CONSTRAINT `content_type_id_refs_id_288599e6` FOREIGN KEY (`content_type_id`) REFERENCES `django_content_type` (`id`),
  CONSTRAINT `user_id_refs_id_c8665aa` FOREIGN KEY (`user_id`) REFERENCES `auth_user` (`id`)
) ENGINE=InnoDB AUTO_INCREMENT=39 DEFAULT CHARSET=utf8;
/*!40101 SET character_set_client = @saved_cs_client */;

--
-- Dumping data for table `django_admin_log`
--

LOCK TABLES `django_admin_log` WRITE;
/*!40000 ALTER TABLE `django_admin_log` DISABLE KEYS */;
INSERT INTO `django_admin_log` VALUES (1,'2016-08-19 20:27:58',349,3,'349','Alan Tingey (tingeyal)',2,'Changed first_name and last_name.'),(2,'2016-08-19 20:41:30',349,52,'1','192.168.1.140:8000',2,'Changed domain.'),(3,'2016-08-19 20:42:57',349,59,'2','Facebook App',1,'Added.'),(4,'2016-08-19 20:43:09',349,59,'2','Facebook App',2,'Changed sites.'),(5,'2016-08-19 21:03:08',349,59,'3','Google App',1,'Added.'),(6,'2016-09-25 07:53:04',349,8,'2','Everton Heartbreak',1,'Added.'),(7,'2016-09-25 08:00:14',349,8,'1','aaaa',2,'Changed featured.'),(8,'2016-09-25 08:33:57',349,8,'1','Offline Trial Begins',2,'Changed headline, date, text, caption, image and button_text.'),(9,'2016-09-25 08:36:22',349,8,'1','str8RED Kickoff',2,'Changed headline and caption.'),(10,'2016-09-25 08:37:02',349,8,'1','str8RED Kickoff:',2,'Changed headline and caption.'),(11,'2016-09-25 08:41:29',349,8,'2','Everton Heartbreak',2,'Changed text, caption and image.'),(12,'2016-09-25 08:41:59',349,8,'2','Everton Heartbreak:',2,'Changed headline and text.'),(13,'2016-09-25 08:45:33',349,8,'2','Everton Heartbreak:',2,'No fields changed.'),(14,'2016-09-25 08:45:41',349,8,'2','Everton Heartbreak:',2,'Changed caption.'),(15,'2016-09-25 09:22:12',349,8,'3','ww',1,'Added.'),(16,'2016-09-25 09:29:50',349,8,'3','ww',3,''),(17,'2016-10-22 00:00:04',349,8,'3','aa',1,'Added.'),(18,'2016-10-22 00:14:16',349,8,'4','a',1,'Added.'),(19,'2016-10-22 00:40:04',349,3,'357','Tony Tingey (d_whoppa)',2,'Changed password.'),(20,'2016-10-22 11:36:27',349,8,'4','a',3,''),(21,'2016-10-22 11:36:27',349,8,'3','aa',3,''),(22,'2016-11-06 14:57:32',349,52,'2','str8red.com',1,'Added.'),(23,'2016-11-06 14:57:52',349,59,'2','Facebook App',2,'Changed sites.'),(24,'2016-11-06 15:23:19',349,52,'2','str8red.com',3,''),(25,'2016-11-06 15:23:29',349,52,'1','192.168.1.140:8000',3,''),(26,'2016-11-06 15:23:46',349,60,'4','Robert Snook (robert2)',3,''),(27,'2016-11-06 15:23:46',349,60,'3','Robert Snook (robert)',3,''),(28,'2016-11-06 15:23:46',349,60,'2','Colin Anderson (mebecolin)',3,''),(29,'2016-11-06 15:24:16',349,59,'3','Google App',3,''),(30,'2016-11-06 15:24:16',349,59,'2','Facebook App',3,''),(31,'2016-11-06 15:24:16',349,59,'1','Twitter App',3,''),(32,'2016-11-06 15:34:30',349,52,'3','str8red.com',1,'Added.'),(33,'2016-11-06 15:35:52',349,59,'4','str8RED',1,'Added.'),(34,'2016-11-06 15:42:10',349,59,'4','str8RED',3,''),(35,'2016-11-06 15:42:27',349,52,'3','str8red.com',3,''),(36,'2016-11-06 15:46:39',349,59,'5','str8RED',1,'Added.'),(37,'2016-11-06 16:04:07',349,59,'6','str8RED Google',1,'Added.'),(38,'2016-11-06 16:04:23',349,59,'5','str8RED Facebook',2,'Changed name.');
/*!40000 ALTER TABLE `django_admin_log` ENABLE KEYS */;
UNLOCK TABLES;

--
-- Table structure for table `django_content_type`
--

DROP TABLE IF EXISTS `django_content_type`;
/*!40101 SET @saved_cs_client     = @@character_set_client */;
/*!40101 SET character_set_client = utf8 */;
CREATE TABLE `django_content_type` (
  `id` int(11) NOT NULL AUTO_INCREMENT,
  `app_label` varchar(100) NOT NULL,
  `model` varchar(100) NOT NULL,
  PRIMARY KEY (`id`),
  UNIQUE KEY `app_label` (`app_label`,`model`)
) ENGINE=InnoDB AUTO_INCREMENT=64 DEFAULT CHARSET=utf8;
/*!40101 SET character_set_client = @saved_cs_client */;

--
-- Dumping data for table `django_content_type`
--

LOCK TABLES `django_content_type` WRITE;
/*!40000 ALTER TABLE `django_content_type` DISABLE KEYS */;
INSERT INTO `django_content_type` VALUES (57,'account','emailaddress'),(58,'account','emailconfirmation'),(19,'admin','logentry'),(2,'auth','group'),(1,'auth','permission'),(3,'auth','user'),(24,'avatar','avatar'),(5,'contenttypes','contenttype'),(42,'fiveaside','team'),(41,'fiveaside','tournament'),(43,'meta','charitablegrant'),(7,'meta','charity'),(26,'meta','event'),(8,'meta','newsarticle'),(51,'meta','supporter'),(35,'meta','teammember'),(29,'predictor','country'),(32,'predictor','entry'),(28,'predictor','group'),(31,'predictor','groupmatch'),(34,'predictor','groupprediction'),(33,'predictor','matchprediction'),(30,'predictor','player'),(27,'predictor','tournament'),(49,'request','request'),(6,'sessions','session'),(52,'sites','site'),(60,'socialaccount','socialaccount'),(59,'socialaccount','socialapp'),(61,'socialaccount','socialtoken'),(55,'straightred','straightredfixture'),(63,'straightred','straightredfixturelive'),(62,'straightred','straightredfixturematchday'),(53,'straightred','straightredseason'),(54,'straightred','straightredteam'),(56,'straightred','userselection'),(9,'super10','country'),(38,'super10','credittransaction'),(20,'super10','dwadcupround'),(21,'super10','dwadcuptie'),(13,'super10','entry'),(23,'super10','entryteam'),(10,'super10','league'),(12,'super10','leagueteam'),(39,'super10','minileague'),(46,'super10','partnerorganisation'),(47,'super10','partnerreferral'),(40,'super10','prize'),(44,'super10','referral'),(16,'super10','result'),(22,'super10','season'),(11,'super10','team'),(48,'super10','transferwindow'),(37,'tracking','pageview'),(36,'tracking','visitor'),(50,'twisted6','payment');
/*!40000 ALTER TABLE `django_content_type` ENABLE KEYS */;
UNLOCK TABLES;

--
-- Table structure for table `django_migrations`
--

DROP TABLE IF EXISTS `django_migrations`;
/*!40101 SET @saved_cs_client     = @@character_set_client */;
/*!40101 SET character_set_client = utf8 */;
CREATE TABLE `django_migrations` (
  `id` int(11) NOT NULL AUTO_INCREMENT,
  `app` varchar(255) NOT NULL,
  `name` varchar(255) NOT NULL,
  `applied` datetime NOT NULL,
  PRIMARY KEY (`id`)
) ENGINE=InnoDB AUTO_INCREMENT=163 DEFAULT CHARSET=utf8;
/*!40101 SET character_set_client = @saved_cs_client */;

--
-- Dumping data for table `django_migrations`
--

LOCK TABLES `django_migrations` WRITE;
/*!40000 ALTER TABLE `django_migrations` DISABLE KEYS */;
INSERT INTO `django_migrations` VALUES (145,'contenttypes','0001_initial','2016-09-18 14:07:46'),(146,'auth','0001_initial','2016-09-18 14:07:46'),(147,'admin','0001_initial','2016-09-18 14:07:46'),(148,'admin','0002_logentry_remove_auto_add','2016-09-18 14:07:46'),(149,'contenttypes','0002_remove_content_type_name','2016-09-18 14:07:46'),(150,'auth','0002_alter_permission_name_max_length','2016-09-18 14:07:46'),(151,'auth','0003_alter_user_email_max_length','2016-09-18 14:07:46'),(152,'auth','0004_alter_user_username_opts','2016-09-18 14:07:46'),(153,'auth','0005_alter_user_last_login_null','2016-09-18 14:07:46'),(154,'auth','0006_require_contenttypes_0002','2016-09-18 14:07:46'),(155,'auth','0007_alter_validators_add_error_messages','2016-09-18 14:07:46'),(156,'sessions','0001_initial','2016-09-18 14:07:46'),(157,'sites','0001_initial','2016-09-18 14:07:46'),(158,'sites','0002_alter_domain_unique','2016-09-18 14:07:46'),(159,'straightred','0001_initial','2016-09-18 14:07:46'),(160,'avatar','0001_initial','2016-10-29 19:55:12'),(161,'straightred','0002_straightredfixturelive','2016-10-29 19:55:12'),(162,'straightred','0003_auto_20161029_2050','2016-10-29 19:56:23');
/*!40000 ALTER TABLE `django_migrations` ENABLE KEYS */;
UNLOCK TABLES;

--
-- Table structure for table `django_session`
--

DROP TABLE IF EXISTS `django_session`;
/*!40101 SET @saved_cs_client     = @@character_set_client */;
/*!40101 SET character_set_client = utf8 */;
CREATE TABLE `django_session` (
  `session_key` varchar(40) NOT NULL,
  `session_data` longtext NOT NULL,
  `expire_date` datetime NOT NULL,
  PRIMARY KEY (`session_key`),
  KEY `django_session_3da3d3d8` (`expire_date`)
) ENGINE=InnoDB DEFAULT CHARSET=utf8;
/*!40101 SET character_set_client = @saved_cs_client */;

--
-- Dumping data for table `django_session`
--

LOCK TABLES `django_session` WRITE;
/*!40000 ALTER TABLE `django_session` DISABLE KEYS */;
INSERT INTO `django_session` VALUES ('05mmtc50ex2dceh8vyv9x3ouymla3cnf','YzhiZThiZmNhYTYzNWQ3OWMyODVkOTE1ZjRmZmQwNmFmZGUwYWU3Yzp7InNvY2lhbGFjY291bnRfc3RhdGUiOlt7InByb2Nlc3MiOiJsb2dpbiIsInNjb3BlIjoiIiwiYXV0aF9wYXJhbXMiOiIifSwiQVFmajBwN3IxdndxIl19','2016-12-03 10:33:05'),('0ckabw57x97rvmmo4bc23tzd5bj2fkzr','YzM4NDI1ZjdmODA3OWYxNTExNjhjZGM4MWI2MGZiOGNkNmI1MTY5Njp7Il9hdXRoX3VzZXJfaGFzaCI6IjhiYzY2YTBlM2I2ZTcyMjIzYWNkZDI5ZTRmMTc3YTM3YWQ3NDM3NDciLCJfYXV0aF91c2VyX2JhY2tlbmQiOiJkamFuZ28uY29udHJpYi5hdXRoLmJhY2tlbmRzLk1vZGVsQmFja2VuZCIsIl9hdXRoX3VzZXJfaWQiOiIzNjMifQ==','2016-11-10 12:45:47'),('0xnoemi0u59aqxpmguxirlz2a0gj0fsm','NTUyMGZhNzNkMGExMjMxYjI2MjhjNWJjNDFhZTU3OWQ2NjE1OGI5Mzp7Il9hdXRoX3VzZXJfaGFzaCI6IjFmYTgzM2NkNmFjYzI4Mjg1NmRhNDA2YzZjNjM1NjExOGExMTU0ZDgiLCJfYXV0aF91c2VyX2JhY2tlbmQiOiJkamFuZ28uY29udHJpYi5hdXRoLmJhY2tlbmRzLk1vZGVsQmFja2VuZCIsIl9hdXRoX3VzZXJfaWQiOiIzNDkifQ==','2016-11-19 16:20:36'),('1wc4ixhchcdy0rhgea8g4ta9egsfx5eu','NTUyMGZhNzNkMGExMjMxYjI2MjhjNWJjNDFhZTU3OWQ2NjE1OGI5Mzp7Il9hdXRoX3VzZXJfaGFzaCI6IjFmYTgzM2NkNmFjYzI4Mjg1NmRhNDA2YzZjNjM1NjExOGExMTU0ZDgiLCJfYXV0aF91c2VyX2JhY2tlbmQiOiJkamFuZ28uY29udHJpYi5hdXRoLmJhY2tlbmRzLk1vZGVsQmFja2VuZCIsIl9hdXRoX3VzZXJfaWQiOiIzNDkifQ==','2016-09-29 19:51:06'),('2a0d9pn7fvplg3ptxqtas48l2ovfany4','ZjQyN2NkYjQ5Nzk3MTIyZTgyZDJkNTk3MmQ0ODYzYWU3YjAyYjY4YTp7InNvY2lhbGFjY291bnRfc3RhdGUiOlt7InByb2Nlc3MiOiJsb2dpbiIsInNjb3BlIjoiIiwiYXV0aF9wYXJhbXMiOiIifSwiRW13anFDaGFFMWVVIl19','2016-11-21 01:20:37'),('2duey4i8qawfpe8q8igv5xcjhpumk54x','MmMwZGU0ZGM2MjgzNjc2NWE3OTAxYzhjMWNkYTZmMmRkYjg0MDM5MDp7InNvY2lhbGFjY291bnRfc3RhdGUiOlt7InByb2Nlc3MiOiJsb2dpbiIsInNjb3BlIjoiIiwiYXV0aF9wYXJhbXMiOiIifSwiY1ltR3dHdGtoSWVSIl19','2016-12-08 00:27:01'),('4g9dtft1pslsguoalndgtfy656pe16jo','NWY0ZmQyMTI4NGE2NTlhNTUwMDlmZTRlODcyYmU0NTUyNTQwMzQ5NDp7InNvY2lhbGFjY291bnRfc3RhdGUiOlt7InByb2Nlc3MiOiJsb2dpbiIsInNjb3BlIjoiIiwiYXV0aF9wYXJhbXMiOiIifSwidkZIMTBPUkw2ZW54Il19','2016-09-05 17:35:45'),('4sp6u7b7uvyjc30bl07psssiicqs213y','NGEwMmZlN2FiNWQwYWRhZGU0OGI3MmE5MmUxMDRhYWNiOWEwNmJjNDp7Il9hdXRoX3VzZXJfaGFzaCI6IjIyZWNkNDcwYzFmOGVlYTI1ZTkyNzcwNjA2ZmQ3ZjVlYmJiNDkwNDEiLCJfYXV0aF91c2VyX2JhY2tlbmQiOiJkamFuZ28uY29udHJpYi5hdXRoLmJhY2tlbmRzLk1vZGVsQmFja2VuZCIsIl9hdXRoX3VzZXJfaWQiOiIzNTIifQ==','2016-11-05 08:17:51'),('5xadfg5szljld1a0z5tihh59o6ierqzh','NTVkNjc3YmNhYjczYzJlMjg1ZWY4MmU5YzU1ZTA3MWQ2ZWNhNWJiYTp7Il9hdXRoX3VzZXJfaGFzaCI6IjJlZTEzM2RjM2Y1NTc3Njc1MmViMDU1OGYzMGY2ZGZjMDI0MWRjZTciLCJfYXV0aF91c2VyX2JhY2tlbmQiOiJkamFuZ28uY29udHJpYi5hdXRoLmJhY2tlbmRzLk1vZGVsQmFja2VuZCIsIl9hdXRoX3VzZXJfaWQiOiIzNTkifQ==','2016-12-03 17:42:46'),('7wl2iiejqatq0vc8aajfpuonaxmuc9fm','ODA3ZGE0NjY4ZWUyMzAxNGEyYzFmMzBiNDhkODY3OTA2MDBmMzE5Mzp7Il9hdXRoX3VzZXJfaGFzaCI6IjBmZmRhMjE3YzRjOGQwZGI5OGU3ZGQ1ZWMxMGZjNjQ0ZWUzYzQwNGMiLCJfYXV0aF91c2VyX2JhY2tlbmQiOiJkamFuZ28uY29udHJpYi5hdXRoLmJhY2tlbmRzLk1vZGVsQmFja2VuZCIsIl9hdXRoX3VzZXJfaWQiOiIzNTUifQ==','2016-11-04 22:13:00'),('a8iijt9jw1pf12ebbwr1ivf4z4juheog','NTUyMGZhNzNkMGExMjMxYjI2MjhjNWJjNDFhZTU3OWQ2NjE1OGI5Mzp7Il9hdXRoX3VzZXJfaGFzaCI6IjFmYTgzM2NkNmFjYzI4Mjg1NmRhNDA2YzZjNjM1NjExOGExMTU0ZDgiLCJfYXV0aF91c2VyX2JhY2tlbmQiOiJkamFuZ28uY29udHJpYi5hdXRoLmJhY2tlbmRzLk1vZGVsQmFja2VuZCIsIl9hdXRoX3VzZXJfaWQiOiIzNDkifQ==','2016-11-04 19:15:33'),('a9phuz3upvvq2172bie6bmj6b3wjpits','NTUyMGZhNzNkMGExMjMxYjI2MjhjNWJjNDFhZTU3OWQ2NjE1OGI5Mzp7Il9hdXRoX3VzZXJfaGFzaCI6IjFmYTgzM2NkNmFjYzI4Mjg1NmRhNDA2YzZjNjM1NjExOGExMTU0ZDgiLCJfYXV0aF91c2VyX2JhY2tlbmQiOiJkamFuZ28uY29udHJpYi5hdXRoLmJhY2tlbmRzLk1vZGVsQmFja2VuZCIsIl9hdXRoX3VzZXJfaWQiOiIzNDkifQ==','2016-12-03 13:06:51'),('afgy6ehp6y0a8lgjibdng4c956nn46uo','NTVkNjc3YmNhYjczYzJlMjg1ZWY4MmU5YzU1ZTA3MWQ2ZWNhNWJiYTp7Il9hdXRoX3VzZXJfaGFzaCI6IjJlZTEzM2RjM2Y1NTc3Njc1MmViMDU1OGYzMGY2ZGZjMDI0MWRjZTciLCJfYXV0aF91c2VyX2JhY2tlbmQiOiJkamFuZ28uY29udHJpYi5hdXRoLmJhY2tlbmRzLk1vZGVsQmFja2VuZCIsIl9hdXRoX3VzZXJfaWQiOiIzNTkifQ==','2016-12-07 13:49:47'),('afwcswvh9ksh56xpuqyx27vfr4fn0nwe','NTUyMGZhNzNkMGExMjMxYjI2MjhjNWJjNDFhZTU3OWQ2NjE1OGI5Mzp7Il9hdXRoX3VzZXJfaGFzaCI6IjFmYTgzM2NkNmFjYzI4Mjg1NmRhNDA2YzZjNjM1NjExOGExMTU0ZDgiLCJfYXV0aF91c2VyX2JhY2tlbmQiOiJkamFuZ28uY29udHJpYi5hdXRoLmJhY2tlbmRzLk1vZGVsQmFja2VuZCIsIl9hdXRoX3VzZXJfaWQiOiIzNDkifQ==','2016-11-05 08:11:25'),('cja33ry5un0ogeu2ndlpwi64zt8f2tns','NTUyMGZhNzNkMGExMjMxYjI2MjhjNWJjNDFhZTU3OWQ2NjE1OGI5Mzp7Il9hdXRoX3VzZXJfaGFzaCI6IjFmYTgzM2NkNmFjYzI4Mjg1NmRhNDA2YzZjNjM1NjExOGExMTU0ZDgiLCJfYXV0aF91c2VyX2JhY2tlbmQiOiJkamFuZ28uY29udHJpYi5hdXRoLmJhY2tlbmRzLk1vZGVsQmFja2VuZCIsIl9hdXRoX3VzZXJfaWQiOiIzNDkifQ==','2016-09-29 20:19:25'),('e3ne3mmbitj358jvwnnvt16xzh3ttohp','YTA1MDUyZjMwNTc1NDQwNDU2Y2I3OTllMWNmNzkwNzY0ZjA2NDkyZDp7Il9hdXRoX3VzZXJfaGFzaCI6ImI0NGUzOWIzOTdmMjM2NWZiODdiOWYwN2VhYjljNmJiZjY1OTI3MjgiLCJfYXV0aF91c2VyX2JhY2tlbmQiOiJkamFuZ28uY29udHJpYi5hdXRoLmJhY2tlbmRzLk1vZGVsQmFja2VuZCIsIl9hdXRoX3VzZXJfaWQiOiIzNTgifQ==','2016-10-14 19:09:49'),('e4a46q9lp1w2o2xago5bva0mmdivysct','NTUyMGZhNzNkMGExMjMxYjI2MjhjNWJjNDFhZTU3OWQ2NjE1OGI5Mzp7Il9hdXRoX3VzZXJfaGFzaCI6IjFmYTgzM2NkNmFjYzI4Mjg1NmRhNDA2YzZjNjM1NjExOGExMTU0ZDgiLCJfYXV0aF91c2VyX2JhY2tlbmQiOiJkamFuZ28uY29udHJpYi5hdXRoLmJhY2tlbmRzLk1vZGVsQmFja2VuZCIsIl9hdXRoX3VzZXJfaWQiOiIzNDkifQ==','2016-11-19 16:46:13'),('eip8j1c3hx7444n8f4sj7bu6b4lpahmq','NTUyMGZhNzNkMGExMjMxYjI2MjhjNWJjNDFhZTU3OWQ2NjE1OGI5Mzp7Il9hdXRoX3VzZXJfaGFzaCI6IjFmYTgzM2NkNmFjYzI4Mjg1NmRhNDA2YzZjNjM1NjExOGExMTU0ZDgiLCJfYXV0aF91c2VyX2JhY2tlbmQiOiJkamFuZ28uY29udHJpYi5hdXRoLmJhY2tlbmRzLk1vZGVsQmFja2VuZCIsIl9hdXRoX3VzZXJfaWQiOiIzNDkifQ==','2016-11-25 13:37:44'),('ey12pmyxfrarnebxxt9r0vop8yup9pit','ZTMyYTk3NzljMzhkNDUwNWQxMDFjYTQ5ZTRkNTM3YzEyYmU1YWI1ODp7Il9hdXRoX3VzZXJfaGFzaCI6ImMwYzYxMjY0NjBmYjE1YzhiZjdkMzI1NGYwODI0NzU0N2M1YmFmMjgiLCJfYXV0aF91c2VyX2JhY2tlbmQiOiJkamFuZ28uY29udHJpYi5hdXRoLmJhY2tlbmRzLk1vZGVsQmFja2VuZCIsIl9hdXRoX3VzZXJfaWQiOiIzNTcifQ==','2016-12-10 09:09:08'),('ez5bkcm34zy3z8xotagyfs7cwdbkrqkm','NTUyMGZhNzNkMGExMjMxYjI2MjhjNWJjNDFhZTU3OWQ2NjE1OGI5Mzp7Il9hdXRoX3VzZXJfaGFzaCI6IjFmYTgzM2NkNmFjYzI4Mjg1NmRhNDA2YzZjNjM1NjExOGExMTU0ZDgiLCJfYXV0aF91c2VyX2JhY2tlbmQiOiJkamFuZ28uY29udHJpYi5hdXRoLmJhY2tlbmRzLk1vZGVsQmFja2VuZCIsIl9hdXRoX3VzZXJfaWQiOiIzNDkifQ==','2016-11-19 08:54:49'),('fispe3airnl5ph2c9bdus2ytxs5bh2br','ZGFmOWJiNjk0MWJkY2QzMmE2NDVmYTcwMTk0ZWM5MzVlODYxNzcxMTp7InNvY2lhbGFjY291bnRfc3RhdGUiOlt7InByb2Nlc3MiOiJsb2dpbiIsInNjb3BlIjoiIiwiYXV0aF9wYXJhbXMiOiIifSwiWnZCemdFSHMzcW93Il19','2016-11-20 14:59:33'),('fx13mewsmbrhtz1i5398wm01p283h33z','N2E2M2ViMDZkZTRiYzE4OTYwMmE1NjEwY2JiNjUzNDNkYjE4MzU1Njp7InNvY2lhbGFjY291bnRfc3RhdGUiOlt7InByb2Nlc3MiOiJsb2dpbiIsInNjb3BlIjoiIiwiYXV0aF9wYXJhbXMiOiIifSwiRWpGaDNHSFhPeFp5Il19','2016-11-24 02:46:29'),('gdkvnjeq3fn149ax3p47igrf1he5ah0b','ODA3ZGE0NjY4ZWUyMzAxNGEyYzFmMzBiNDhkODY3OTA2MDBmMzE5Mzp7Il9hdXRoX3VzZXJfaGFzaCI6IjBmZmRhMjE3YzRjOGQwZGI5OGU3ZGQ1ZWMxMGZjNjQ0ZWUzYzQwNGMiLCJfYXV0aF91c2VyX2JhY2tlbmQiOiJkamFuZ28uY29udHJpYi5hdXRoLmJhY2tlbmRzLk1vZGVsQmFja2VuZCIsIl9hdXRoX3VzZXJfaWQiOiIzNTUifQ==','2016-11-05 07:59:05'),('gvbgevf1mpjasxg5k7a0i1asm2q8bz2j','ZTMyYTk3NzljMzhkNDUwNWQxMDFjYTQ5ZTRkNTM3YzEyYmU1YWI1ODp7Il9hdXRoX3VzZXJfaGFzaCI6ImMwYzYxMjY0NjBmYjE1YzhiZjdkMzI1NGYwODI0NzU0N2M1YmFmMjgiLCJfYXV0aF91c2VyX2JhY2tlbmQiOiJkamFuZ28uY29udHJpYi5hdXRoLmJhY2tlbmRzLk1vZGVsQmFja2VuZCIsIl9hdXRoX3VzZXJfaWQiOiIzNTcifQ==','2016-11-05 06:46:14'),('gwqukq2bnl1tshzl4bnofp3nh7gucta2','NTUyMGZhNzNkMGExMjMxYjI2MjhjNWJjNDFhZTU3OWQ2NjE1OGI5Mzp7Il9hdXRoX3VzZXJfaGFzaCI6IjFmYTgzM2NkNmFjYzI4Mjg1NmRhNDA2YzZjNjM1NjExOGExMTU0ZDgiLCJfYXV0aF91c2VyX2JhY2tlbmQiOiJkamFuZ28uY29udHJpYi5hdXRoLmJhY2tlbmRzLk1vZGVsQmFja2VuZCIsIl9hdXRoX3VzZXJfaWQiOiIzNDkifQ==','2016-10-09 10:57:06'),('hh6sokapdo11bq1yeluiqk2njcgu4arj','ZDgyNjVmNmJlOGUzZThmOGY2NzEzMGZlNzAzYWMyMTU1Y2ZhYmM0NDp7Il9hdXRoX3VzZXJfaGFzaCI6IjFlMjU5NDhjM2EwMGYzMzRkM2VkNDkzODUzMzg1YWVlN2RhNjEyZTIiLCJfYXV0aF91c2VyX2JhY2tlbmQiOiJkamFuZ28uY29udHJpYi5hdXRoLmJhY2tlbmRzLk1vZGVsQmFja2VuZCIsIl9hdXRoX3VzZXJfaWQiOiIzNTQifQ==','2016-11-05 06:41:11'),('j7syz1dvf5tsjlehaon8btbmd4oq5vdz','NTUyMGZhNzNkMGExMjMxYjI2MjhjNWJjNDFhZTU3OWQ2NjE1OGI5Mzp7Il9hdXRoX3VzZXJfaGFzaCI6IjFmYTgzM2NkNmFjYzI4Mjg1NmRhNDA2YzZjNjM1NjExOGExMTU0ZDgiLCJfYXV0aF91c2VyX2JhY2tlbmQiOiJkamFuZ28uY29udHJpYi5hdXRoLmJhY2tlbmRzLk1vZGVsQmFja2VuZCIsIl9hdXRoX3VzZXJfaWQiOiIzNDkifQ==','2016-11-07 14:28:16'),('jobstxcg981ur9mwp5cmupro7bd51x4c','NGEwMmZlN2FiNWQwYWRhZGU0OGI3MmE5MmUxMDRhYWNiOWEwNmJjNDp7Il9hdXRoX3VzZXJfaGFzaCI6IjIyZWNkNDcwYzFmOGVlYTI1ZTkyNzcwNjA2ZmQ3ZjVlYmJiNDkwNDEiLCJfYXV0aF91c2VyX2JhY2tlbmQiOiJkamFuZ28uY29udHJpYi5hdXRoLmJhY2tlbmRzLk1vZGVsQmFja2VuZCIsIl9hdXRoX3VzZXJfaWQiOiIzNTIifQ==','2016-11-19 13:18:05'),('jyp3vqz2aeb0k19zmkc1u6m4rtrvtirs','NTUyMGZhNzNkMGExMjMxYjI2MjhjNWJjNDFhZTU3OWQ2NjE1OGI5Mzp7Il9hdXRoX3VzZXJfaGFzaCI6IjFmYTgzM2NkNmFjYzI4Mjg1NmRhNDA2YzZjNjM1NjExOGExMTU0ZDgiLCJfYXV0aF91c2VyX2JhY2tlbmQiOiJkamFuZ28uY29udHJpYi5hdXRoLmJhY2tlbmRzLk1vZGVsQmFja2VuZCIsIl9hdXRoX3VzZXJfaWQiOiIzNDkifQ==','2016-10-29 14:38:01'),('jyx86p96t4yq4u1qecb1yudnpcck6moz','ZjAxNGFhZmM5YWVlMmRiYzAwYTdjNGE0ZWE5ZDlkZjdjYmQyMTNhNDp7Il9hdXRoX3VzZXJfaGFzaCI6IjI1NGJmOWYwYTYyNjkyMzNmYzdlODU5MTgyMmRiNTZhZDczNGIyOGEiLCJfYXV0aF91c2VyX2JhY2tlbmQiOiJkamFuZ28uY29udHJpYi5hdXRoLmJhY2tlbmRzLk1vZGVsQmFja2VuZCIsIl9hdXRoX3VzZXJfaWQiOiIzNjcifQ==','2016-12-05 10:22:15'),('kyobxzt4i6ihtolwd2sozvssga7mcyx7','YTA1MDUyZjMwNTc1NDQwNDU2Y2I3OTllMWNmNzkwNzY0ZjA2NDkyZDp7Il9hdXRoX3VzZXJfaGFzaCI6ImI0NGUzOWIzOTdmMjM2NWZiODdiOWYwN2VhYjljNmJiZjY1OTI3MjgiLCJfYXV0aF91c2VyX2JhY2tlbmQiOiJkamFuZ28uY29udHJpYi5hdXRoLmJhY2tlbmRzLk1vZGVsQmFja2VuZCIsIl9hdXRoX3VzZXJfaWQiOiIzNTgifQ==','2016-11-14 12:11:29'),('kzj75v9lu0nhholic479ksve8a7oriin','ZTMyYTk3NzljMzhkNDUwNWQxMDFjYTQ5ZTRkNTM3YzEyYmU1YWI1ODp7Il9hdXRoX3VzZXJfaGFzaCI6ImMwYzYxMjY0NjBmYjE1YzhiZjdkMzI1NGYwODI0NzU0N2M1YmFmMjgiLCJfYXV0aF91c2VyX2JhY2tlbmQiOiJkamFuZ28uY29udHJpYi5hdXRoLmJhY2tlbmRzLk1vZGVsQmFja2VuZCIsIl9hdXRoX3VzZXJfaWQiOiIzNTcifQ==','2016-11-20 07:48:52'),('lqzv8nj63m99v3bk7sonb7oyc35tbci9','ODA3ZGE0NjY4ZWUyMzAxNGEyYzFmMzBiNDhkODY3OTA2MDBmMzE5Mzp7Il9hdXRoX3VzZXJfaGFzaCI6IjBmZmRhMjE3YzRjOGQwZGI5OGU3ZGQ1ZWMxMGZjNjQ0ZWUzYzQwNGMiLCJfYXV0aF91c2VyX2JhY2tlbmQiOiJkamFuZ28uY29udHJpYi5hdXRoLmJhY2tlbmRzLk1vZGVsQmFja2VuZCIsIl9hdXRoX3VzZXJfaWQiOiIzNTUifQ==','2016-11-26 15:42:36'),('m4t6ntq6xngq9vuatxovxrut3xwrfmi4','YWIzMjQxNTk2Y2RiMzlkN2QxZTBlYzZkNTRmZjYxOTFjN2MzYzFmOTp7InNvY2lhbGFjY291bnRfc3RhdGUiOlt7InByb2Nlc3MiOiJsb2dpbiIsInNjb3BlIjoiIiwiYXV0aF9wYXJhbXMiOiIifSwiZktTODE5TDlOa0VUIl19','2016-12-01 08:07:58'),('m61wp09dcgdslqe58dksoum1lhyu9fwc','YmJmNWQyMzM4ZmZmYzMxNjZkNTZiZTliMTllMDZiMmY3ODMxZDEwYjp7InNvY2lhbGFjY291bnRfc3RhdGUiOlt7InByb2Nlc3MiOiJsb2dpbiIsInNjb3BlIjoiIiwiYXV0aF9wYXJhbXMiOiIifSwiM1h3THJtblhVSVRyIl19','2016-12-08 00:27:02'),('n90k6yz25w95ddbsrp230dr08bwcweuq','NDc5OWUxYjFjMzkxMDU3ZmVkMzdlY2JjM2FlZWRiZWIzZGViNjg5Zjp7InNvY2lhbGFjY291bnRfc3RhdGUiOlt7InByb2Nlc3MiOiJsb2dpbiIsInNjb3BlIjoiIiwiYXV0aF9wYXJhbXMiOiIifSwiSTVtbmJNMm5IMDNaIl19','2016-12-03 10:30:13'),('phxz4wo2m7lp08s6h46o79xy7u40xsp5','NTUyMGZhNzNkMGExMjMxYjI2MjhjNWJjNDFhZTU3OWQ2NjE1OGI5Mzp7Il9hdXRoX3VzZXJfaGFzaCI6IjFmYTgzM2NkNmFjYzI4Mjg1NmRhNDA2YzZjNjM1NjExOGExMTU0ZDgiLCJfYXV0aF91c2VyX2JhY2tlbmQiOiJkamFuZ28uY29udHJpYi5hdXRoLmJhY2tlbmRzLk1vZGVsQmFja2VuZCIsIl9hdXRoX3VzZXJfaWQiOiIzNDkifQ==','2016-11-19 18:46:28'),('pp83dis2szlqdgz33ocin15smvaoz9l0','YTA1MDUyZjMwNTc1NDQwNDU2Y2I3OTllMWNmNzkwNzY0ZjA2NDkyZDp7Il9hdXRoX3VzZXJfaGFzaCI6ImI0NGUzOWIzOTdmMjM2NWZiODdiOWYwN2VhYjljNmJiZjY1OTI3MjgiLCJfYXV0aF91c2VyX2JhY2tlbmQiOiJkamFuZ28uY29udHJpYi5hdXRoLmJhY2tlbmRzLk1vZGVsQmFja2VuZCIsIl9hdXRoX3VzZXJfaWQiOiIzNTgifQ==','2016-11-05 09:31:51'),('qur08xs3elz7xz9vl4d3xcnhzdnm5777','NTUyMGZhNzNkMGExMjMxYjI2MjhjNWJjNDFhZTU3OWQ2NjE1OGI5Mzp7Il9hdXRoX3VzZXJfaGFzaCI6IjFmYTgzM2NkNmFjYzI4Mjg1NmRhNDA2YzZjNjM1NjExOGExMTU0ZDgiLCJfYXV0aF91c2VyX2JhY2tlbmQiOiJkamFuZ28uY29udHJpYi5hdXRoLmJhY2tlbmRzLk1vZGVsQmFja2VuZCIsIl9hdXRoX3VzZXJfaWQiOiIzNDkifQ==','2016-11-14 14:47:37'),('rs90wq3v0zhr3q7pat61jzgfi7ivtd3z','NTUyMGZhNzNkMGExMjMxYjI2MjhjNWJjNDFhZTU3OWQ2NjE1OGI5Mzp7Il9hdXRoX3VzZXJfaGFzaCI6IjFmYTgzM2NkNmFjYzI4Mjg1NmRhNDA2YzZjNjM1NjExOGExMTU0ZDgiLCJfYXV0aF91c2VyX2JhY2tlbmQiOiJkamFuZ28uY29udHJpYi5hdXRoLmJhY2tlbmRzLk1vZGVsQmFja2VuZCIsIl9hdXRoX3VzZXJfaWQiOiIzNDkifQ==','2016-09-01 18:20:53'),('rwbx9x742cusgubespfg071fmwxifb16','NTUyMGZhNzNkMGExMjMxYjI2MjhjNWJjNDFhZTU3OWQ2NjE1OGI5Mzp7Il9hdXRoX3VzZXJfaGFzaCI6IjFmYTgzM2NkNmFjYzI4Mjg1NmRhNDA2YzZjNjM1NjExOGExMTU0ZDgiLCJfYXV0aF91c2VyX2JhY2tlbmQiOiJkamFuZ28uY29udHJpYi5hdXRoLmJhY2tlbmRzLk1vZGVsQmFja2VuZCIsIl9hdXRoX3VzZXJfaWQiOiIzNDkifQ==','2016-11-16 07:40:15'),('rx3y2ugm52zzr1vuhthxosagjceaxi9x','NTUyMGZhNzNkMGExMjMxYjI2MjhjNWJjNDFhZTU3OWQ2NjE1OGI5Mzp7Il9hdXRoX3VzZXJfaGFzaCI6IjFmYTgzM2NkNmFjYzI4Mjg1NmRhNDA2YzZjNjM1NjExOGExMTU0ZDgiLCJfYXV0aF91c2VyX2JhY2tlbmQiOiJkamFuZ28uY29udHJpYi5hdXRoLmJhY2tlbmRzLk1vZGVsQmFja2VuZCIsIl9hdXRoX3VzZXJfaWQiOiIzNDkifQ==','2016-12-07 16:45:05'),('s0k5o13esrkku9s7ex83l3rajocrscux','NTJlYWViNDJkNzVkYzM3ZmY5NDA0OTA3NjI2NWJkM2JhM2I4ODA5NTp7Il9hdXRoX3VzZXJfaGFzaCI6Ijc1ZGVlMmMyZGU5MGFlNWVjNWMwZmM5ZGRlOGMyZDIwNWM5ODliZGYiLCJfYXV0aF91c2VyX2JhY2tlbmQiOiJkamFuZ28uY29udHJpYi5hdXRoLmJhY2tlbmRzLk1vZGVsQmFja2VuZCIsIl9hdXRoX3VzZXJfaWQiOiIzNTYifQ==','2016-11-05 12:21:08'),('sc2gwihquq4auk328sagvm3avkkeo1wz','NGEwMmZlN2FiNWQwYWRhZGU0OGI3MmE5MmUxMDRhYWNiOWEwNmJjNDp7Il9hdXRoX3VzZXJfaGFzaCI6IjIyZWNkNDcwYzFmOGVlYTI1ZTkyNzcwNjA2ZmQ3ZjVlYmJiNDkwNDEiLCJfYXV0aF91c2VyX2JhY2tlbmQiOiJkamFuZ28uY29udHJpYi5hdXRoLmJhY2tlbmRzLk1vZGVsQmFja2VuZCIsIl9hdXRoX3VzZXJfaWQiOiIzNTIifQ==','2016-11-14 10:03:18'),('sp4o64ffhpqlq0fq6uzx1rk4bkkt5rik','M2E0OTU4MWNhZGU5ZWFiMGFlYmI3ZTBjOWM4MDk0NjZhYTkzNzM0Nzp7InNvY2lhbGFjY291bnRfc3RhdGUiOlt7InByb2Nlc3MiOiJsb2dpbiIsInNjb3BlIjoiIiwiYXV0aF9wYXJhbXMiOiIifSwibEFLZTRIam5UUG5PIl19','2016-12-01 08:07:58'),('t2d72ng0r1i0jd7ai93pduo6gsegyeu0','ODA3ZGE0NjY4ZWUyMzAxNGEyYzFmMzBiNDhkODY3OTA2MDBmMzE5Mzp7Il9hdXRoX3VzZXJfaGFzaCI6IjBmZmRhMjE3YzRjOGQwZGI5OGU3ZGQ1ZWMxMGZjNjQ0ZWUzYzQwNGMiLCJfYXV0aF91c2VyX2JhY2tlbmQiOiJkamFuZ28uY29udHJpYi5hdXRoLmJhY2tlbmRzLk1vZGVsQmFja2VuZCIsIl9hdXRoX3VzZXJfaWQiOiIzNTUifQ==','2016-11-27 09:16:18'),('tmab6a9bywq39puvymx8xvfin591keg9','NTUyMGZhNzNkMGExMjMxYjI2MjhjNWJjNDFhZTU3OWQ2NjE1OGI5Mzp7Il9hdXRoX3VzZXJfaGFzaCI6IjFmYTgzM2NkNmFjYzI4Mjg1NmRhNDA2YzZjNjM1NjExOGExMTU0ZDgiLCJfYXV0aF91c2VyX2JhY2tlbmQiOiJkamFuZ28uY29udHJpYi5hdXRoLmJhY2tlbmRzLk1vZGVsQmFja2VuZCIsIl9hdXRoX3VzZXJfaWQiOiIzNDkifQ==','2016-10-05 12:27:26'),('tneqnechowsta47zjlvqs6h1vpr4dgui','YzM4NDI1ZjdmODA3OWYxNTExNjhjZGM4MWI2MGZiOGNkNmI1MTY5Njp7Il9hdXRoX3VzZXJfaGFzaCI6IjhiYzY2YTBlM2I2ZTcyMjIzYWNkZDI5ZTRmMTc3YTM3YWQ3NDM3NDciLCJfYXV0aF91c2VyX2JhY2tlbmQiOiJkamFuZ28uY29udHJpYi5hdXRoLmJhY2tlbmRzLk1vZGVsQmFja2VuZCIsIl9hdXRoX3VzZXJfaWQiOiIzNjMifQ==','2016-12-03 10:44:17'),('u0bll5m7k2kbp1d2169vj93a6fn8uqxj','ZDgyNjVmNmJlOGUzZThmOGY2NzEzMGZlNzAzYWMyMTU1Y2ZhYmM0NDp7Il9hdXRoX3VzZXJfaGFzaCI6IjFlMjU5NDhjM2EwMGYzMzRkM2VkNDkzODUzMzg1YWVlN2RhNjEyZTIiLCJfYXV0aF91c2VyX2JhY2tlbmQiOiJkamFuZ28uY29udHJpYi5hdXRoLmJhY2tlbmRzLk1vZGVsQmFja2VuZCIsIl9hdXRoX3VzZXJfaWQiOiIzNTQifQ==','2016-11-20 15:10:31'),('u5134hb63odl76bjw1uk1syurs7jdaf5','YTA1MDUyZjMwNTc1NDQwNDU2Y2I3OTllMWNmNzkwNzY0ZjA2NDkyZDp7Il9hdXRoX3VzZXJfaGFzaCI6ImI0NGUzOWIzOTdmMjM2NWZiODdiOWYwN2VhYjljNmJiZjY1OTI3MjgiLCJfYXV0aF91c2VyX2JhY2tlbmQiOiJkamFuZ28uY29udHJpYi5hdXRoLmJhY2tlbmRzLk1vZGVsQmFja2VuZCIsIl9hdXRoX3VzZXJfaWQiOiIzNTgifQ==','2016-12-01 11:55:07'),('v4iirwp41ldmtplzp8a4td6auj1094h7','NTJlYWViNDJkNzVkYzM3ZmY5NDA0OTA3NjI2NWJkM2JhM2I4ODA5NTp7Il9hdXRoX3VzZXJfaGFzaCI6Ijc1ZGVlMmMyZGU5MGFlNWVjNWMwZmM5ZGRlOGMyZDIwNWM5ODliZGYiLCJfYXV0aF91c2VyX2JhY2tlbmQiOiJkamFuZ28uY29udHJpYi5hdXRoLmJhY2tlbmRzLk1vZGVsQmFja2VuZCIsIl9hdXRoX3VzZXJfaWQiOiIzNTYifQ==','2016-11-19 16:09:50'),('vkba635wsh0tn2cesqg6a6242h1muhow','ZDgyNjVmNmJlOGUzZThmOGY2NzEzMGZlNzAzYWMyMTU1Y2ZhYmM0NDp7Il9hdXRoX3VzZXJfaGFzaCI6IjFlMjU5NDhjM2EwMGYzMzRkM2VkNDkzODUzMzg1YWVlN2RhNjEyZTIiLCJfYXV0aF91c2VyX2JhY2tlbmQiOiJkamFuZ28uY29udHJpYi5hdXRoLmJhY2tlbmRzLk1vZGVsQmFja2VuZCIsIl9hdXRoX3VzZXJfaWQiOiIzNTQifQ==','2016-11-15 10:41:27'),('voaxt22v7b7gxaq9jkx2sun8ieo9xye2','ZTUyZDYzNGJmYjY1NjRhNTMzOTA2MDk3YmJkYjY0OTE0NDk4MTkwZjp7Il9hdXRoX3VzZXJfaGFzaCI6IjY4OWRmNTkwOTY4NjhhMWE5NzI5YjViMGM2NDJjMWY4ODViZWM1MGMiLCJfYXV0aF91c2VyX2JhY2tlbmQiOiJkamFuZ28uY29udHJpYi5hdXRoLmJhY2tlbmRzLk1vZGVsQmFja2VuZCIsIl9hdXRoX3VzZXJfaWQiOiIzNzEifQ==','2016-12-09 08:25:03'),('wh3g7fxl5vbzykl9sw3qxu0jo4m1ktdb','ZWY0OWE2ODBhY2Q2NGYyYjBhZDhkMDRlYmYyZGJhNDdkY2Y2MzE4NTp7InNvY2lhbGFjY291bnRfc3RhdGUiOlt7InByb2Nlc3MiOiJsb2dpbiIsInNjb3BlIjoiIiwiYXV0aF9wYXJhbXMiOiIifSwiNFd6b2lzYjZhWlhQIl19','2016-11-24 02:48:09'),('wtdlbuh5gfv7blbp7io6sn7eyswbxben','NTUyMGZhNzNkMGExMjMxYjI2MjhjNWJjNDFhZTU3OWQ2NjE1OGI5Mzp7Il9hdXRoX3VzZXJfaGFzaCI6IjFmYTgzM2NkNmFjYzI4Mjg1NmRhNDA2YzZjNjM1NjExOGExMTU0ZDgiLCJfYXV0aF91c2VyX2JhY2tlbmQiOiJkamFuZ28uY29udHJpYi5hdXRoLmJhY2tlbmRzLk1vZGVsQmFja2VuZCIsIl9hdXRoX3VzZXJfaWQiOiIzNDkifQ==','2016-09-29 19:25:15'),('x5c4yt7fsoy3n5pd0yyh9m1cvgsrmb0l','NTVkNjc3YmNhYjczYzJlMjg1ZWY4MmU5YzU1ZTA3MWQ2ZWNhNWJiYTp7Il9hdXRoX3VzZXJfaGFzaCI6IjJlZTEzM2RjM2Y1NTc3Njc1MmViMDU1OGYzMGY2ZGZjMDI0MWRjZTciLCJfYXV0aF91c2VyX2JhY2tlbmQiOiJkamFuZ28uY29udHJpYi5hdXRoLmJhY2tlbmRzLk1vZGVsQmFja2VuZCIsIl9hdXRoX3VzZXJfaWQiOiIzNTkifQ==','2016-11-05 10:25:23'),('xqv3i3kqh10h1cwgoo163k6ewg3rrq2g','NTJlYWViNDJkNzVkYzM3ZmY5NDA0OTA3NjI2NWJkM2JhM2I4ODA5NTp7Il9hdXRoX3VzZXJfaGFzaCI6Ijc1ZGVlMmMyZGU5MGFlNWVjNWMwZmM5ZGRlOGMyZDIwNWM5ODliZGYiLCJfYXV0aF91c2VyX2JhY2tlbmQiOiJkamFuZ28uY29udHJpYi5hdXRoLmJhY2tlbmRzLk1vZGVsQmFja2VuZCIsIl9hdXRoX3VzZXJfaWQiOiIzNTYifQ==','2016-12-03 18:10:14'),('xuz8o48zapls4xvslwtuwcwv476q1jzl','YTA1MDUyZjMwNTc1NDQwNDU2Y2I3OTllMWNmNzkwNzY0ZjA2NDkyZDp7Il9hdXRoX3VzZXJfaGFzaCI6ImI0NGUzOWIzOTdmMjM2NWZiODdiOWYwN2VhYjljNmJiZjY1OTI3MjgiLCJfYXV0aF91c2VyX2JhY2tlbmQiOiJkamFuZ28uY29udHJpYi5hdXRoLmJhY2tlbmRzLk1vZGVsQmFja2VuZCIsIl9hdXRoX3VzZXJfaWQiOiIzNTgifQ==','2016-11-28 12:16:28'),('yj1l63n0x89qpgenvxpjs3ks5zk5qk19','NTUyMGZhNzNkMGExMjMxYjI2MjhjNWJjNDFhZTU3OWQ2NjE1OGI5Mzp7Il9hdXRoX3VzZXJfaGFzaCI6IjFmYTgzM2NkNmFjYzI4Mjg1NmRhNDA2YzZjNjM1NjExOGExMTU0ZDgiLCJfYXV0aF91c2VyX2JhY2tlbmQiOiJkamFuZ28uY29udHJpYi5hdXRoLmJhY2tlbmRzLk1vZGVsQmFja2VuZCIsIl9hdXRoX3VzZXJfaWQiOiIzNDkifQ==','2016-11-30 16:48:06'),('yjheg8nua11vjfk88x2ck20b3e4a3jhj','NTUyMGZhNzNkMGExMjMxYjI2MjhjNWJjNDFhZTU3OWQ2NjE1OGI5Mzp7Il9hdXRoX3VzZXJfaGFzaCI6IjFmYTgzM2NkNmFjYzI4Mjg1NmRhNDA2YzZjNjM1NjExOGExMTU0ZDgiLCJfYXV0aF91c2VyX2JhY2tlbmQiOiJkamFuZ28uY29udHJpYi5hdXRoLmJhY2tlbmRzLk1vZGVsQmFja2VuZCIsIl9hdXRoX3VzZXJfaWQiOiIzNDkifQ==','2016-11-09 12:27:05'),('yld0lrxxumexu6yhxm84zn87le7qk4wx','NTUyMGZhNzNkMGExMjMxYjI2MjhjNWJjNDFhZTU3OWQ2NjE1OGI5Mzp7Il9hdXRoX3VzZXJfaGFzaCI6IjFmYTgzM2NkNmFjYzI4Mjg1NmRhNDA2YzZjNjM1NjExOGExMTU0ZDgiLCJfYXV0aF91c2VyX2JhY2tlbmQiOiJkamFuZ28uY29udHJpYi5hdXRoLmJhY2tlbmRzLk1vZGVsQmFja2VuZCIsIl9hdXRoX3VzZXJfaWQiOiIzNDkifQ==','2016-09-09 21:29:49'),('yozag41ebwexth8k1i9sj4bmzbq2wcps','NTUyMGZhNzNkMGExMjMxYjI2MjhjNWJjNDFhZTU3OWQ2NjE1OGI5Mzp7Il9hdXRoX3VzZXJfaGFzaCI6IjFmYTgzM2NkNmFjYzI4Mjg1NmRhNDA2YzZjNjM1NjExOGExMTU0ZDgiLCJfYXV0aF91c2VyX2JhY2tlbmQiOiJkamFuZ28uY29udHJpYi5hdXRoLmJhY2tlbmRzLk1vZGVsQmFja2VuZCIsIl9hdXRoX3VzZXJfaWQiOiIzNDkifQ==','2016-11-13 09:02:21'),('yvw1zgqlr4sxcq6fv5zawwb334jewh77','MmY4ZGNiZWJhODVjNGU4N2VlMjc2NDYyYWFiMjJlMmVhMzUxMzg4MDp7Il9hdXRoX3VzZXJfaGFzaCI6IjFmYTgzM2NkNmFjYzI4Mjg1NmRhNDA2YzZjNjM1NjExOGExMTU0ZDgiLCJfYXV0aF91c2VyX2JhY2tlbmQiOiJkamFuZ28uY29udHJpYi5hdXRoLmJhY2tlbmRzLk1vZGVsQmFja2VuZCIsIl9hdXRoX3VzZXJfaWQiOiIzNDkiLCJzb2NpYWxhY2NvdW50X3N0YXRlIjpbeyJwcm9jZXNzIjoibG9naW4iLCJzY29wZSI6IiIsImF1dGhfcGFyYW1zIjoiIn0sIjJydnJRWTJJOUh2YSJdfQ==','2016-11-20 14:55:01'),('yyhhzws1zmq8lnftuod9z2q8lvudpp1x','NTVkNjc3YmNhYjczYzJlMjg1ZWY4MmU5YzU1ZTA3MWQ2ZWNhNWJiYTp7Il9hdXRoX3VzZXJfaGFzaCI6IjJlZTEzM2RjM2Y1NTc3Njc1MmViMDU1OGYzMGY2ZGZjMDI0MWRjZTciLCJfYXV0aF91c2VyX2JhY2tlbmQiOiJkamFuZ28uY29udHJpYi5hdXRoLmJhY2tlbmRzLk1vZGVsQmFja2VuZCIsIl9hdXRoX3VzZXJfaWQiOiIzNTkifQ==','2016-11-16 16:00:13'),('zencg6b21mc37dyd0xn1zqz68cz8nw3e','NTg3ZDg5YWZkZTVhMDgyMTVlYjFmMjk0OWU4OGQ3YjQ5NjY2ZWJmMjp7InNvY2lhbGFjY291bnRfc3RhdGUiOlt7InByb2Nlc3MiOiJsb2dpbiIsInNjb3BlIjoiIiwiYXV0aF9wYXJhbXMiOiIifSwick9jTjdaOFFIYjdHIl19','2016-11-21 01:20:29'),('zmdvmf259kqeo5hw8yg803iwrncfa4yt','ZDgyNjVmNmJlOGUzZThmOGY2NzEzMGZlNzAzYWMyMTU1Y2ZhYmM0NDp7Il9hdXRoX3VzZXJfaGFzaCI6IjFlMjU5NDhjM2EwMGYzMzRkM2VkNDkzODUzMzg1YWVlN2RhNjEyZTIiLCJfYXV0aF91c2VyX2JhY2tlbmQiOiJkamFuZ28uY29udHJpYi5hdXRoLmJhY2tlbmRzLk1vZGVsQmFja2VuZCIsIl9hdXRoX3VzZXJfaWQiOiIzNTQifQ==','2016-12-07 16:46:40'),('zsd3aefuga7cayuvb3ufeuo5nkywok8p','NTUyMGZhNzNkMGExMjMxYjI2MjhjNWJjNDFhZTU3OWQ2NjE1OGI5Mzp7Il9hdXRoX3VzZXJfaGFzaCI6IjFmYTgzM2NkNmFjYzI4Mjg1NmRhNDA2YzZjNjM1NjExOGExMTU0ZDgiLCJfYXV0aF91c2VyX2JhY2tlbmQiOiJkamFuZ28uY29udHJpYi5hdXRoLmJhY2tlbmRzLk1vZGVsQmFja2VuZCIsIl9hdXRoX3VzZXJfaWQiOiIzNDkifQ==','2016-11-30 20:16:59');
/*!40000 ALTER TABLE `django_session` ENABLE KEYS */;
UNLOCK TABLES;

--
-- Table structure for table `django_site`
--

DROP TABLE IF EXISTS `django_site`;
/*!40101 SET @saved_cs_client     = @@character_set_client */;
/*!40101 SET character_set_client = utf8 */;
CREATE TABLE `django_site` (
  `id` int(11) NOT NULL AUTO_INCREMENT,
  `domain` varchar(100) NOT NULL,
  `name` varchar(50) NOT NULL,
  PRIMARY KEY (`id`),
  UNIQUE KEY `django_site_domain_a2e37b91_uniq` (`domain`)
) ENGINE=InnoDB AUTO_INCREMENT=5 DEFAULT CHARSET=latin1;
/*!40101 SET character_set_client = @saved_cs_client */;

--
-- Dumping data for table `django_site`
--

LOCK TABLES `django_site` WRITE;
/*!40000 ALTER TABLE `django_site` DISABLE KEYS */;
INSERT INTO `django_site` VALUES (4,'str8red.com','str8RED');
/*!40000 ALTER TABLE `django_site` ENABLE KEYS */;
UNLOCK TABLES;

--
-- Table structure for table `meta_charitablegrant`
--

DROP TABLE IF EXISTS `meta_charitablegrant`;
/*!40101 SET @saved_cs_client     = @@character_set_client */;
/*!40101 SET character_set_client = utf8 */;
CREATE TABLE `meta_charitablegrant` (
  `id` int(11) NOT NULL AUTO_INCREMENT,
  `date` date NOT NULL,
  `recipient` varchar(50) NOT NULL,
  `recipient_website` varchar(200) DEFAULT NULL,
  `recipient_logo` varchar(100) DEFAULT NULL,
  `amount` decimal(10,2) NOT NULL,
  `notes` longtext NOT NULL,
  `photo` varchar(100) DEFAULT NULL,
  PRIMARY KEY (`id`)
) ENGINE=InnoDB AUTO_INCREMENT=2 DEFAULT CHARSET=utf8;
/*!40101 SET character_set_client = @saved_cs_client */;

--
-- Dumping data for table `meta_charitablegrant`
--

LOCK TABLES `meta_charitablegrant` WRITE;
/*!40000 ALTER TABLE `meta_charitablegrant` DISABLE KEYS */;
INSERT INTO `meta_charitablegrant` VALUES (1,'2016-08-16','aaa','http://aaaa.com','',0.49,'<p>aaaa</p>','');
/*!40000 ALTER TABLE `meta_charitablegrant` ENABLE KEYS */;
UNLOCK TABLES;

--
-- Table structure for table `meta_charity`
--

DROP TABLE IF EXISTS `meta_charity`;
/*!40101 SET @saved_cs_client     = @@character_set_client */;
/*!40101 SET character_set_client = utf8 */;
CREATE TABLE `meta_charity` (
  `id` int(11) NOT NULL AUTO_INCREMENT,
  `name` varchar(50) NOT NULL,
  `website` varchar(200) NOT NULL,
  `enabled` tinyint(1) NOT NULL DEFAULT '0',
  PRIMARY KEY (`id`),
  UNIQUE KEY `name` (`name`)
) ENGINE=InnoDB AUTO_INCREMENT=23 DEFAULT CHARSET=utf8;
/*!40101 SET character_set_client = @saved_cs_client */;

--
-- Dumping data for table `meta_charity`
--

LOCK TABLES `meta_charity` WRITE;
/*!40000 ALTER TABLE `meta_charity` DISABLE KEYS */;
INSERT INTO `meta_charity` VALUES (1,'Pilgrims Hospices','http://pilgrimshospices.org/',1),(2,'British Heart Foundation','http://www.bhf.org.uk/',0),(3,'Cancer Research UK','http://www.cancerresearchuk.org/',0),(4,'CLIC Sargent','http://www.clicsargent.org.uk/',0),(5,'Comic Relief','http://www.comicrelief.com/',0),(6,'Cystic Fibrosis Trust','https://www.cysticfibrosis.org.uk/',0),(7,'Demelza','http://demelza.org.uk/',1),(8,'Great Ormond Street','http://www.gosh.org/',0),(9,'Headway East Kent','http://www.headwayeastkent.org.uk/',0),(10,'KSS Air Ambulance','http://www.kssairambulance.org.uk/',1),(11,'Macmillan Cancer Support','http://www.macmillan.org.uk/',0),(12,'The National Autistic Society','http://www.autism.org.uk/',0),(13,'NSPCC','http://www.nspcc.org.uk/',1),(14,'RSPCA','http://www.rspca.org.uk/',0),(15,'Prostate Cancer UK','http://www.prostatecanceruk.org/',0),(16,'Help for Heroes','http://www.helpforheroes.org.uk/',0),(17,'Porchlight','http://www.porchlight.org.uk/',0),(18,'DWAD Grant Fund','https://dwad.org/grants/',1),(19,'Bobby Moore Fund','http://bobbymoorefund.cancerresearchuk.org/',1),(20,'FoodCycle','http://foodcycle.org.uk/',1),(21,'SeeAbility','https://www.seeability.org/',1),(22,'Test','http://test.com',1);
/*!40000 ALTER TABLE `meta_charity` ENABLE KEYS */;
UNLOCK TABLES;

--
-- Table structure for table `meta_event`
--

DROP TABLE IF EXISTS `meta_event`;
/*!40101 SET @saved_cs_client     = @@character_set_client */;
/*!40101 SET character_set_client = utf8 */;
CREATE TABLE `meta_event` (
  `id` int(11) NOT NULL AUTO_INCREMENT,
  `date` datetime DEFAULT NULL,
  `name` varchar(50) NOT NULL,
  `link_url` varchar(200) DEFAULT NULL,
  `venue` varchar(50) NOT NULL,
  `details` varchar(80) DEFAULT NULL,
  `end_time` time DEFAULT NULL,
  PRIMARY KEY (`id`)
) ENGINE=InnoDB AUTO_INCREMENT=2 DEFAULT CHARSET=utf8;
/*!40101 SET character_set_client = @saved_cs_client */;

--
-- Dumping data for table `meta_event`
--

LOCK TABLES `meta_event` WRITE;
/*!40000 ALTER TABLE `meta_event` DISABLE KEYS */;
INSERT INTO `meta_event` VALUES (1,'2016-08-16 22:53:00','aaa','','aaa','aaaa','22:53:02');
/*!40000 ALTER TABLE `meta_event` ENABLE KEYS */;
UNLOCK TABLES;

--
-- Table structure for table `meta_newsarticle`
--

DROP TABLE IF EXISTS `meta_newsarticle`;
/*!40101 SET @saved_cs_client     = @@character_set_client */;
/*!40101 SET character_set_client = utf8 */;
CREATE TABLE `meta_newsarticle` (
  `id` int(11) NOT NULL AUTO_INCREMENT,
  `date` datetime NOT NULL,
  `headline` varchar(100) DEFAULT NULL,
  `text` longtext NOT NULL,
  `button_text` varchar(30) DEFAULT NULL,
  `button_url` varchar(200) DEFAULT NULL,
  `image` varchar(100) NOT NULL,
  `caption` varchar(150) NOT NULL,
  `featured` tinyint(1) NOT NULL,
  PRIMARY KEY (`id`)
) ENGINE=InnoDB AUTO_INCREMENT=5 DEFAULT CHARSET=utf8;
/*!40101 SET character_set_client = @saved_cs_client */;

--
-- Dumping data for table `meta_newsarticle`
--

LOCK TABLES `meta_newsarticle` WRITE;
/*!40000 ALTER TABLE `meta_newsarticle` DISABLE KEYS */;
INSERT INTO `meta_newsarticle` VALUES (1,'2016-09-23 09:00:00','str8RED Kickoff:','<p>Five players sign up to trial the offline version of str8RED.com site.&nbsp; The first set of selections show Everton to be the most popular choice with three out of five selecting them.</p>','','','news/soccer-start.jpg','The offline version of str8RED kicks off.',0),(2,'2016-09-25 07:52:30','Everton Heartbreak:','<p>Three out of five people are shown a str8RED in the first week as 2nd in the league Everton slip up.</p>','','','news/everton-fans-crying.jpg','Three out of five people are shown a str8RED in the first week as 2nd in the league Everton slip up.',0);
/*!40000 ALTER TABLE `meta_newsarticle` ENABLE KEYS */;
UNLOCK TABLES;

--
-- Table structure for table `meta_supporter`
--

DROP TABLE IF EXISTS `meta_supporter`;
/*!40101 SET @saved_cs_client     = @@character_set_client */;
/*!40101 SET character_set_client = utf8 */;
CREATE TABLE `meta_supporter` (
  `id` int(11) NOT NULL AUTO_INCREMENT,
  `date` date NOT NULL,
  `name` varchar(50) NOT NULL,
  `website` varchar(200) DEFAULT NULL,
  `image` varchar(100) DEFAULT NULL,
  PRIMARY KEY (`id`)
) ENGINE=InnoDB DEFAULT CHARSET=utf8;
/*!40101 SET character_set_client = @saved_cs_client */;

--
-- Dumping data for table `meta_supporter`
--

LOCK TABLES `meta_supporter` WRITE;
/*!40000 ALTER TABLE `meta_supporter` DISABLE KEYS */;
/*!40000 ALTER TABLE `meta_supporter` ENABLE KEYS */;
UNLOCK TABLES;

--
-- Table structure for table `meta_teammember`
--

DROP TABLE IF EXISTS `meta_teammember`;
/*!40101 SET @saved_cs_client     = @@character_set_client */;
/*!40101 SET character_set_client = utf8 */;
CREATE TABLE `meta_teammember` (
  `id` int(11) NOT NULL AUTO_INCREMENT,
  `name` varchar(50) NOT NULL,
  `postnominal` varchar(30) DEFAULT NULL,
  `role` varchar(30) NOT NULL,
  `trustee` tinyint(1) NOT NULL,
  `biography` longtext NOT NULL,
  `twitter` varchar(15) DEFAULT NULL,
  `mugshot` varchar(100) NOT NULL,
  `linkedin` varchar(200) DEFAULT NULL,
  PRIMARY KEY (`id`)
) ENGINE=InnoDB DEFAULT CHARSET=utf8;
/*!40101 SET character_set_client = @saved_cs_client */;

--
-- Dumping data for table `meta_teammember`
--

LOCK TABLES `meta_teammember` WRITE;
/*!40000 ALTER TABLE `meta_teammember` DISABLE KEYS */;
/*!40000 ALTER TABLE `meta_teammember` ENABLE KEYS */;
UNLOCK TABLES;

--
-- Temporary view structure for view `plain_result`
--

DROP TABLE IF EXISTS `plain_result`;
/*!50001 DROP VIEW IF EXISTS `plain_result`*/;
SET @saved_cs_client     = @@character_set_client;
SET character_set_client = utf8;
/*!50001 CREATE VIEW `plain_result` AS SELECT 
 1 AS `fixtureid`,
 1 AS `fixturedate`,
 1 AS `team`,
 1 AS `opponent`,
 1 AS `result`,
 1 AS `mstatus`,
 1 AS `team_score`,
 1 AS `opponent_score`*/;
SET character_set_client = @saved_cs_client;

--
-- Table structure for table `plain_result_table`
--

DROP TABLE IF EXISTS `plain_result_table`;
/*!40101 SET @saved_cs_client     = @@character_set_client */;
/*!40101 SET character_set_client = utf8 */;
CREATE TABLE `plain_result_table` (
  `fixtureid` int(11) NOT NULL DEFAULT '0',
  `fixturedate` datetime(6) DEFAULT NULL,
  `team` varchar(36) CHARACTER SET latin1 NOT NULL DEFAULT '',
  `opponent` varchar(36) CHARACTER SET latin1 NOT NULL DEFAULT '',
  `result` varchar(1) DEFAULT NULL,
  `mstatus` varchar(1) NOT NULL DEFAULT '',
  `team_score` int(11) DEFAULT NULL,
  `opponent_score` int(11) DEFAULT NULL
) ENGINE=InnoDB DEFAULT CHARSET=utf8;
/*!40101 SET character_set_client = @saved_cs_client */;

--
-- Dumping data for table `plain_result_table`
--

LOCK TABLES `plain_result_table` WRITE;
/*!40000 ALTER TABLE `plain_result_table` DISABLE KEYS */;
INSERT INTO `plain_result_table` VALUES (364322,'2016-10-02 15:30:00.000000','Arsenal','Burnley','W','A',1,0),(364310,'2016-09-24 16:30:00.000000','Arsenal','Chelsea','W','H',3,0),(364295,'2016-09-17 14:00:00.000000','Arsenal','Hull','W','A',4,1),(364288,'2016-09-10 14:00:00.000000','Arsenal','Southampton','W','H',2,1),(364277,'2016-08-27 14:00:00.000000','Arsenal','Watford','W','A',3,1),(364270,'2016-08-20 16:30:00.000000','Arsenal','Leicester','D','A',0,0),(364261,'2016-08-14 15:00:00.000000','Arsenal','Liverpool','L','H',3,4),(364315,'2016-10-01 14:00:00.000000','Bournemouth','Watford','D','A',2,2),(364307,'2016-09-24 14:00:00.000000','Bournemouth','Everton','W','H',1,0),(364297,'2016-09-17 14:00:00.000000','Bournemouth','Man City','L','A',0,4),(364286,'2016-09-10 14:00:00.000000','Bournemouth','West Brom','W','H',1,0),(364276,'2016-08-27 14:00:00.000000','Bournemouth','Crystal Palace','D','A',1,1),(364272,'2016-08-21 15:00:00.000000','Bournemouth','West Ham','L','A',0,1),(364260,'2016-08-14 12:30:00.000000','Bournemouth','Man United','L','H',1,3),(364322,'2016-10-02 15:30:00.000000','Burnley','Arsenal','L','H',0,1),(364312,'2016-09-26 19:00:00.000000','Burnley','Watford','W','H',2,0),(364296,'2016-09-17 14:00:00.000000','Burnley','Leicester','L','A',0,3),(364287,'2016-09-10 14:00:00.000000','Burnley','Hull','D','H',1,1),(364275,'2016-08-27 14:00:00.000000','Burnley','Chelsea','L','A',0,3),(364266,'2016-08-20 14:00:00.000000','Burnley','Liverpool','W','H',2,0),(364257,'2016-08-13 14:00:00.000000','Burnley','Swansea','L','H',0,1),(364331,'2016-10-15 11:30:00.000000','Chelsea','Leicester','W','H',3,0),(364316,'2016-10-01 14:00:00.000000','Chelsea','Hull','W','A',2,0),(364310,'2016-09-24 16:30:00.000000','Chelsea','Arsenal','L','A',0,3),(364293,'2016-09-16 19:00:00.000000','Chelsea','Liverpool','L','H',1,2),(364291,'2016-09-11 15:00:00.000000','Chelsea','Swansea','D','A',2,2),(364275,'2016-08-27 14:00:00.000000','Chelsea','Burnley','W','H',3,0),(364268,'2016-08-20 14:00:00.000000','Chelsea','Watford','W','A',2,1),(364262,'2016-08-15 19:00:00.000000','Chelsea','West Ham','W','H',2,1),(364314,'2016-09-30 19:00:00.000000','Crystal Palace','Everton','D','A',1,1),(364306,'2016-09-24 14:00:00.000000','Crystal Palace','Sunderland','W','A',3,2),(364300,'2016-09-18 13:15:00.000000','Crystal Palace','Stoke','W','H',4,1),(364284,'2016-09-10 14:00:00.000000','Crystal Palace','Middlesbrough','W','A',2,1),(364276,'2016-08-27 14:00:00.000000','Crystal Palace','Bournemouth','D','H',1,1),(364267,'2016-08-20 14:00:00.000000','Crystal Palace','Tottenham','L','A',0,1),(364254,'2016-08-13 14:00:00.000000','Crystal Palace','West Brom','L','H',0,1),(364314,'2016-09-30 19:00:00.000000','Everton','Crystal Palace','D','H',1,1),(364307,'2016-09-24 14:00:00.000000','Everton','Bournemouth','L','A',0,1),(364298,'2016-09-17 16:30:00.000000','Everton','Middlesbrough','W','H',3,1),(364292,'2016-09-12 19:00:00.000000','Everton','Sunderland','W','A',3,0),(364278,'2016-08-27 14:00:00.000000','Everton','Stoke','W','H',1,0),(364269,'2016-08-20 14:00:00.000000','Everton','West Brom','W','A',2,1),(364255,'2016-08-13 14:00:00.000000','Everton','Tottenham','D','H',1,1),(364316,'2016-10-01 14:00:00.000000','Hull','Chelsea','L','H',0,2),(364309,'2016-09-24 14:00:00.000000','Hull','Liverpool','L','A',1,5),(364295,'2016-09-17 14:00:00.000000','Hull','Arsenal','L','H',1,4),(364287,'2016-09-10 14:00:00.000000','Hull','Burnley','D','A',1,1),(364280,'2016-08-27 16:30:00.000000','Hull','Man United','L','H',0,1),(364265,'2016-08-20 14:00:00.000000','Hull','Swansea','W','A',2,0),(364253,'2016-08-13 11:30:00.000000','Hull','Leicester','W','H',2,1),(364331,'2016-10-15 11:30:00.000000','Leicester','Chelsea','L','A',0,3),(364318,'2016-10-02 13:15:00.000000','Leicester','Southampton','D','H',0,0),(364303,'2016-09-24 11:30:00.000000','Leicester','Man United','L','A',1,4),(364296,'2016-09-17 14:00:00.000000','Leicester','Burnley','W','H',3,0),(364290,'2016-09-10 16:30:00.000000','Leicester','Liverpool','L','A',1,4),(364279,'2016-08-27 14:00:00.000000','Leicester','Swansea','W','H',2,1),(364270,'2016-08-20 16:30:00.000000','Leicester','Arsenal','D','H',0,0),(364253,'2016-08-13 11:30:00.000000','Leicester','Hull','L','A',1,2),(364321,'2016-10-01 11:30:00.000000','Liverpool','Swansea','W','A',2,1),(364309,'2016-09-24 14:00:00.000000','Liverpool','Hull','W','H',5,1),(364293,'2016-09-16 19:00:00.000000','Liverpool','Chelsea','W','A',2,1),(364290,'2016-09-10 16:30:00.000000','Liverpool','Leicester','W','H',4,1),(364273,'2016-08-27 11:30:00.000000','Liverpool','Tottenham','D','A',1,1),(364266,'2016-08-20 14:00:00.000000','Liverpool','Burnley','L','A',0,2),(364261,'2016-08-14 15:00:00.000000','Liverpool','Arsenal','W','A',4,3),(364313,'2016-10-02 13:15:00.000000','Man City','Tottenham','L','A',0,2),(364308,'2016-09-24 14:00:00.000000','Man City','Swansea','W','A',3,1),(364297,'2016-09-17 14:00:00.000000','Man City','Bournemouth','W','H',4,0),(364283,'2016-09-10 11:30:00.000000','Man City','Man United','W','A',2,1),(364282,'2016-08-28 15:00:00.000000','Man City','West Ham','W','H',3,1),(364264,'2016-08-20 11:30:00.000000','Man City','Stoke','W','A',4,1),(364259,'2016-08-13 16:30:00.000000','Man City','Sunderland','W','H',2,1),(364319,'2016-10-02 11:00:00.000000','Man United','Stoke','D','H',1,1),(364303,'2016-09-24 11:30:00.000000','Man United','Leicester','W','H',4,1),(364299,'2016-09-18 11:00:00.000000','Man United','Watford','L','A',1,3),(364283,'2016-09-10 11:30:00.000000','Man United','Man City','L','H',1,2),(364280,'2016-08-27 16:30:00.000000','Man United','Hull','W','A',1,0),(364263,'2016-08-19 19:00:00.000000','Man United','Southampton','W','H',2,0),(364260,'2016-08-14 12:30:00.000000','Man United','Bournemouth','W','A',3,1),(364317,'2016-10-01 14:00:00.000000','Middlesbrough','West Ham','D','A',1,1),(364304,'2016-09-24 14:00:00.000000','Middlesbrough','Tottenham','L','H',1,2),(364298,'2016-09-17 16:30:00.000000','Middlesbrough','Everton','L','A',1,3),(364284,'2016-09-10 14:00:00.000000','Middlesbrough','Crystal Palace','L','H',1,2),(364281,'2016-08-28 12:30:00.000000','Middlesbrough','West Brom','D','A',0,0),(364271,'2016-08-21 12:30:00.000000','Middlesbrough','Sunderland','W','A',2,1),(364256,'2016-08-13 14:00:00.000000','Middlesbrough','Stoke','D','H',1,1),(364318,'2016-10-02 13:15:00.000000','Southampton','Leicester','D','A',0,0),(364311,'2016-09-25 15:00:00.000000','Southampton','West Ham','W','A',3,0),(364301,'2016-09-18 13:15:00.000000','Southampton','Swansea','W','H',1,0),(364288,'2016-09-10 14:00:00.000000','Southampton','Arsenal','L','A',1,2),(364274,'2016-08-27 14:00:00.000000','Southampton','Sunderland','D','H',1,1),(364263,'2016-08-19 19:00:00.000000','Southampton','Man United','L','A',0,2),(364258,'2016-08-13 14:00:00.000000','Southampton','Watford','D','H',1,1),(364319,'2016-10-02 11:00:00.000000','Stoke','Man United','D','A',1,1),(364305,'2016-09-24 14:00:00.000000','Stoke','West Brom','D','H',1,1),(364300,'2016-09-18 13:15:00.000000','Stoke','Crystal Palace','L','A',1,4),(364285,'2016-09-10 14:00:00.000000','Stoke','Tottenham','L','H',0,4),(364278,'2016-08-27 14:00:00.000000','Stoke','Everton','L','A',0,1),(364264,'2016-08-20 11:30:00.000000','Stoke','Man City','L','H',1,4),(364256,'2016-08-13 14:00:00.000000','Stoke','Middlesbrough','D','A',1,1),(364320,'2016-10-01 14:00:00.000000','Sunderland','West Brom','D','H',1,1),(364306,'2016-09-24 14:00:00.000000','Sunderland','Crystal Palace','L','H',2,3),(364302,'2016-09-18 15:30:00.000000','Sunderland','Tottenham','L','A',0,1),(364292,'2016-09-12 19:00:00.000000','Sunderland','Everton','L','H',0,3),(364274,'2016-08-27 14:00:00.000000','Sunderland','Southampton','D','A',1,1),(364271,'2016-08-21 12:30:00.000000','Sunderland','Middlesbrough','L','H',1,2),(364259,'2016-08-13 16:30:00.000000','Sunderland','Man City','L','A',1,2),(364321,'2016-10-01 11:30:00.000000','Swansea','Liverpool','L','H',1,2),(364308,'2016-09-24 14:00:00.000000','Swansea','Man City','L','H',1,3),(364301,'2016-09-18 13:15:00.000000','Swansea','Southampton','L','A',0,1),(364291,'2016-09-11 15:00:00.000000','Swansea','Chelsea','D','H',2,2),(364279,'2016-08-27 14:00:00.000000','Swansea','Leicester','L','A',1,2),(364265,'2016-08-20 14:00:00.000000','Swansea','Hull','L','H',0,2),(364257,'2016-08-13 14:00:00.000000','Swansea','Burnley','W','A',1,0),(364313,'2016-10-02 13:15:00.000000','Tottenham','Man City','W','H',2,0),(364304,'2016-09-24 14:00:00.000000','Tottenham','Middlesbrough','W','A',2,1),(364302,'2016-09-18 15:30:00.000000','Tottenham','Sunderland','W','H',1,0),(364285,'2016-09-10 14:00:00.000000','Tottenham','Stoke','W','A',4,0),(364273,'2016-08-27 11:30:00.000000','Tottenham','Liverpool','D','H',1,1),(364267,'2016-08-20 14:00:00.000000','Tottenham','Crystal Palace','W','H',1,0),(364255,'2016-08-13 14:00:00.000000','Tottenham','Everton','D','A',1,1),(364315,'2016-10-01 14:00:00.000000','Watford','Bournemouth','D','H',2,2),(364312,'2016-09-26 19:00:00.000000','Watford','Burnley','L','A',0,2),(364299,'2016-09-18 11:00:00.000000','Watford','Man United','W','H',3,1),(364289,'2016-09-10 14:00:00.000000','Watford','West Ham','W','A',4,2),(364277,'2016-08-27 14:00:00.000000','Watford','Arsenal','L','H',1,3),(364268,'2016-08-20 14:00:00.000000','Watford','Chelsea','L','H',1,2),(364258,'2016-08-13 14:00:00.000000','Watford','Southampton','D','A',1,1),(364320,'2016-10-01 14:00:00.000000','West Brom','Sunderland','D','A',1,1),(364305,'2016-09-24 14:00:00.000000','West Brom','Stoke','D','A',1,1),(364294,'2016-09-17 14:00:00.000000','West Brom','West Ham','W','H',4,2),(364286,'2016-09-10 14:00:00.000000','West Brom','Bournemouth','L','A',0,1),(364281,'2016-08-28 12:30:00.000000','West Brom','Middlesbrough','D','H',0,0),(364269,'2016-08-20 14:00:00.000000','West Brom','Everton','L','H',1,2),(364254,'2016-08-13 14:00:00.000000','West Brom','Crystal Palace','W','A',1,0),(364317,'2016-10-01 14:00:00.000000','West Ham','Middlesbrough','D','H',1,1),(364311,'2016-09-25 15:00:00.000000','West Ham','Southampton','L','H',0,3),(364294,'2016-09-17 14:00:00.000000','West Ham','West Brom','L','A',2,4),(364289,'2016-09-10 14:00:00.000000','West Ham','Watford','L','H',2,4),(364282,'2016-08-28 15:00:00.000000','West Ham','Man City','L','A',1,3),(364272,'2016-08-21 15:00:00.000000','West Ham','Bournemouth','W','H',1,0),(364262,'2016-08-15 19:00:00.000000','West Ham','Chelsea','L','A',1,2);
/*!40000 ALTER TABLE `plain_result_table` ENABLE KEYS */;
UNLOCK TABLES;

--
-- Table structure for table `request_request`
--

DROP TABLE IF EXISTS `request_request`;
/*!40101 SET @saved_cs_client     = @@character_set_client */;
/*!40101 SET character_set_client = utf8 */;
CREATE TABLE `request_request` (
  `id` int(11) NOT NULL AUTO_INCREMENT,
  `response` smallint(6) NOT NULL,
  `method` varchar(7) NOT NULL,
  `path` varchar(255) NOT NULL,
  `time` datetime NOT NULL,
  `is_secure` tinyint(1) NOT NULL,
  `is_ajax` tinyint(1) NOT NULL,
  `ip` char(39) NOT NULL,
  `referer` varchar(255) DEFAULT NULL,
  `user_agent` varchar(255) DEFAULT NULL,
  `language` varchar(255) DEFAULT NULL,
  `user_id` int(11) DEFAULT NULL,
  PRIMARY KEY (`id`),
  KEY `request_request_user_id_2a99fbcb_fk_auth_user_id` (`user_id`),
  CONSTRAINT `request_request_user_id_2a99fbcb_fk_auth_user_id` FOREIGN KEY (`user_id`) REFERENCES `auth_user` (`id`)
) ENGINE=InnoDB DEFAULT CHARSET=utf8;
/*!40101 SET character_set_client = @saved_cs_client */;

--
-- Dumping data for table `request_request`
--

LOCK TABLES `request_request` WRITE;
/*!40000 ALTER TABLE `request_request` DISABLE KEYS */;
/*!40000 ALTER TABLE `request_request` ENABLE KEYS */;
UNLOCK TABLES;

--
-- Table structure for table `socialaccount_socialaccount`
--

DROP TABLE IF EXISTS `socialaccount_socialaccount`;
/*!40101 SET @saved_cs_client     = @@character_set_client */;
/*!40101 SET character_set_client = utf8 */;
CREATE TABLE `socialaccount_socialaccount` (
  `id` int(11) NOT NULL AUTO_INCREMENT,
  `provider` varchar(30) NOT NULL,
  `uid` varchar(191) NOT NULL,
  `last_login` datetime(6) NOT NULL,
  `date_joined` datetime(6) NOT NULL,
  `extra_data` longtext NOT NULL,
  `user_id` int(11) NOT NULL,
  PRIMARY KEY (`id`),
  UNIQUE KEY `socialaccount_socialaccount_provider_fc810c6e_uniq` (`provider`,`uid`),
  KEY `socialaccount_socialaccount_user_id_8146e70c_fk_auth_user_id` (`user_id`),
  CONSTRAINT `socialaccount_socialaccount_user_id_8146e70c_fk_auth_user_id` FOREIGN KEY (`user_id`) REFERENCES `auth_user` (`id`)
) ENGINE=InnoDB AUTO_INCREMENT=7 DEFAULT CHARSET=latin1;
/*!40101 SET character_set_client = @saved_cs_client */;

--
-- Dumping data for table `socialaccount_socialaccount`
--

LOCK TABLES `socialaccount_socialaccount` WRITE;
/*!40000 ALTER TABLE `socialaccount_socialaccount` DISABLE KEYS */;
INSERT INTO `socialaccount_socialaccount` VALUES (5,'facebook','111765929303761','2016-11-06 15:51:18.409716','2016-11-06 15:51:18.409757','{\"first_name\": \"Alan\", \"last_name\": \"Tingey\", \"verified\": true, \"name\": \"Alan Tingey\", \"locale\": \"en_GB\", \"gender\": \"male\", \"updated_time\": \"2016-11-06T14:34:20+0000\", \"link\": \"https://www.facebook.com/app_scoped_user_id/111765929303761/\", \"timezone\": 0, \"id\": \"111765929303761\"}',368),(6,'google','118307786444746883510','2016-11-06 16:08:39.225549','2016-11-06 16:08:39.225599','{\"picture\": \"https://lh3.googleusercontent.com/-XdUIqdMkCWA/AAAAAAAAAAI/AAAAAAAAAAA/4252rscbv5M/photo.jpg\", \"name\": \"Alan Tingey\", \"family_name\": \"Tingey\", \"locale\": \"en\", \"link\": \"https://plus.google.com/118307786444746883510\", \"given_name\": \"Alan\", \"id\": \"118307786444746883510\"}',369);
/*!40000 ALTER TABLE `socialaccount_socialaccount` ENABLE KEYS */;
UNLOCK TABLES;

--
-- Table structure for table `socialaccount_socialapp`
--

DROP TABLE IF EXISTS `socialaccount_socialapp`;
/*!40101 SET @saved_cs_client     = @@character_set_client */;
/*!40101 SET character_set_client = utf8 */;
CREATE TABLE `socialaccount_socialapp` (
  `id` int(11) NOT NULL AUTO_INCREMENT,
  `provider` varchar(30) NOT NULL,
  `name` varchar(40) NOT NULL,
  `client_id` varchar(191) NOT NULL,
  `secret` varchar(191) NOT NULL,
  `key` varchar(191) NOT NULL,
  PRIMARY KEY (`id`)
) ENGINE=InnoDB AUTO_INCREMENT=7 DEFAULT CHARSET=latin1;
/*!40101 SET character_set_client = @saved_cs_client */;

--
-- Dumping data for table `socialaccount_socialapp`
--

LOCK TABLES `socialaccount_socialapp` WRITE;
/*!40000 ALTER TABLE `socialaccount_socialapp` DISABLE KEYS */;
INSERT INTO `socialaccount_socialapp` VALUES (5,'facebook','str8RED Facebook','184611738664382','eca55e5a242f20b26a0370019ed8e670',''),(6,'google','str8RED Google','587632345082-99uql6reekd96blijsltt43gu60cfke1.apps.googleusercontent.com','ustTBwADyrJbkQo3-0mG-I7V','');
/*!40000 ALTER TABLE `socialaccount_socialapp` ENABLE KEYS */;
UNLOCK TABLES;

--
-- Table structure for table `socialaccount_socialapp_sites`
--

DROP TABLE IF EXISTS `socialaccount_socialapp_sites`;
/*!40101 SET @saved_cs_client     = @@character_set_client */;
/*!40101 SET character_set_client = utf8 */;
CREATE TABLE `socialaccount_socialapp_sites` (
  `id` int(11) NOT NULL AUTO_INCREMENT,
  `socialapp_id` int(11) NOT NULL,
  `site_id` int(11) NOT NULL,
  PRIMARY KEY (`id`),
  UNIQUE KEY `socialaccount_socialapp_sites_socialapp_id_71a9a768_uniq` (`socialapp_id`,`site_id`),
  KEY `socialaccount_socialapp_sites_site_id_2579dee5_fk_django_site_id` (`site_id`),
  CONSTRAINT `socialaccoun_socialapp_id_97fb6e7d_fk_socialaccount_socialapp_id` FOREIGN KEY (`socialapp_id`) REFERENCES `socialaccount_socialapp` (`id`),
  CONSTRAINT `socialaccount_socialapp_sites_site_id_2579dee5_fk_django_site_id` FOREIGN KEY (`site_id`) REFERENCES `django_site` (`id`)
) ENGINE=InnoDB AUTO_INCREMENT=8 DEFAULT CHARSET=latin1;
/*!40101 SET character_set_client = @saved_cs_client */;

--
-- Dumping data for table `socialaccount_socialapp_sites`
--

LOCK TABLES `socialaccount_socialapp_sites` WRITE;
/*!40000 ALTER TABLE `socialaccount_socialapp_sites` DISABLE KEYS */;
INSERT INTO `socialaccount_socialapp_sites` VALUES (6,5,4),(7,6,4);
/*!40000 ALTER TABLE `socialaccount_socialapp_sites` ENABLE KEYS */;
UNLOCK TABLES;

--
-- Table structure for table `socialaccount_socialtoken`
--

DROP TABLE IF EXISTS `socialaccount_socialtoken`;
/*!40101 SET @saved_cs_client     = @@character_set_client */;
/*!40101 SET character_set_client = utf8 */;
CREATE TABLE `socialaccount_socialtoken` (
  `id` int(11) NOT NULL AUTO_INCREMENT,
  `token` longtext NOT NULL,
  `token_secret` longtext NOT NULL,
  `expires_at` datetime(6) DEFAULT NULL,
  `account_id` int(11) NOT NULL,
  `app_id` int(11) NOT NULL,
  PRIMARY KEY (`id`),
  UNIQUE KEY `socialaccount_socialtoken_app_id_fca4e0ac_uniq` (`app_id`,`account_id`),
  KEY `socialacco_account_id_951f210e_fk_socialaccount_socialaccount_id` (`account_id`),
  CONSTRAINT `socialacco_account_id_951f210e_fk_socialaccount_socialaccount_id` FOREIGN KEY (`account_id`) REFERENCES `socialaccount_socialaccount` (`id`),
  CONSTRAINT `socialaccount_soci_app_id_636a42d7_fk_socialaccount_socialapp_id` FOREIGN KEY (`app_id`) REFERENCES `socialaccount_socialapp` (`id`)
) ENGINE=InnoDB AUTO_INCREMENT=7 DEFAULT CHARSET=latin1;
/*!40101 SET character_set_client = @saved_cs_client */;

--
-- Dumping data for table `socialaccount_socialtoken`
--

LOCK TABLES `socialaccount_socialtoken` WRITE;
/*!40000 ALTER TABLE `socialaccount_socialtoken` DISABLE KEYS */;
INSERT INTO `socialaccount_socialtoken` VALUES (5,'EAACn50Uavb4BAM8BoPIHB0Lia0y4Jw6BBTfNsV5oLv3IWHfNRGUhXn0HCSCABZBu6bZCp7MysaQS9bULs3QzSBZC4RpiZB0stgd2reyBpD3dZCzTwjSsO8wdutOfR6Uw2FvxwrY9dxAA8wtuROWObs1MuvOZClguvdZARRO2pnG9gZDZD','',NULL,5,5),(6,'ya29.Ci-NA3xnzKAYKuErKH2CEOUy6E6KXI5wbcyKubvJf7ePAJq8l9nydWGcAljUTvKltA','','2016-11-06 17:08:38.784890',6,6);
/*!40000 ALTER TABLE `socialaccount_socialtoken` ENABLE KEYS */;
UNLOCK TABLES;

--
-- Table structure for table `straightred_fixture`
--

DROP TABLE IF EXISTS `straightred_fixture`;
/*!40101 SET @saved_cs_client     = @@character_set_client */;
/*!40101 SET character_set_client = utf8 */;
CREATE TABLE `straightred_fixture` (
  `fixtureid` int(11) NOT NULL,
  `fixturedate` datetime(6) DEFAULT NULL,
  `fixturestatus` varchar(24) DEFAULT NULL,
  `fixturematchday` int(11) NOT NULL,
  `spectators` int(11) DEFAULT NULL,
  `hometeamscore` int(11) DEFAULT NULL,
  `awayteamscore` int(11) DEFAULT NULL,
  `homegoaldetails` longtext,
  `awaygoaldetails` longtext,
  `hometeamyellowcarddetails` longtext,
  `awayteamyellowcarddetails` longtext,
  `hometeamredcarddetails` longtext,
  `awayteamredcarddetails` longtext,
  `awayteamid` int(11) NOT NULL,
  `hometeamid` int(11) NOT NULL,
  `soccerseasonid` int(11) NOT NULL,
  PRIMARY KEY (`fixtureid`),
  KEY `straightred_fixture_2e879a39` (`awayteamid`),
  KEY `straightred_fixture_bcb6decb` (`hometeamid`),
  KEY `straightred_fixture_d6d641f1` (`soccerseasonid`),
  KEY `straightred_fixture_fixturematchday2_f98c3a75_uniq` (`fixturematchday`),
  CONSTRAINT `D9b896edf0aff4d9b5c00682a8e21ea3` FOREIGN KEY (`fixturematchday`) REFERENCES `straightred_fixturematchday` (`fixturematchdayid`),
  CONSTRAINT `straightr_soccerseasonid_92496b92_fk_straightred_season_seasonid` FOREIGN KEY (`soccerseasonid`) REFERENCES `straightred_season` (`seasonid`),
  CONSTRAINT `straightred_fixtu_awayteamid_3d1961ba_fk_straightred_team_teamid` FOREIGN KEY (`awayteamid`) REFERENCES `straightred_team` (`teamid`),
  CONSTRAINT `straightred_fixtu_hometeamid_6e37e94b_fk_straightred_team_teamid` FOREIGN KEY (`hometeamid`) REFERENCES `straightred_team` (`teamid`)
) ENGINE=InnoDB DEFAULT CHARSET=latin1;
/*!40101 SET character_set_client = @saved_cs_client */;

--
-- Dumping data for table `straightred_fixture`
--

LOCK TABLES `straightred_fixture` WRITE;
/*!40000 ALTER TABLE `straightred_fixture` DISABLE KEYS */;
INSERT INTO `straightred_fixture` VALUES (364253,'2016-08-13 11:30:00.000000','Finished',1,21012,2,1,'57\': Robert Snodgrass;45\': Adama Diomande;','47\': penalty Riyad Mahrez;','83\': Sam Clucas;71\': Curtis Davies;','33\': Danny Simpson;29\': Christian Fuchs;',NULL,NULL,31,22,1025),(364254,'2016-08-13 14:00:00.000000','Finished',1,24396,0,1,NULL,'74\': Jose Salomon Rondon;','88\': Yannick Bolasie;84\': Wilfried Zaha;','84\': Jonny Evans;36\': Craig Dawson;',NULL,NULL,16,38,1025),(364255,'2016-08-13 14:00:00.000000','Finished',1,37956,1,1,'6\': Ross Barkley;','60\': Erik Lamela;',NULL,NULL,NULL,NULL,21,20,1025),(364256,'2016-08-13 14:00:00.000000','Finished',1,32016,1,1,'11\': Alvaro Negredo;','67\': Xherdan Shaqiri;','90\': Adam Forshaw;30\': Gaston Ramirez;29\': Stewart Downing;','90\': Marko Arnautovic;84\': Philipp Wollscheid;48\': Phil Bardsley;30\': Shay Given;22\': Ryan Shawcross;',NULL,NULL,14,33,1025),(364257,'2016-08-13 14:00:00.000000','Finished',1,19046,0,1,NULL,'82\': Leroy Fer;','80\': Matthew Lowton;67\': Stephen Ward;42\': David Jones;','90\': Federico Fernandez;53\': Jordi Amat;',NULL,NULL,19,28,1025),(364258,'2016-08-13 14:00:00.000000','Finished',1,31437,1,1,'58\': Nathan Redmond;','9\': Etienne Capoue;','90\': Virgil van Dijk;','87\': Heurelho Gomes;61\': Adlene Guedioura;',NULL,'76\': Ben Watson;',29,41,1025),(364259,'2016-08-13 16:30:00.000000','Finished',1,54955,2,1,'87\':Own Patrick McNair;4\': penalty Sergio Aguero;','71\': Jermain Defoe;','90\': Aleksandar Kolarov;','67\': Donald Love;42\': Lynden Gooch;',NULL,NULL,7,18,1025),(364260,'2016-08-14 12:30:00.000000','Finished',1,11322,1,3,'69\': Adam Smith;','64\': Zlatan Ibrahimovic;59\': Wayne Rooney;40\': Juan Mata;',NULL,'86\': Ander Herrera;',NULL,NULL,17,756,1025),(364261,'2016-08-14 15:00:00.000000','Finished',1,59936,3,4,'75\': Calum Chambers;64\': Alex Oxlade-Chamberlain;31\': Theo Walcott;','63\': Sadio Mane;56\': Philippe Coutinho;49\': Adam Lallana;45\': Philippe Coutinho;','86\': Granit Xhaka;57\': Alex Iwobi;37\': Francis Coquelin;','41\': Dejan Lovren;29\': Alberto Moreno;26\': Adam Lallana;',NULL,NULL,6,9,1025),(364262,'2016-08-15 19:00:00.000000','Finished',1,40942,2,1,'89\': Diego Costa;47\': penalty Eden Hazard;','77\': James Collins;','90\': Pedro Rodriguez;90\': Nemanja Matic;75\': Cesar Azpilicueta;19\': Diego Costa;3\': N\'Golo Kante;','47\': Michail Antonio;21\': James Collins;',NULL,NULL,43,15,1025),(364263,'2016-08-19 19:00:00.000000','Finished',2,75300,2,0,'52\': penalty Zlatan Ibrahimovic;36\': Zlatan Ibrahimovic;',NULL,NULL,NULL,NULL,NULL,41,17,1025),(364264,'2016-08-20 11:30:00.000000','Finished',2,27393,1,4,'49\': penalty Bojan Krkic;','90\': Nolito;86\': Nolito;36\': Sergio Aguero;27\': penalty Sergio Aguero;','71\': Joe Allen;45\': Bojan Krkic;26\': Ryan Shawcross;','90\': John Stones;66\': Kevin de Bruyne;49\': Raheem Sterling;48\': Pablo Zabaleta;',NULL,NULL,18,14,1025),(364265,'2016-08-20 14:00:00.000000','Finished',2,19940,0,2,NULL,'90\': Abel Hernandez;79\': Shaun Maloney;',NULL,NULL,NULL,NULL,22,19,1025),(364266,'2016-08-20 14:00:00.000000','Finished',2,18938,2,0,'37\': Andre Gray;2\': Sam Vokes;',NULL,NULL,'65\': Jordan Henderson;',NULL,NULL,6,28,1025),(364267,'2016-08-20 14:00:00.000000','Finished',2,34926,1,0,'83\': Victor Wanyama;',NULL,'77\': Eric Dier;68\': Jan Vertonghen;60\': Kyle Walker;','88\': Andros Townsend;66\': Scott Dann;26\': Wilfried Zaha;',NULL,NULL,38,21,1025),(364268,'2016-08-20 14:00:00.000000','Finished',2,20734,1,2,'55\': Etienne Capoue;','87\': Diego Costa;80\': Michy Batshuayi;','90\': Valon Behrami;70\': Jose Holebas;69\': Miguel Britos;20\': Troy Deeney;','90\': Eden Hazard;56\': Diego Costa;20\': Gary Cahill;',NULL,NULL,15,29,1025),(364269,'2016-08-20 14:00:00.000000','Finished',2,23956,1,2,'9\': Gareth McAuley;','60\': Gareth Barry;45\': Kevin Mirallas;','90\': Jonny Evans;59\': Jonas Olsson;26\': Saido Berahino;',NULL,NULL,NULL,20,16,1025),(364270,'2016-08-20 16:30:00.000000','Finished',2,31988,0,0,NULL,NULL,'45\': Nampalys Mendy;','90\': Rob Holding;24\': Francis Coquelin;',NULL,NULL,9,31,1025),(364271,'2016-08-21 12:30:00.000000','Finished',2,43508,1,2,'71\': Patrick van Aanholt;','45\': Cristian Stuani;13\': Cristian Stuani;','81\': Lynden Gooch;','26\': Adam Clayton;',NULL,NULL,33,7,1025),(364272,'2016-08-21 15:00:00.000000','Finished',2,56913,1,0,'85\': Michail Antonio;',NULL,'90\': Pedro Mba Obiang;45\': Winston Reid;39\': Sam Byram;','78\': Harry Arter;37\': Steve Cook;33\': Harry Arter;',NULL,'78\': Harry Arter;',756,43,1025),(364273,'2016-08-27 11:30:00.000000','Finished',3,34943,1,1,'72\': Danny Rose;','43\': penalty James Milner;','77\': Dele Alli;52\': Jan Vertonghen;29\': Danny Rose;','90\': Joel Matip;86\': Jordan Henderson;63\': Dejan Lovren;45\': Philippe Coutinho;32\': Sadio Mane;',NULL,NULL,6,21,1025),(364274,'2016-08-27 14:00:00.000000','Finished',3,30104,1,1,'85\': Jay Rodriguez;','80\': penalty Jermain Defoe;','48\': Steven Davis;29\': Nathan Redmond;','90\': Jack Rodwell;66\': Steven Pienaar;',NULL,NULL,7,41,1025),(364275,'2016-08-27 14:00:00.000000','Finished',3,41540,3,0,'89\': Victor Moses;41\': Willian;9\': Eden Hazard;',NULL,'44\': Branislav Ivanovic;31\': Oscar;','90\': James Tarkowski;50\': Michael Keane;',NULL,NULL,28,15,1025),(364276,'2016-08-27 14:00:00.000000','Finished',3,23489,1,1,'90\': Scott Dann;','11\': Joshua King;','73\': Christian Benteke;45\': Damien Delaney;17\': Yohan Cabaye;','56\': Artur Boruc;',NULL,NULL,756,38,1025),(364277,'2016-08-27 14:00:00.000000','Finished',3,20500,1,3,'57\': Roberto Pereyra;','45\': Mesut Oezil;40\': Alexis Sanchez;9\': penalty Santi Cazorla;','90\': Jose Holebas;83\': Valon Behrami;77\': Nordin Amrabat;60\': Troy Deeney;45\': Odion Ighalo;17\': Sebastian Proedl;','90\': Jack Wilshere;',NULL,NULL,9,29,1025),(364278,'2016-08-27 14:00:00.000000','Finished',3,39567,1,0,'50\':Own Shay Given;',NULL,'88\': Gareth Barry;9\': Ross Barkley;','56\': Erik Pieters;',NULL,NULL,14,20,1025),(364279,'2016-08-27 14:00:00.000000','Finished',3,31727,2,1,'53\': Wes Morgan;32\': Jamie Vardy;','81\': Leroy Fer;','70\': Danny Simpson;26\': Robert Huth;','66\': Leroy Fer;10\': Federico Fernandez;',NULL,NULL,19,31,1025),(364280,'2016-08-27 16:30:00.000000','Finished',3,24509,0,1,NULL,'90\': Marcus Rashford;','77\': David Meyler;71\': Tom Huddlestone;','90\': Marcus Rashford;76\': Wayne Rooney;23\': Marouane Fellaini;',NULL,NULL,17,22,1025),(364281,'2016-08-28 12:30:00.000000','Finished',3,23924,0,0,NULL,NULL,'65\': Claudio Yacob;','77\': Antonio Barragan;49\': Gaston Ramirez;2\': Daniel Ayala;',NULL,NULL,33,16,1025),(364282,'2016-08-28 15:00:00.000000','Finished',3,53973,3,1,'90\': Raheem Sterling;18\': Fernandinho;7\': Raheem Sterling;','58\': Michail Antonio;','6\': Fernandinho;','51\': Mark Noble;49\': Ashley Fletcher;14\': Arthur Masuaku;',NULL,NULL,43,18,1025),(364283,'2016-09-10 11:30:00.000000','Finished',4,75267,1,2,'42\': Zlatan Ibrahimovic;','36\': Kelechi Iheanacho;15\': Kevin de Bruyne;','83\': Wayne Rooney;52\': Marouane Fellaini;51\': Zlatan Ibrahimovic;45\': Eric Bertrand Bailly;','90\': Fernandinho;42\': David Silva;',NULL,NULL,18,17,1025),(364284,'2016-09-10 14:00:00.000000','Finished',4,30471,1,2,'38\': Daniel Ayala;','47\': Wilfried Zaha;16\': Christian Benteke;','60\': Gaston Ramirez;','90\': Wilfried Zaha;82\': Joel Ward;',NULL,NULL,38,33,1025),(364285,'2016-09-10 14:00:00.000000','Finished',4,27303,0,4,NULL,'70\': Harry Kane;59\': Dele Alli;56\': Heung-Min Son;41\': Heung-Min Son;','90\': Charlie Adam;34\': Marko Arnautovic;7\': Glenn Whelan;','90\': Moussa Sissoko;45\': Victor Wanyama;',NULL,NULL,21,14,1025),(364286,'2016-09-10 14:00:00.000000','Finished',4,10989,1,0,'80\': Callum Wilson;',NULL,'71\': Adam Smith;','90\': Sam Field;89\': Jonny Evans;53\': Claudio Yacob;',NULL,NULL,16,756,1025),(364287,'2016-09-10 14:00:00.000000','Finished',4,19979,1,1,'73\': Steven Defour;','90\': Robert Snodgrass;','82\': Scott Arfield;27\': Ben Mee;',NULL,NULL,NULL,22,28,1025),(364288,'2016-09-10 14:00:00.000000','Finished',4,59962,2,1,'90\': penalty Santi Cazorla;29\': Laurent Koscielny;','18\':Own  Petr Cech;','26\': Santi Cazorla;16\': Nacho Monreal;','90\': Ryan Bertrand;90\': Virgil van Dijk;90\': Jose Fonte;86\': Pierre-Emil Hoejbjerg;54\': Fraser Forster;',NULL,NULL,41,9,1025),(364289,'2016-09-10 14:00:00.000000','Finished',4,56933,2,4,'33\': Michail Antonio;5\': Michail Antonio;','64\': Jose Holebas;53\': Etienne Capoue;45\': Troy Deeney;41\': Odion Ighalo;','84\': Sam Byram;12\': Simone Zaza;','86\': Stefano Okaka Chuka;42\': Craig Cathcart;',NULL,NULL,29,43,1025),(364290,'2016-09-10 16:30:00.000000','Finished',4,53067,4,1,'89\': Roberto Firmino;56\': Adam Lallana;31\': Sadio Mane;13\': Roberto Firmino;','38\': Jamie Vardy;','44\': Jordan Henderson;','82\': Robert Huth;57\': Danny Drinkwater;28\': Daniel Amartey;',NULL,NULL,31,6,1025),(364291,'2016-09-11 15:00:00.000000','Finished',4,20814,2,2,'62\': Leroy Fer;59\': penalty Gylfi Sigurdsson;','81\': Diego Costa;18\': Diego Costa;','48\': Jordi Amat;42\': Federico Fernandez;26\': Leroy Fer;','90\': John Terry;89\': Eden Hazard;59\': Thibaut Courtois;41\': Diego Costa;',NULL,NULL,15,19,1025),(364292,'2016-09-12 19:00:00.000000','Finished',4,42328,0,3,NULL,'71\': Romelu Lukaku;68\': Romelu Lukaku;60\': Romelu Lukaku;','42\': Duncan Watmore;','56\': Idrissa Gana Gueye;',NULL,NULL,20,7,1025),(364293,'2016-09-16 19:00:00.000000','Finished',5,41453,1,2,'62\': Diego Costa;','36\': Jordan Henderson;17\': Dejan Lovren;','45\': Willian;','88\': Lucas Leiva;',NULL,NULL,6,15,1025),(364294,'2016-09-17 14:00:00.000000','Finished',5,22207,4,2,'56\': Nacer Chadli;44\': James McClean;37\': Jose Salomon Rondon;8\': penalty Nacer Chadli;','65\': penalty Manuel Lanzini;61\': Michail Antonio;','86\': Allan Nyom;43\': Craig Dawson;','86\': Sofiane Feghouli;',NULL,NULL,43,16,1025),(364295,'2016-09-17 14:00:00.000000','Finished',5,21965,1,4,'79\': penalty Robert Snodgrass;','90\': Granit Xhaka;83\': Alexis Sanchez;55\': Theo Walcott;17\': Alexis Sanchez;',NULL,'78\': Petr Cech;34\': Santi Cazorla;','40\': Jake Livermore;',NULL,9,22,1025),(364296,'2016-09-17 14:00:00.000000','Finished',5,31895,3,0,'78\':Own Ben Mee;48\': Islam Slimani;45\': Islam Slimani;',NULL,NULL,'88\': Matthew Lowton;',NULL,NULL,28,31,1025),(364297,'2016-09-17 14:00:00.000000','Finished',5,54248,4,0,'66\': Ilkay Guendogan;48\': Raheem Sterling;25\': Kelechi Iheanacho;15\': Kevin de Bruyne;',NULL,'24\': Nicolas Otamendi;','87\': Adam Smith;','86\': Nolito;',NULL,756,18,1025),(364298,'2016-09-17 16:30:00.000000','Finished',5,39019,3,1,'45\': Romelu Lukaku;42\': Seamus Coleman;24\': Gareth Barry;','21\':Own Maarten Stekelenburg;','45\': Gareth Barry;22\': Maarten Stekelenburg;','37\': Daniel Ayala;',NULL,NULL,33,20,1025),(364299,'2016-09-18 11:00:00.000000','Finished',5,21070,3,1,'90\': penalty Troy Deeney;84\': Juan Camilo Zuniga;34\': Etienne Capoue;','62\': Marcus Rashford;','87\': Troy Deeney;78\': Jose Holebas;77\': Miguel Britos;','90\': Wayne Rooney;89\': Memphis Depay;88\': Marouane Fellaini;75\': Paul Pogba;',NULL,NULL,17,29,1025),(364300,'2016-09-18 13:15:00.000000','Finished',5,23718,4,1,'75\': Andros Townsend;72\': James McArthur;12\': Scott Dann;9\': James Tomkins;','90\': Marko Arnautovic;','77\': Jason Puncheon;61\': James McArthur;','71\': Marko Arnautovic;',NULL,NULL,14,38,1025),(364301,'2016-09-18 13:15:00.000000','Finished',5,29082,1,0,'64\': Charlie Austin;',NULL,'41\': Shane Long;','89\': Kyle Naughton;',NULL,NULL,19,41,1025),(364302,'2016-09-18 15:30:00.000000','Finished',5,34997,1,0,'59\': Harry Kane;',NULL,'84\': Ben Davies;','90\': Adnan Januzaj;90\': Papy Djilobodji;81\': Adnan Januzaj;65\': Ibrahim Didier Ndong;62\': Lee Cattermole;57\': Jason Denayer;44\': Javier Manquillo;',NULL,'90\': Adnan Januzaj;',7,21,1025),(364303,'2016-09-24 11:30:00.000000','Finished',6,75233,4,1,'42\': Paul Pogba;40\': Marcus Rashford;37\': Juan Mata;22\': Chris Smalling;','60\': Demarai Gray;',NULL,'74\': Danny Simpson;50\': Robert Huth;',NULL,NULL,31,17,1025),(364304,'2016-09-24 14:00:00.000000','Finished',6,32620,1,2,'65\': Ben Gibson;','23\': Heung-Min Son;7\': Heung-Min Son;','90\': George Friend;87\': Adama Traore;','63\': Kyle Walker;',NULL,NULL,21,33,1025),(364305,'2016-09-24 14:00:00.000000','Finished',6,27593,1,1,'73\': Joe Allen;','90\': Jose Salomon Rondon;','90\': Charlie Adam;26\': Ryan Shawcross;16\': Glenn Whelan;','70\': Allan Nyom;60\': Craig Dawson;54\': Claudio Yacob;37\': Nacer Chadli;',NULL,NULL,16,14,1025),(364306,'2016-09-24 14:00:00.000000','Finished',6,38847,2,3,'60\': Jermain Defoe;39\': Jermain Defoe;','90\': Christian Benteke;76\': James McArthur;62\': Joe Ledley;',NULL,'72\': Jason Puncheon;45\': Yohan Cabaye;',NULL,NULL,38,7,1025),(364307,'2016-09-24 14:00:00.000000','Finished',6,11227,1,0,'23\': Junior Stanislas;',NULL,'84\': Andrew Surman;42\': Charlie Daniels;','57\': Bryan Oviedo;34\': Idrissa Gana Gueye;',NULL,NULL,20,756,1025),(364308,'2016-09-24 14:00:00.000000','Finished',6,20780,1,3,'13\': Fernando Llorente;','77\': Raheem Sterling;66\': penalty Sergio Aguero;9\': Sergio Aguero;','65\': Mike van der Hoorn;59\': Jordi Amat;','88\': Aleksandar Kolarov;77\': Raheem Sterling;38\': Fernandinho;31\': Bacary Sagna;',NULL,NULL,18,19,1025),(364309,'2016-09-24 14:00:00.000000','Finished',6,53072,5,1,'71\': penalty James Milner;52\': Philippe Coutinho;36\': Sadio Mane;30\': penalty James Milner;17\': Adam Lallana;','51\': David Meyler;','19\': James Milner;','37\': Ryan Mason;7\': Tom Huddlestone;',NULL,'29\': Ahmed El Mohamady;',22,6,1025),(364310,'2016-09-24 16:30:00.000000','Finished',6,59929,3,0,'40\': Mesut Oezil;14\': Theo Walcott;11\': Alexis Sanchez;',NULL,NULL,'83\': Diego Costa;28\': Branislav Ivanovic;',NULL,NULL,15,9,1025),(364311,'2016-09-25 15:00:00.000000','Finished',6,36997,0,3,NULL,'90\': James Ward-Prowse;62\': Dusan Tadic;40\': Charlie Austin;','89\': Dimitri Payet;81\': Winston Reid;72\': Alvaro Arbeloa;59\': Simone Zaza;55\': Mark Noble;','68\': Virgil van Dijk;9\': Oriol Romeu;',NULL,NULL,41,43,1025),(364312,'2016-09-26 19:00:00.000000','Finished',6,18513,2,0,'50\': Michael Keane;38\': Jeff Hendrick;',NULL,'45\': Matthew Lowton;','65\': Isaac Success;37\': Jose Holebas;22\': Roberto Pereyra;',NULL,NULL,29,28,1025),(364313,'2016-10-02 13:15:00.000000','Finished',7,31737,2,0,'37\': Dele Alli;9\':Own Aleksandar Kolarov;',NULL,'42\': Danny Rose;30\': Victor Wanyama;','56\': Raheem Sterling;20\': Nicolas Otamendi;',NULL,NULL,18,21,1025),(364314,'2016-09-30 19:00:00.000000','Finished',7,38717,1,1,'35\': Romelu Lukaku;','50\': Christian Benteke;','90\': Tom Cleverley;89\': Yannick Bolasie;78\': Idrissa Gana Gueye;68\': Gareth Barry;17\': Bryan Oviedo;','67\': Andros Townsend;53\': Christian Benteke;45\': James Tomkins;27\': Jason Puncheon;',NULL,NULL,38,20,1025),(364315,'2016-10-01 14:00:00.000000','Finished',7,20534,2,2,'65\': Isaac Success;51\': Troy Deeney;','63\': Joshua King;31\': Callum Wilson;','57\': Valon Behrami;28\': Roberto Pereyra;12\': Sebastian Proedl;','89\': Junior Stanislas;45\': Simon Francis;40\': Adam Smith;20\': Jack Wilshere;',NULL,NULL,756,29,1025),(364316,'2016-10-01 14:00:00.000000','Finished',7,21219,0,2,NULL,'67\': Diego Costa;61\': Willian;','79\': Andrew Robertson;42\': Jake Livermore;','41\': Nemanja Matic;35\': Victor Moses;',NULL,NULL,15,22,1025),(364317,'2016-10-01 14:00:00.000000','Finished',7,56929,1,1,'57\': Dimitri Payet;','51\': Cristian Stuani;','90\': Alvaro Arbeloa;11\': Pedro Mba Obiang;','88\': Antonio Barragan;80\': Cristian Stuani;63\': Marten De Roon;',NULL,NULL,33,43,1025),(364318,'2016-10-02 13:15:00.000000','Finished',7,31470,0,0,NULL,NULL,'54\': Riyad Mahrez;',NULL,NULL,NULL,41,31,1025),(364319,'2016-10-02 11:00:00.000000','Finished',7,75237,1,1,'69\': Anthony Martial;','82\': Joe Allen;','56\': Zlatan Ibrahimovic;55\': Ander Herrera;13\': Antonio Valencia;',NULL,NULL,NULL,14,17,1025),(364320,'2016-10-01 14:00:00.000000','Finished',7,40032,1,1,'83\': Patrick van Aanholt;','35\': Nacer Chadli;','36\': Jan Kirchhoff;','90\': Jonny Evans;69\': James McClean;27\': Claudio Yacob;',NULL,NULL,16,7,1025),(364321,'2016-10-01 11:30:00.000000','Finished',7,20837,1,2,'8\': Leroy Fer;','84\': penalty James Milner;54\': Roberto Firmino;','53\': Leon Britton;38\': Jack Cork;','39\': Daniel Sturridge;25\': Jordan Henderson;',NULL,NULL,6,19,1025),(364322,'2016-10-02 15:30:00.000000','Finished',7,20979,0,1,NULL,'90\': Laurent Koscielny;',NULL,NULL,NULL,NULL,9,28,1025),(364323,'2016-10-15 16:30:00.000000','Finished',8,25577,0,1,NULL,'19\': Manuel Lanzini;','48\': Christian Benteke;','90\': Adrian;76\': Aaron Cresswell;75\': Aaron Cresswell;62\': Angelo Obinze Ogbonna;21\': Mark Noble;',NULL,'76\': Aaron Cresswell;',43,38,1025),(364324,'2016-10-17 19:00:00.000000','Finished',8,43928,0,0,NULL,NULL,NULL,'90\': Zlatan Ibrahimovic;90\': Marouane Fellaini;45\': Ashley Young;44\': Eric Bertrand Bailly;',NULL,NULL,17,6,1025),(364325,'2016-10-15 14:00:00.000000','Finished',8,54447,1,1,'72\': Nolito;','64\': Romelu Lukaku;',NULL,'85\': Ashley Williams;81\': Seamus Coleman;',NULL,NULL,20,18,1025),(364326,'2016-10-16 12:30:00.000000','Finished',8,28089,0,1,NULL,'54\': Jose Holebas;','74\': Marten De Roon;42\': Gaston Ramirez;38\': Cristian Stuani;21\': Antonio Barragan;','65\': Nordin Amrabat;',NULL,NULL,29,33,1025),(364327,'2016-10-15 14:00:00.000000','Finished',8,59924,3,2,'57\': Mesut Oezil;33\': Theo Walcott;26\': Theo Walcott;','66\': Borja Baston;38\': Gylfi Sigurdsson;',NULL,'48\': Neil Taylor;','70\': Granit Xhaka;',NULL,19,9,1025),(364328,'2016-10-16 15:00:00.000000','Finished',8,29027,3,1,'66\': penalty Charlie Austin;61\': Nathan Redmond;52\': Charlie Austin;','72\': penalty Sam Vokes;','50\': Dusan Tadic;','68\': Dean Marney;30\': Steven Defour;',NULL,NULL,28,41,1025),(364329,'2016-10-15 14:00:00.000000','Finished',8,10983,6,1,'88\': Dan Gosling;83\': Callum Wilson;65\': Junior Stanislas;45\': penalty Junior Stanislas;41\': Steve Cook;5\': Charlie Daniels;','34\': Ryan Mason;',NULL,'59\': Andrew Robertson;44\': Robert Snodgrass;19\': Sam Clucas;',NULL,NULL,22,756,1025),(364330,'2016-10-15 14:00:00.000000','Finished',8,27605,2,0,'45\': Joe Allen;8\': Joe Allen;',NULL,'55\': Marko Arnautovic;','90\': Billy Jones;',NULL,NULL,7,14,1025),(364331,'2016-10-15 11:30:00.000000','Finished',8,41514,3,0,'80\': Victor Moses;33\': Eden Hazard;7\': Diego Costa;',NULL,'51\': Cesar Azpilicueta;','27\': Robert Huth;',NULL,NULL,31,15,1025),(364332,'2016-10-15 14:00:00.000000','Finished',8,24169,1,1,'82\': Nacer Chadli;','89\': Dele Alli;','90\': Jonny Evans;44\': James McClean;','86\': Moussa Dembele;54\': Jan Vertonghen;',NULL,NULL,21,16,1025),(364333,'2016-10-22 16:30:00.000000','Finished',9,53134,2,1,'36\': Philippe Coutinho;21\': Sadio Mane;','82\': Gareth McAuley;','89\': Jordan Henderson;','85\': James Morrison;57\': James McClean;43\': Claudio Yacob;',NULL,NULL,16,6,1025),(364334,'2016-10-22 14:00:00.000000','Finished',9,59921,0,0,NULL,NULL,'64\': Shkodran Mustafi;',NULL,NULL,NULL,33,9,1025),(364335,'2016-10-23 12:30:00.000000','Finished',9,53980,1,1,'55\': Kelechi Iheanacho;32\': John Stones;','27\': Nathan Redmond;','59\': Sergio Aguero;57\': Vincent Kompany;50\': Aleksandar Kolarov;','90\': Fraser Forster;52\': Oriol Romeu;44\': Jordy Clasie;',NULL,NULL,41,18,1025),(364336,'2016-10-22 11:30:00.000000','Finished',9,11198,0,0,NULL,NULL,'67\': Max-Alain Gradel;39\': Dan Gosling;','43\': Danny Rose;37\': Dele Alli;35\': Jan Vertonghen;18\': Erik Lamela;',NULL,NULL,21,756,1025),(364337,'2016-10-22 14:00:00.000000','Finished',9,20643,0,0,NULL,NULL,'71\': Leon Britton;50\': Gylfi Sigurdsson;','45\': Etienne Capoue;',NULL,NULL,29,19,1025),(364338,'2016-10-22 14:00:00.000000','Finished',9,21408,2,1,'90\': Scott Arfield;39\': Sam Vokes;','58\': Yannick Bolasie;','35\': Jeff Hendrick;18\': Scott Arfield;','90\': Gareth Barry;45\': Seamus Coleman;26\': Idrissa Gana Gueye;',NULL,NULL,20,28,1025),(364339,'2016-10-22 14:00:00.000000','Finished',9,56892,1,0,'90\': Winston Reid;',NULL,'68\': Winston Reid;31\': Edimilson Fernandes;','90\': Billy Jones;83\': Wahbi Khazri;41\': Steven Pienaar;27\': Ibrahim Didier Ndong;26\': Jack Rodwell;',NULL,NULL,7,43,1025),(364340,'2016-10-23 15:00:00.000000','Finished',9,41413,4,0,'70\': N\'Golo Kante;62\': Eden Hazard;21\': Gary Cahill;1\': Pedro Rodriguez;',NULL,'66\': Marcos Alonso;40\': David Luiz;1\': Pedro Rodriguez;','75\': Paul Pogba;29\': Eric Bertrand Bailly;',NULL,NULL,17,15,1025),(364341,'2016-10-22 14:00:00.000000','Finished',9,18462,0,2,NULL,'50\': Xherdan Shaqiri;26\': Xherdan Shaqiri;','90\': Sam Clucas;77\': Ryan Mason;',NULL,NULL,NULL,14,22,1025),(364342,'2016-10-22 14:00:00.000000','Finished',9,31946,3,1,'80\': Christian Fuchs;64\': Shinji Okazaki;42\': Ahmed Musa;','85\': Yohan Cabaye;',NULL,NULL,NULL,NULL,38,31,1025),(364343,'2016-10-29 14:00:00.000000','Finished',10,75281,0,0,NULL,NULL,'84\': Paul Pogba;68\': Ander Herrera;33\': Ander Herrera;','90\': Tom Heaton;90\': Dean Marney;67\': Jon Flanagan;','68\': Ander Herrera;68\': Ander Herrera;',NULL,28,17,1025),(364344,'2016-10-29 14:00:00.000000','Finished',10,22396,0,4,NULL,'90\': Ilkay Guendogan;79\': Ilkay Guendogan;28\': Sergio Aguero;19\': Sergio Aguero;','56\': James McClean;53\': James Morrison;22\': Jonas Olsson;15\': Craig Dawson;','76\': Fernando;62\': Aleksandar Kolarov;15\': Nolito;',NULL,NULL,18,16,1025),(364345,'2016-10-29 14:00:00.000000','Finished',10,29504,2,0,'56\': Stewart Downing;39\': Gaston Ramirez;',NULL,'90\': Calum Chambers;24\': Gaston Ramirez;','25\': Adam Smith;',NULL,NULL,756,33,1025),(364346,'2016-10-30 16:00:00.000000','Finished',10,31734,0,2,NULL,'55\': Diego Costa;6\': Eden Hazard;',NULL,NULL,NULL,NULL,15,41,1025),(364347,'2016-10-31 20:00:00.000000','Finished',10,26535,3,1,'73\': Wilfried Bony;55\':Own Alfie Mawson;3\': Wilfried Bony;','8\': Wayne Routledge;','83\': Erik Pieters;76\': Marko Arnautovic;',NULL,NULL,NULL,19,14,1025),(364348,'2016-10-29 11:30:00.000000','Finished',10,44240,1,4,'65\': penalty Jermain Defoe;','78\': Alexis Sanchez;76\': Olivier Giroud;71\': Olivier Giroud;19\': Alexis Sanchez;','48\': Papy Djilobodji;41\': Steven Pienaar;33\': Ibrahim Didier Ndong;30\': Wahbi Khazri;','80\': Kieran Gibbs;66\': Alexis Sanchez;64\': Petr Cech;',NULL,NULL,9,7,1025),(364349,'2016-10-29 16:30:00.000000','Finished',10,25584,2,4,'33\': James McArthur;18\': James McArthur;','71\': Roberto Firmino;44\': Joel Matip;21\': Dejan Lovren;16\': Emre Can;','63\': Yohan Cabaye;','71\': Roberto Firmino;49\': Emre Can;',NULL,NULL,6,38,1025),(364350,'2016-10-29 14:00:00.000000','Finished',10,31858,1,1,'44\': penalty Vincent Janssen;','48\': Ahmed Musa;','67\': Victor Wanyama;41\': Heung-Min Son;37\': Danny Rose;','88\': Danny Simpson;65\': Jamie Vardy;63\': Ahmed Musa;54\': Riyad Mahrez;',NULL,NULL,31,21,1025),(364351,'2016-10-30 13:30:00.000000','Finished',10,39557,2,0,'76\': Ross Barkley;50\': Romelu Lukaku;',NULL,'74\': Bryan Oviedo;32\': Idrissa Gana Gueye;','90\': Michail Antonio;67\': Winston Reid;54\': Pedro Mba Obiang;',NULL,NULL,43,20,1025),(364352,'2016-10-29 14:00:00.000000','Finished',10,19946,1,0,'83\':Own Michael Dawson;',NULL,'53\': Valon Behrami;','58\': Sam Clucas;57\': Ryan Mason;',NULL,NULL,22,29,1025),(364353,'2016-11-06 16:30:00.000000','Finished',11,31870,1,2,'55\': Islam Slimani;','72\': Matthew Phillips;52\': James Morrison;',NULL,'90\': Chris Brunt;87\': Craig Gardner;',NULL,NULL,16,31,1025),(364354,'2016-11-06 14:15:00.000000','Finished',11,53096,6,1,'90\': Georginio Wijnaldum;60\': Sadio Mane;57\': Roberto Firmino;43\': Emre Can;30\': Philippe Coutinho;27\': Sadio Mane;','75\': Daryl Janmaat;','88\': Georginio Wijnaldum;','80\': Miguel Britos;56\': Jose Holebas;',NULL,NULL,29,6,1025),(364355,'2016-11-06 12:00:00.000000','Finished',11,60033,1,1,'42\':Own Kevin Wimmer;','51\': penalty Harry Kane;','69\': Laurent Koscielny;','73\': Eric Dier;6\': Kevin Wimmer;',NULL,NULL,21,9,1025),(364356,'2016-11-05 15:00:00.000000','Finished',11,NULL,1,1,'43\': Sergio Aguero;','90\': Marten De Roon;','89\': Sergio Aguero;','89\': Marten De Roon;53\': Adam Clayton;21\': Adam Forshaw;',NULL,NULL,33,18,1025),(364357,'2016-11-05 15:00:00.000000','Finished',11,11012,1,2,'11\': Dan Gosling;','74\': penalty Jermain Defoe;33\': Victor Anichebe;','73\': Adam Smith;30\': Joshua King;3\': Harry Arter;','90\': Lynden Gooch;70\': Victor Anichebe;59\': Steven Pienaar;43\': Steven Pienaar;',NULL,'59\': Steven Pienaar;',7,756,1025),(364358,'2016-11-06 15:00:00.000000','Finished',11,20934,1,3,'69\': Mike van der Hoorn;','33\': Zlatan Ibrahimovic;21\': Zlatan Ibrahimovic;15\': Paul Pogba;',NULL,'80\': Juan Mata;76\': Zlatan Ibrahimovic;',NULL,NULL,17,19,1025),(364359,'2016-11-05 15:00:00.000000','Finished',11,19103,3,2,'90\': Ashley Barnes;14\': Johann Berg Gudmundsson;2\': Sam Vokes;','81\': penalty Christian Benteke;60\': Connor Wickham;','10\': Dean Marney;','78\': Damien Delaney;59\': James McArthur;',NULL,NULL,38,28,1025),(364360,'2016-11-05 15:00:00.000000','Finished',11,56927,1,1,'65\': Michail Antonio;','75\': Bojan Krkic;','88\': Mark Noble;76\': Adrian;72\': Edimilson Fernandes;12\': Michail Antonio;','90\': Joe Allen;',NULL,NULL,14,43,1025),(364361,'2016-11-05 17:30:00.000000','Finished',11,41387,5,0,'65\': Pedro Rodriguez;56\': Eden Hazard;42\': Diego Costa;20\': Marcos Alonso;19\': Eden Hazard;',NULL,NULL,'64\': Gareth Barry;30\': Phil Jagielka;15\': Yannick Bolasie;',NULL,NULL,20,15,1025),(364362,'2016-11-06 14:15:00.000000','Finished',11,17733,2,1,'63\': Michael Dawson;61\': Robert Snodgrass;','6\': penalty Charlie Austin;',NULL,'90\': Oriol Romeu;83\': Maya Yoshida;72\': Ryan Bertrand;57\': Jordy Clasie;29\': Dusan Tadic;',NULL,NULL,41,22,1025),(364363,'2016-11-19 15:00:00.000000','Finished',12,20594,2,1,'12\': Roberto Pereyra;1\': Etienne Capoue;','15\': penalty Riyad Mahrez;','32\': Miguel Britos;21\': Juan Camilo Zuniga;','81\': Demarai Gray;66\': Danny Drinkwater;54\': Christian Fuchs;',NULL,NULL,31,29,1025),(364364,'2016-11-19 12:30:00.000000','Finished',12,75178,1,1,'68\': Juan Mata;','89\': Olivier Giroud;','90\': Wayne Rooney;69\': Juan Mata;25\': Matteo Darmian;','90\': Granit Xhaka;86\': Aaron Ramsey;16\': Alexis Sanchez;',NULL,NULL,9,17,1025),(364365,'2016-11-21 20:00:00.000000','Finished',12,23008,4,0,'64\': Jose Salomon Rondon;37\': Darren Fletcher;16\': James Morrison;5\': Matthew Phillips;',NULL,NULL,NULL,NULL,NULL,28,16,1025),(364366,'2016-11-20 16:00:00.000000','Finished',12,32695,0,1,NULL,'41\': Diego Costa;','74\': Calum Chambers;9\': Adam Clayton;','73\': N\'Golo Kante;65\': David Luiz;51\': Cesar Azpilicueta;',NULL,NULL,15,33,1025),(364367,'2016-11-19 15:00:00.000000','Finished',12,31775,0,0,NULL,NULL,'61\': Cedric Soares;','78\': Philippe Coutinho;',NULL,NULL,6,41,1025),(364368,'2016-11-19 15:00:00.000000','Finished',12,27811,0,1,NULL,'26\': Nathan Ake;','90\': Charlie Adam;22\': Wilfried Bony;16\': Joe Allen;','49\': Adam Federici;44\': Dan Gosling;34\': Harry Arter;',NULL,NULL,756,14,1025),(364369,'2016-11-19 15:00:00.000000','Finished',12,41227,3,0,'84\': Victor Anichebe;62\': Victor Anichebe;34\': Jermain Defoe;',NULL,'89\':&nbsp; Papy Djilobodji;72\': Billy Jones;30\': Papy Djilobodji;',NULL,'89\':&nbsp; Papy Djilobodji;',NULL,22,7,1025),(364370,'2016-11-19 15:00:00.000000','Finished',12,25441,1,2,'66\': Connor Wickham;','83\': Yaya Toure;39\': Yaya Toure;','78\': Connor Wickham;','62\': Nolito;56\': Nicolas Otamendi;',NULL,NULL,18,38,1025),(364371,'2016-11-19 17:30:00.000000','Finished',12,33904,3,2,'90\': penalty Harry Kane;89\': Harry Kane;51\': Harry Winks;','68\': penalty Manuel Lanzini;24\': Michail Antonio;','62\': Danny Rose;53\': Kyle Walker;35\': Moussa Dembele;','90\':&nbsp; Winston Reid;90\': Winston Reid;64\': Michail Antonio;31\': Manuel Lanzini;',NULL,'90\':&nbsp; Winston Reid;',43,21,1025),(364372,'2016-11-19 15:00:00.000000','Finished',12,38755,1,1,'89\': Seamus Coleman;','41\': penalty Gylfi Sigurdsson;','90\': Kevin Mirallas;75\': Ross Barkley;64\': Leighton Baines;58\': James McCarthy;41\': Phil Jagielka;','42\': Kyle Naughton;38\': Modou Barrow;',NULL,NULL,19,20,1025),(364373,'2016-11-26 15:00:00.000000','Finished',13,32023,2,2,'90\': penalty Islam Slimani;34\': penalty Riyad Mahrez;','72\': Alvaro Negredo;13\': Alvaro Negredo;','65\': Jamie Vardy;51\': Daniel Amartey;37\': Christian Fuchs;29\': Marc Albrighton;','90\': Marten De Roon;90\': Victor Valdes;34\': Alvaro Negredo;31\': Calum Chambers;',NULL,NULL,33,31,1025),(364374,'2016-11-26 15:00:00.000000','Finished',13,45935,2,0,'90\': penalty James Milner;75\': Divock Origi;',NULL,'67\': Dejan Lovren;','70\': Steven Pienaar;64\': John O\'Shea;60\': Lamine Kone;',NULL,NULL,7,6,1025),(364375,'2016-11-27 16:30:00.000000','Finished',13,75293,1,1,'21\': Zlatan Ibrahimovic;','2\': Diafra Sakho;','90\': Antonio Valencia;88\': Marouane Fellaini;27\': Paul Pogba;','90\': Aaron Cresswell;',NULL,NULL,43,17,1025),(364376,'2016-11-27 14:15:00.000000','Finished',13,59977,3,1,'90\': Alexis Sanchez;53\': Theo Walcott;12\': Alexis Sanchez;','23\': penalty Callum Wilson;','90\': Gabriel Paulista;62\': Alexis Sanchez;22\': Shkodran Mustafi;','88\': Dan Gosling;80\': Brad Smith;73\': Harry Arter;7\': Simon Francis;4\': Steve Cook;',NULL,NULL,756,9,1025),(364377,'2016-11-27 16:30:00.000000','Finished',13,31091,1,0,'1\': Charlie Austin;',NULL,NULL,'78\': Romelu Lukaku;',NULL,NULL,20,41,1025),(364378,'2016-11-26 12:30:00.000000','Finished',13,21748,1,2,'14\': Dean Marney;','60\': Sergio Aguero;37\': Sergio Aguero;','66\': Matthew Lowton;34\': Dean Marney;','74\': Nolito;70\': Sergio Aguero;45\': Nicolas Otamendi;',NULL,NULL,18,28,1025),(364379,'2016-11-26 15:00:00.000000','Finished',13,20180,5,4,'90\': Fernando Llorente;90\': Fernando Llorente;68\': Leroy Fer;66\': Leroy Fer;36\': Gylfi Sigurdsson;','84\': Christian Benteke;82\':Own Jack Cork;75\': James Tomkins;19\': Wilfried Zaha;','86\': Jay Fulton;72\': Kyle Naughton;27\': Jack Cork;22\': Wayne Routledge;','90\': Yohan Cabaye;68\': Martin Kelly;67\': Jason Puncheon;54\': Andros Townsend;42\': Wayne Hennessey;',NULL,NULL,38,19,1025),(364380,'2016-11-26 17:30:00.000000','Finished',13,41494,2,1,'52\': Victor Moses;45\': Pedro Rodriguez;','11\': Christian Eriksen;','85\': Willian;19\': David Luiz;','26\': Moussa Dembele;',NULL,NULL,21,15,1025),(364381,'2016-11-27 12:00:00.000000','Finished',13,20044,0,1,NULL,'29\':Own Heurelho Gomes;','90\': Valon Behrami;90\': Miguel Britos;40\': Jose Holebas;26\': Miguel Britos;24\': Nordin Amrabat;',NULL,'90\': Miguel Britos;',NULL,14,29,1025),(364382,'2016-11-26 15:00:00.000000','Finished',13,18061,1,1,'72\': Michael Dawson;','34\': Gareth McAuley;','74\': Adama Diomande;45\': Sam Clucas;30\': Michael Dawson;','68\': Jonny Evans;61\': Gareth McAuley;',NULL,NULL,16,22,1025),(364383,'2016-12-03 15:00:00.000000',NULL,14,NULL,NULL,NULL,NULL,NULL,NULL,NULL,NULL,NULL,19,21,1025),(364384,'2016-12-03 15:00:00.000000',NULL,14,NULL,NULL,NULL,NULL,NULL,NULL,NULL,NULL,NULL,41,38,1025),(364385,'2016-12-03 15:00:00.000000',NULL,14,NULL,NULL,NULL,NULL,NULL,NULL,NULL,NULL,NULL,29,16,1025),(364386,'2016-12-04 16:00:00.000000',NULL,14,NULL,NULL,NULL,NULL,NULL,NULL,NULL,NULL,NULL,17,20,1025),(364387,'2016-12-03 17:30:00.000000',NULL,14,NULL,NULL,NULL,NULL,NULL,NULL,NULL,NULL,NULL,9,43,1025),(364388,'2016-12-03 12:30:00.000000',NULL,14,NULL,NULL,NULL,NULL,NULL,NULL,NULL,NULL,NULL,15,18,1025),(364389,'2016-12-05 20:00:00.000000',NULL,14,NULL,NULL,NULL,NULL,NULL,NULL,NULL,NULL,NULL,22,33,1025),(364390,'2016-12-03 15:00:00.000000',NULL,14,NULL,NULL,NULL,NULL,NULL,NULL,NULL,NULL,NULL,28,14,1025),(364391,'2016-12-03 15:00:00.000000',NULL,14,NULL,NULL,NULL,NULL,NULL,NULL,NULL,NULL,NULL,31,7,1025),(364392,'2016-12-04 13:30:00.000000',NULL,14,NULL,NULL,NULL,NULL,NULL,NULL,NULL,NULL,NULL,6,756,1025),(364393,'2016-12-10 15:00:00.000000',NULL,15,NULL,NULL,NULL,NULL,NULL,NULL,NULL,NULL,NULL,38,22,1025),(364394,'2016-12-10 17:30:00.000000',NULL,15,NULL,NULL,NULL,NULL,NULL,NULL,NULL,NULL,NULL,18,31,1025),(364395,'2016-12-11 16:30:00.000000',NULL,15,NULL,NULL,NULL,NULL,NULL,NULL,NULL,NULL,NULL,43,6,1025),(364396,'2016-12-10 15:00:00.000000',NULL,15,NULL,NULL,NULL,NULL,NULL,NULL,NULL,NULL,NULL,14,9,1025),(364397,'2016-12-10 15:00:00.000000',NULL,15,NULL,NULL,NULL,NULL,NULL,NULL,NULL,NULL,NULL,756,28,1025),(364398,'2016-12-10 15:00:00.000000',NULL,15,NULL,NULL,NULL,NULL,NULL,NULL,NULL,NULL,NULL,7,19,1025),(364399,'2016-12-11 12:00:00.000000',NULL,15,NULL,NULL,NULL,NULL,NULL,NULL,NULL,NULL,NULL,16,15,1025),(364400,'2016-12-10 12:30:00.000000',NULL,15,NULL,NULL,NULL,NULL,NULL,NULL,NULL,NULL,NULL,20,29,1025),(364401,'2016-12-11 14:15:00.000000',NULL,15,NULL,NULL,NULL,NULL,NULL,NULL,NULL,NULL,NULL,21,17,1025),(364402,'2016-12-11 14:15:00.000000',NULL,15,NULL,NULL,NULL,NULL,NULL,NULL,NULL,NULL,NULL,33,41,1025),(364403,'2016-12-13 19:45:00.000000',NULL,16,NULL,NULL,NULL,NULL,NULL,NULL,NULL,NULL,NULL,31,756,1025),(364404,'2016-12-14 19:45:00.000000',NULL,16,NULL,NULL,NULL,NULL,NULL,NULL,NULL,NULL,NULL,15,7,1025),(364405,'2016-12-14 19:45:00.000000',NULL,16,NULL,NULL,NULL,NULL,NULL,NULL,NULL,NULL,NULL,28,43,1025),(364406,'2016-12-14 20:00:00.000000',NULL,16,NULL,NULL,NULL,NULL,NULL,NULL,NULL,NULL,NULL,19,16,1025),(364407,'2016-12-13 19:45:00.000000',NULL,16,NULL,NULL,NULL,NULL,NULL,NULL,NULL,NULL,NULL,9,20,1025),(364408,'2016-12-14 19:45:00.000000',NULL,16,NULL,NULL,NULL,NULL,NULL,NULL,NULL,NULL,NULL,6,33,1025),(364409,'2016-12-14 20:00:00.000000',NULL,16,NULL,NULL,NULL,NULL,NULL,NULL,NULL,NULL,NULL,29,18,1025),(364410,'2016-12-14 20:00:00.000000',NULL,16,NULL,NULL,NULL,NULL,NULL,NULL,NULL,NULL,NULL,41,14,1025),(364411,'2016-12-14 20:00:00.000000',NULL,16,NULL,NULL,NULL,NULL,NULL,NULL,NULL,NULL,NULL,22,21,1025),(364412,'2016-12-14 20:00:00.000000',NULL,16,NULL,NULL,NULL,NULL,NULL,NULL,NULL,NULL,NULL,17,38,1025),(364413,'2016-12-17 12:30:00.000000',NULL,17,NULL,NULL,NULL,NULL,NULL,NULL,NULL,NULL,NULL,15,38,1025),(364414,'2016-12-17 17:30:00.000000',NULL,17,NULL,NULL,NULL,NULL,NULL,NULL,NULL,NULL,NULL,17,16,1025),(364415,'2016-12-19 20:00:00.000000',NULL,17,NULL,NULL,NULL,NULL,NULL,NULL,NULL,NULL,NULL,6,20,1025),(364416,'2016-12-17 15:00:00.000000',NULL,17,NULL,NULL,NULL,NULL,NULL,NULL,NULL,NULL,NULL,22,43,1025),(364417,'2016-12-18 16:00:00.000000',NULL,17,NULL,NULL,NULL,NULL,NULL,NULL,NULL,NULL,NULL,9,18,1025),(364418,'2016-12-17 15:00:00.000000',NULL,17,NULL,NULL,NULL,NULL,NULL,NULL,NULL,NULL,NULL,19,33,1025),(364419,'2016-12-17 15:00:00.000000',NULL,17,NULL,NULL,NULL,NULL,NULL,NULL,NULL,NULL,NULL,31,14,1025),(364420,'2016-12-17 15:00:00.000000',NULL,17,NULL,NULL,NULL,NULL,NULL,NULL,NULL,NULL,NULL,29,7,1025),(364421,'2016-12-18 13:30:00.000000',NULL,17,NULL,NULL,NULL,NULL,NULL,NULL,NULL,NULL,NULL,41,756,1025),(364422,'2016-12-18 16:00:00.000000',NULL,17,NULL,NULL,NULL,NULL,NULL,NULL,NULL,NULL,NULL,28,21,1025),(364423,'2016-12-26 15:00:00.000000',NULL,18,NULL,NULL,NULL,NULL,NULL,NULL,NULL,NULL,NULL,20,31,1025),(364424,'2016-12-27 17:15:00.000000',NULL,18,NULL,NULL,NULL,NULL,NULL,NULL,NULL,NULL,NULL,14,6,1025),(364425,'2016-12-26 15:00:00.000000',NULL,18,NULL,NULL,NULL,NULL,NULL,NULL,NULL,NULL,NULL,7,17,1025),(364426,'2016-12-26 15:00:00.000000',NULL,18,NULL,NULL,NULL,NULL,NULL,NULL,NULL,NULL,NULL,16,9,1025),(364427,'2016-12-28 19:45:00.000000',NULL,18,NULL,NULL,NULL,NULL,NULL,NULL,NULL,NULL,NULL,21,41,1025),(364428,'2016-12-26 15:00:00.000000',NULL,18,NULL,NULL,NULL,NULL,NULL,NULL,NULL,NULL,NULL,33,28,1025),(364429,'2016-12-26 15:00:00.000000',NULL,18,NULL,NULL,NULL,NULL,NULL,NULL,NULL,NULL,NULL,43,19,1025),(364430,'2016-12-26 15:00:00.000000',NULL,18,NULL,NULL,NULL,NULL,NULL,NULL,NULL,NULL,NULL,756,15,1025),(364431,'2016-12-26 12:30:00.000000',NULL,18,NULL,NULL,NULL,NULL,NULL,NULL,NULL,NULL,NULL,38,29,1025),(364432,'2016-12-26 17:15:00.000000',NULL,18,NULL,NULL,NULL,NULL,NULL,NULL,NULL,NULL,NULL,18,22,1025),(364433,'2017-01-01 16:00:00.000000',NULL,19,NULL,NULL,NULL,NULL,NULL,NULL,NULL,NULL,NULL,38,9,1025),(364434,'2016-12-31 15:00:00.000000',NULL,19,NULL,NULL,NULL,NULL,NULL,NULL,NULL,NULL,NULL,16,41,1025),(364435,'2016-12-31 15:00:00.000000',NULL,19,NULL,NULL,NULL,NULL,NULL,NULL,NULL,NULL,NULL,7,28,1025),(364436,'2016-12-31 15:00:00.000000',NULL,19,NULL,NULL,NULL,NULL,NULL,NULL,NULL,NULL,NULL,756,19,1025),(364437,'2016-12-31 15:00:00.000000',NULL,19,NULL,NULL,NULL,NULL,NULL,NULL,NULL,NULL,NULL,14,15,1025),(364438,'2017-01-01 13:30:00.000000',NULL,19,NULL,NULL,NULL,NULL,NULL,NULL,NULL,NULL,NULL,21,29,1025),(364439,'2016-12-30 20:00:00.000000',NULL,19,NULL,NULL,NULL,NULL,NULL,NULL,NULL,NULL,NULL,20,22,1025),(364440,'2016-12-31 15:00:00.000000',NULL,19,NULL,NULL,NULL,NULL,NULL,NULL,NULL,NULL,NULL,43,31,1025),(364441,'2016-12-31 17:30:00.000000',NULL,19,NULL,NULL,NULL,NULL,NULL,NULL,NULL,NULL,NULL,18,6,1025),(364442,'2016-12-31 15:00:00.000000',NULL,19,NULL,NULL,NULL,NULL,NULL,NULL,NULL,NULL,NULL,33,17,1025),(364443,'2017-01-02 17:15:00.000000',NULL,20,NULL,NULL,NULL,NULL,NULL,NULL,NULL,NULL,NULL,17,43,1025),(364444,'2017-01-02 15:00:00.000000',NULL,20,NULL,NULL,NULL,NULL,NULL,NULL,NULL,NULL,NULL,28,18,1025),(364445,'2017-01-02 12:30:00.000000',NULL,20,NULL,NULL,NULL,NULL,NULL,NULL,NULL,NULL,NULL,31,33,1025),(364446,'2017-01-03 20:00:00.000000',NULL,20,NULL,NULL,NULL,NULL,NULL,NULL,NULL,NULL,NULL,29,14,1025),(364447,'2017-01-02 15:00:00.000000',NULL,20,NULL,NULL,NULL,NULL,NULL,NULL,NULL,NULL,NULL,6,7,1025),(364448,'2017-01-03 19:45:00.000000',NULL,20,NULL,NULL,NULL,NULL,NULL,NULL,NULL,NULL,NULL,9,756,1025),(364449,'2017-01-04 20:00:00.000000',NULL,20,NULL,NULL,NULL,NULL,NULL,NULL,NULL,NULL,NULL,15,21,1025),(364450,'2017-01-03 20:00:00.000000',NULL,20,NULL,NULL,NULL,NULL,NULL,NULL,NULL,NULL,NULL,19,38,1025),(364451,'2017-01-02 15:00:00.000000',NULL,20,NULL,NULL,NULL,NULL,NULL,NULL,NULL,NULL,NULL,22,16,1025),(364452,'2017-01-02 15:00:00.000000',NULL,20,NULL,NULL,NULL,NULL,NULL,NULL,NULL,NULL,NULL,41,20,1025),(364453,'2017-01-14 15:00:00.000000',NULL,21,NULL,NULL,NULL,NULL,NULL,NULL,NULL,NULL,NULL,9,19,1025),(364454,'2017-01-14 15:00:00.000000',NULL,21,NULL,NULL,NULL,NULL,NULL,NULL,NULL,NULL,NULL,41,28,1025),(364455,'2017-01-14 12:30:00.000000',NULL,21,NULL,NULL,NULL,NULL,NULL,NULL,NULL,NULL,NULL,16,21,1025),(364456,'2017-01-15 13:30:00.000000',NULL,21,NULL,NULL,NULL,NULL,NULL,NULL,NULL,NULL,NULL,18,20,1025),(364457,'2017-01-14 15:00:00.000000',NULL,21,NULL,NULL,NULL,NULL,NULL,NULL,NULL,NULL,NULL,33,29,1025),(364458,'2017-01-14 15:00:00.000000',NULL,21,NULL,NULL,NULL,NULL,NULL,NULL,NULL,NULL,NULL,756,22,1025),(364459,'2017-01-14 15:00:00.000000',NULL,21,NULL,NULL,NULL,NULL,NULL,NULL,NULL,NULL,NULL,38,43,1025),(364460,'2017-01-14 17:30:00.000000',NULL,21,NULL,NULL,NULL,NULL,NULL,NULL,NULL,NULL,NULL,15,31,1025),(364461,'2017-01-15 16:00:00.000000',NULL,21,NULL,NULL,NULL,NULL,NULL,NULL,NULL,NULL,NULL,6,17,1025),(364462,'2017-01-14 15:00:00.000000',NULL,21,NULL,NULL,NULL,NULL,NULL,NULL,NULL,NULL,NULL,14,7,1025),(364463,'2017-01-22 16:00:00.000000',NULL,22,NULL,NULL,NULL,NULL,NULL,NULL,NULL,NULL,NULL,22,15,1025),(364464,'2017-01-21 15:00:00.000000',NULL,22,NULL,NULL,NULL,NULL,NULL,NULL,NULL,NULL,NULL,7,16,1025),(364465,'2017-01-21 15:00:00.000000',NULL,22,NULL,NULL,NULL,NULL,NULL,NULL,NULL,NULL,NULL,20,38,1025),(364466,'2017-01-21 12:30:00.000000',NULL,22,NULL,NULL,NULL,NULL,NULL,NULL,NULL,NULL,NULL,19,6,1025),(364467,'2017-01-21 17:30:00.000000',NULL,22,NULL,NULL,NULL,NULL,NULL,NULL,NULL,NULL,NULL,21,18,1025),(364468,'2017-01-21 15:00:00.000000',NULL,22,NULL,NULL,NULL,NULL,NULL,NULL,NULL,NULL,NULL,43,33,1025),(364469,'2017-01-22 13:30:00.000000',NULL,22,NULL,NULL,NULL,NULL,NULL,NULL,NULL,NULL,NULL,28,9,1025),(364470,'2017-01-23 20:00:00.000000',NULL,22,NULL,NULL,NULL,NULL,NULL,NULL,NULL,NULL,NULL,31,41,1025),(364471,'2017-01-21 15:00:00.000000',NULL,22,NULL,NULL,NULL,NULL,NULL,NULL,NULL,NULL,NULL,29,756,1025),(364472,'2017-01-21 15:00:00.000000',NULL,22,NULL,NULL,NULL,NULL,NULL,NULL,NULL,NULL,NULL,17,14,1025),(364473,'2017-01-31 19:45:00.000000',NULL,23,NULL,NULL,NULL,NULL,NULL,NULL,NULL,NULL,NULL,41,19,1025),(364474,'2017-02-01 19:45:00.000000',NULL,23,NULL,NULL,NULL,NULL,NULL,NULL,NULL,NULL,NULL,18,43,1025),(364475,'2017-01-31 19:45:00.000000',NULL,23,NULL,NULL,NULL,NULL,NULL,NULL,NULL,NULL,NULL,29,9,1025),(364476,'2017-01-31 19:45:00.000000',NULL,23,NULL,NULL,NULL,NULL,NULL,NULL,NULL,NULL,NULL,38,756,1025),(364477,'2017-01-31 19:45:00.000000',NULL,23,NULL,NULL,NULL,NULL,NULL,NULL,NULL,NULL,NULL,31,28,1025),(364478,'2017-01-31 19:45:00.000000',NULL,23,NULL,NULL,NULL,NULL,NULL,NULL,NULL,NULL,NULL,16,33,1025),(364479,'2017-01-31 19:45:00.000000',NULL,23,NULL,NULL,NULL,NULL,NULL,NULL,NULL,NULL,NULL,21,7,1025),(364480,'2017-02-01 20:00:00.000000',NULL,23,NULL,NULL,NULL,NULL,NULL,NULL,NULL,NULL,NULL,22,17,1025),(364481,'2017-01-31 20:00:00.000000',NULL,23,NULL,NULL,NULL,NULL,NULL,NULL,NULL,NULL,NULL,15,6,1025),(364482,'2017-02-01 20:00:00.000000',NULL,23,NULL,NULL,NULL,NULL,NULL,NULL,NULL,NULL,NULL,20,14,1025),(364483,'2017-02-04 15:00:00.000000',NULL,24,NULL,NULL,NULL,NULL,NULL,NULL,NULL,NULL,NULL,7,38,1025),(364484,'2017-02-04 15:00:00.000000',NULL,24,NULL,NULL,NULL,NULL,NULL,NULL,NULL,NULL,NULL,28,29,1025),(364485,'2017-02-04 15:00:00.000000',NULL,24,NULL,NULL,NULL,NULL,NULL,NULL,NULL,NULL,NULL,756,20,1025),(364486,'2017-02-04 15:00:00.000000',NULL,24,NULL,NULL,NULL,NULL,NULL,NULL,NULL,NULL,NULL,14,16,1025),(364487,'2017-02-04 15:00:00.000000',NULL,24,NULL,NULL,NULL,NULL,NULL,NULL,NULL,NULL,NULL,6,22,1025),(364488,'2017-02-04 15:00:00.000000',NULL,24,NULL,NULL,NULL,NULL,NULL,NULL,NULL,NULL,NULL,17,31,1025),(364489,'2017-02-04 15:00:00.000000',NULL,24,NULL,NULL,NULL,NULL,NULL,NULL,NULL,NULL,NULL,19,18,1025),(364490,'2017-02-04 15:00:00.000000',NULL,24,NULL,NULL,NULL,NULL,NULL,NULL,NULL,NULL,NULL,43,41,1025),(364491,'2017-02-04 15:00:00.000000',NULL,24,NULL,NULL,NULL,NULL,NULL,NULL,NULL,NULL,NULL,9,15,1025),(364492,'2017-02-04 15:00:00.000000',NULL,24,NULL,NULL,NULL,NULL,NULL,NULL,NULL,NULL,NULL,33,21,1025),(364493,'2017-02-11 15:00:00.000000',NULL,25,NULL,NULL,NULL,NULL,NULL,NULL,NULL,NULL,NULL,29,17,1025),(364494,'2017-02-11 15:00:00.000000',NULL,25,NULL,NULL,NULL,NULL,NULL,NULL,NULL,NULL,NULL,20,33,1025),(364495,'2017-02-11 15:00:00.000000',NULL,25,NULL,NULL,NULL,NULL,NULL,NULL,NULL,NULL,NULL,38,14,1025),(364496,'2017-02-11 15:00:00.000000',NULL,25,NULL,NULL,NULL,NULL,NULL,NULL,NULL,NULL,NULL,22,9,1025),(364497,'2017-02-11 15:00:00.000000',NULL,25,NULL,NULL,NULL,NULL,NULL,NULL,NULL,NULL,NULL,41,7,1025),(364498,'2017-02-11 15:00:00.000000',NULL,25,NULL,NULL,NULL,NULL,NULL,NULL,NULL,NULL,NULL,18,756,1025),(364499,'2017-02-11 15:00:00.000000',NULL,25,NULL,NULL,NULL,NULL,NULL,NULL,NULL,NULL,NULL,31,19,1025),(364500,'2017-02-11 15:00:00.000000',NULL,25,NULL,NULL,NULL,NULL,NULL,NULL,NULL,NULL,NULL,15,28,1025),(364501,'2017-02-11 15:00:00.000000',NULL,25,NULL,NULL,NULL,NULL,NULL,NULL,NULL,NULL,NULL,16,43,1025),(364502,'2017-02-11 15:00:00.000000',NULL,25,NULL,NULL,NULL,NULL,NULL,NULL,NULL,NULL,NULL,21,6,1025),(364503,'2017-02-25 15:00:00.000000',NULL,26,NULL,NULL,NULL,NULL,NULL,NULL,NULL,NULL,NULL,19,15,1025),(364504,'2017-02-25 15:00:00.000000',NULL,26,NULL,NULL,NULL,NULL,NULL,NULL,NULL,NULL,NULL,14,21,1025),(364505,'2017-02-25 15:00:00.000000',NULL,26,NULL,NULL,NULL,NULL,NULL,NULL,NULL,NULL,NULL,33,38,1025),(364506,'2017-02-25 15:00:00.000000',NULL,26,NULL,NULL,NULL,NULL,NULL,NULL,NULL,NULL,NULL,43,29,1025),(364507,'2017-02-25 15:00:00.000000',NULL,26,NULL,NULL,NULL,NULL,NULL,NULL,NULL,NULL,NULL,7,20,1025),(364508,'2017-02-25 15:00:00.000000',NULL,26,NULL,NULL,NULL,NULL,NULL,NULL,NULL,NULL,NULL,756,16,1025),(364509,'2017-02-25 15:00:00.000000',NULL,26,NULL,NULL,NULL,NULL,NULL,NULL,NULL,NULL,NULL,28,22,1025),(364510,'2017-02-25 15:00:00.000000',NULL,26,NULL,NULL,NULL,NULL,NULL,NULL,NULL,NULL,NULL,6,31,1025),(364511,'2017-02-25 15:00:00.000000',NULL,26,NULL,NULL,NULL,NULL,NULL,NULL,NULL,NULL,NULL,17,18,1025),(364512,'2017-02-25 15:00:00.000000',NULL,26,NULL,NULL,NULL,NULL,NULL,NULL,NULL,NULL,NULL,9,41,1025),(364513,'2017-03-04 15:00:00.000000',NULL,27,NULL,NULL,NULL,NULL,NULL,NULL,NULL,NULL,NULL,33,14,1025),(364514,'2017-03-04 15:00:00.000000',NULL,27,NULL,NULL,NULL,NULL,NULL,NULL,NULL,NULL,NULL,18,7,1025),(364515,'2017-03-04 15:00:00.000000',NULL,27,NULL,NULL,NULL,NULL,NULL,NULL,NULL,NULL,NULL,28,19,1025),(364516,'2017-03-04 15:00:00.000000',NULL,27,NULL,NULL,NULL,NULL,NULL,NULL,NULL,NULL,NULL,20,21,1025),(364517,'2017-03-04 15:00:00.000000',NULL,27,NULL,NULL,NULL,NULL,NULL,NULL,NULL,NULL,NULL,22,31,1025),(364518,'2017-03-04 15:00:00.000000',NULL,27,NULL,NULL,NULL,NULL,NULL,NULL,NULL,NULL,NULL,41,29,1025),(364519,'2017-03-04 15:00:00.000000',NULL,27,NULL,NULL,NULL,NULL,NULL,NULL,NULL,NULL,NULL,9,6,1025),(364520,'2017-03-04 15:00:00.000000',NULL,27,NULL,NULL,NULL,NULL,NULL,NULL,NULL,NULL,NULL,38,16,1025),(364521,'2017-03-04 15:00:00.000000',NULL,27,NULL,NULL,NULL,NULL,NULL,NULL,NULL,NULL,NULL,756,17,1025),(364522,'2017-03-04 15:00:00.000000',NULL,27,NULL,NULL,NULL,NULL,NULL,NULL,NULL,NULL,NULL,15,43,1025),(364523,'2017-03-11 15:00:00.000000',NULL,28,NULL,NULL,NULL,NULL,NULL,NULL,NULL,NULL,NULL,19,22,1025),(364524,'2017-03-11 15:00:00.000000',NULL,28,NULL,NULL,NULL,NULL,NULL,NULL,NULL,NULL,NULL,31,9,1025),(364525,'2017-03-11 15:00:00.000000',NULL,28,NULL,NULL,NULL,NULL,NULL,NULL,NULL,NULL,NULL,14,18,1025),(364526,'2017-03-11 15:00:00.000000',NULL,28,NULL,NULL,NULL,NULL,NULL,NULL,NULL,NULL,NULL,43,756,1025),(364527,'2017-03-11 15:00:00.000000',NULL,28,NULL,NULL,NULL,NULL,NULL,NULL,NULL,NULL,NULL,7,33,1025),(364528,'2017-03-11 15:00:00.000000',NULL,28,NULL,NULL,NULL,NULL,NULL,NULL,NULL,NULL,NULL,17,41,1025),(364529,'2017-03-11 15:00:00.000000',NULL,28,NULL,NULL,NULL,NULL,NULL,NULL,NULL,NULL,NULL,29,15,1025),(364530,'2017-03-11 15:00:00.000000',NULL,28,NULL,NULL,NULL,NULL,NULL,NULL,NULL,NULL,NULL,21,38,1025),(364531,'2017-03-11 15:00:00.000000',NULL,28,NULL,NULL,NULL,NULL,NULL,NULL,NULL,NULL,NULL,16,20,1025),(364532,'2017-03-12 16:00:00.000000',NULL,28,NULL,NULL,NULL,NULL,NULL,NULL,NULL,NULL,NULL,28,6,1025),(364533,'2017-03-18 15:00:00.000000',NULL,29,NULL,NULL,NULL,NULL,NULL,NULL,NULL,NULL,NULL,22,20,1025),(364534,'2017-03-18 15:00:00.000000',NULL,29,NULL,NULL,NULL,NULL,NULL,NULL,NULL,NULL,NULL,31,43,1025),(364535,'2017-03-18 15:00:00.000000',NULL,29,NULL,NULL,NULL,NULL,NULL,NULL,NULL,NULL,NULL,6,18,1025),(364536,'2017-03-18 15:00:00.000000',NULL,29,NULL,NULL,NULL,NULL,NULL,NULL,NULL,NULL,NULL,17,33,1025),(364537,'2017-03-18 15:00:00.000000',NULL,29,NULL,NULL,NULL,NULL,NULL,NULL,NULL,NULL,NULL,15,14,1025),(364538,'2017-03-18 15:00:00.000000',NULL,29,NULL,NULL,NULL,NULL,NULL,NULL,NULL,NULL,NULL,28,7,1025),(364539,'2017-03-18 15:00:00.000000',NULL,29,NULL,NULL,NULL,NULL,NULL,NULL,NULL,NULL,NULL,19,756,1025),(364540,'2017-03-18 15:00:00.000000',NULL,29,NULL,NULL,NULL,NULL,NULL,NULL,NULL,NULL,NULL,41,21,1025),(364541,'2017-03-18 15:00:00.000000',NULL,29,NULL,NULL,NULL,NULL,NULL,NULL,NULL,NULL,NULL,29,38,1025),(364542,'2017-03-18 15:00:00.000000',NULL,29,NULL,NULL,NULL,NULL,NULL,NULL,NULL,NULL,NULL,9,16,1025),(364543,'2017-04-01 14:00:00.000000',NULL,30,NULL,NULL,NULL,NULL,NULL,NULL,NULL,NULL,NULL,20,6,1025),(364544,'2017-04-01 14:00:00.000000',NULL,30,NULL,NULL,NULL,NULL,NULL,NULL,NULL,NULL,NULL,16,17,1025),(364545,'2017-04-01 14:00:00.000000',NULL,30,NULL,NULL,NULL,NULL,NULL,NULL,NULL,NULL,NULL,18,9,1025),(364546,'2017-04-01 14:00:00.000000',NULL,30,NULL,NULL,NULL,NULL,NULL,NULL,NULL,NULL,NULL,756,41,1025),(364547,'2017-04-01 14:00:00.000000',NULL,30,NULL,NULL,NULL,NULL,NULL,NULL,NULL,NULL,NULL,21,28,1025),(364548,'2017-04-01 14:00:00.000000',NULL,30,NULL,NULL,NULL,NULL,NULL,NULL,NULL,NULL,NULL,33,19,1025),(364549,'2017-04-01 14:00:00.000000',NULL,30,NULL,NULL,NULL,NULL,NULL,NULL,NULL,NULL,NULL,38,15,1025),(364550,'2017-04-01 14:00:00.000000',NULL,30,NULL,NULL,NULL,NULL,NULL,NULL,NULL,NULL,NULL,7,29,1025),(364551,'2017-04-01 14:00:00.000000',NULL,30,NULL,NULL,NULL,NULL,NULL,NULL,NULL,NULL,NULL,43,22,1025),(364552,'2017-04-01 14:00:00.000000',NULL,30,NULL,NULL,NULL,NULL,NULL,NULL,NULL,NULL,NULL,14,31,1025),(364553,'2017-04-04 18:45:00.000000',NULL,31,NULL,NULL,NULL,NULL,NULL,NULL,NULL,NULL,NULL,14,28,1025),(364554,'2017-04-04 18:45:00.000000',NULL,31,NULL,NULL,NULL,NULL,NULL,NULL,NULL,NULL,NULL,33,22,1025),(364555,'2017-04-04 18:45:00.000000',NULL,31,NULL,NULL,NULL,NULL,NULL,NULL,NULL,NULL,NULL,7,31,1025),(364556,'2017-04-04 18:45:00.000000',NULL,31,NULL,NULL,NULL,NULL,NULL,NULL,NULL,NULL,NULL,21,19,1025),(364557,'2017-04-04 18:45:00.000000',NULL,31,NULL,NULL,NULL,NULL,NULL,NULL,NULL,NULL,NULL,16,29,1025),(364558,'2017-04-04 18:45:00.000000',NULL,31,NULL,NULL,NULL,NULL,NULL,NULL,NULL,NULL,NULL,43,9,1025),(364559,'2017-04-04 19:00:00.000000',NULL,31,NULL,NULL,NULL,NULL,NULL,NULL,NULL,NULL,NULL,20,17,1025),(364560,'2017-04-05 18:45:00.000000',NULL,31,NULL,NULL,NULL,NULL,NULL,NULL,NULL,NULL,NULL,38,41,1025),(364561,'2017-04-05 18:45:00.000000',NULL,31,NULL,NULL,NULL,NULL,NULL,NULL,NULL,NULL,NULL,18,15,1025),(364562,'2017-04-05 19:00:00.000000',NULL,31,NULL,NULL,NULL,NULL,NULL,NULL,NULL,NULL,NULL,756,6,1025),(364563,'2017-04-08 14:00:00.000000',NULL,32,NULL,NULL,NULL,NULL,NULL,NULL,NULL,NULL,NULL,28,33,1025),(364564,'2017-04-08 14:00:00.000000',NULL,32,NULL,NULL,NULL,NULL,NULL,NULL,NULL,NULL,NULL,6,14,1025),(364565,'2017-04-08 14:00:00.000000',NULL,32,NULL,NULL,NULL,NULL,NULL,NULL,NULL,NULL,NULL,17,7,1025),(364566,'2017-04-08 14:00:00.000000',NULL,32,NULL,NULL,NULL,NULL,NULL,NULL,NULL,NULL,NULL,15,756,1025),(364567,'2017-04-08 14:00:00.000000',NULL,32,NULL,NULL,NULL,NULL,NULL,NULL,NULL,NULL,NULL,29,21,1025),(364568,'2017-04-08 14:00:00.000000',NULL,32,NULL,NULL,NULL,NULL,NULL,NULL,NULL,NULL,NULL,9,38,1025),(364569,'2017-04-08 14:00:00.000000',NULL,32,NULL,NULL,NULL,NULL,NULL,NULL,NULL,NULL,NULL,41,16,1025),(364570,'2017-04-08 14:00:00.000000',NULL,32,NULL,NULL,NULL,NULL,NULL,NULL,NULL,NULL,NULL,31,20,1025),(364571,'2017-04-08 14:00:00.000000',NULL,32,NULL,NULL,NULL,NULL,NULL,NULL,NULL,NULL,NULL,19,43,1025),(364572,'2017-04-08 14:00:00.000000',NULL,32,NULL,NULL,NULL,NULL,NULL,NULL,NULL,NULL,NULL,22,18,1025),(364573,'2017-04-15 14:00:00.000000',NULL,33,NULL,NULL,NULL,NULL,NULL,NULL,NULL,NULL,NULL,31,38,1025),(364574,'2017-04-15 14:00:00.000000',NULL,33,NULL,NULL,NULL,NULL,NULL,NULL,NULL,NULL,NULL,756,21,1025),(364575,'2017-04-15 14:00:00.000000',NULL,33,NULL,NULL,NULL,NULL,NULL,NULL,NULL,NULL,NULL,28,20,1025),(364576,'2017-04-15 14:00:00.000000',NULL,33,NULL,NULL,NULL,NULL,NULL,NULL,NULL,NULL,NULL,19,29,1025),(364577,'2017-04-15 14:00:00.000000',NULL,33,NULL,NULL,NULL,NULL,NULL,NULL,NULL,NULL,NULL,15,17,1025),(364578,'2017-04-15 14:00:00.000000',NULL,33,NULL,NULL,NULL,NULL,NULL,NULL,NULL,NULL,NULL,9,33,1025),(364579,'2017-04-15 14:00:00.000000',NULL,33,NULL,NULL,NULL,NULL,NULL,NULL,NULL,NULL,NULL,18,41,1025),(364580,'2017-04-15 14:00:00.000000',NULL,33,NULL,NULL,NULL,NULL,NULL,NULL,NULL,NULL,NULL,22,14,1025),(364581,'2017-04-15 14:00:00.000000',NULL,33,NULL,NULL,NULL,NULL,NULL,NULL,NULL,NULL,NULL,43,7,1025),(364582,'2017-04-16 15:00:00.000000',NULL,33,NULL,NULL,NULL,NULL,NULL,NULL,NULL,NULL,NULL,6,16,1025),(364583,'2017-04-22 14:00:00.000000',NULL,34,NULL,NULL,NULL,NULL,NULL,NULL,NULL,NULL,NULL,41,15,1025),(364584,'2017-04-22 14:00:00.000000',NULL,34,NULL,NULL,NULL,NULL,NULL,NULL,NULL,NULL,NULL,29,22,1025),(364585,'2017-04-22 14:00:00.000000',NULL,34,NULL,NULL,NULL,NULL,NULL,NULL,NULL,NULL,NULL,21,31,1025),(364586,'2017-04-22 14:00:00.000000',NULL,34,NULL,NULL,NULL,NULL,NULL,NULL,NULL,NULL,NULL,38,6,1025),(364587,'2017-04-22 14:00:00.000000',NULL,34,NULL,NULL,NULL,NULL,NULL,NULL,NULL,NULL,NULL,7,9,1025),(364588,'2017-04-22 14:00:00.000000',NULL,34,NULL,NULL,NULL,NULL,NULL,NULL,NULL,NULL,NULL,16,18,1025),(364589,'2017-04-22 14:00:00.000000',NULL,34,NULL,NULL,NULL,NULL,NULL,NULL,NULL,NULL,NULL,33,756,1025),(364590,'2017-04-22 14:00:00.000000',NULL,34,NULL,NULL,NULL,NULL,NULL,NULL,NULL,NULL,NULL,14,19,1025),(364591,'2017-04-22 14:00:00.000000',NULL,34,NULL,NULL,NULL,NULL,NULL,NULL,NULL,NULL,NULL,17,28,1025),(364592,'2017-04-22 14:00:00.000000',NULL,34,NULL,NULL,NULL,NULL,NULL,NULL,NULL,NULL,NULL,20,43,1025),(364593,'2017-04-29 14:00:00.000000',NULL,35,NULL,NULL,NULL,NULL,NULL,NULL,NULL,NULL,NULL,756,7,1025),(364594,'2017-04-29 14:00:00.000000',NULL,35,NULL,NULL,NULL,NULL,NULL,NULL,NULL,NULL,NULL,28,38,1025),(364595,'2017-04-29 14:00:00.000000',NULL,35,NULL,NULL,NULL,NULL,NULL,NULL,NULL,NULL,NULL,9,21,1025),(364596,'2017-04-29 14:00:00.000000',NULL,35,NULL,NULL,NULL,NULL,NULL,NULL,NULL,NULL,NULL,15,20,1025),(364597,'2017-04-29 14:00:00.000000',NULL,35,NULL,NULL,NULL,NULL,NULL,NULL,NULL,NULL,NULL,6,29,1025),(364598,'2017-04-29 14:00:00.000000',NULL,35,NULL,NULL,NULL,NULL,NULL,NULL,NULL,NULL,NULL,19,17,1025),(364599,'2017-04-29 14:00:00.000000',NULL,35,NULL,NULL,NULL,NULL,NULL,NULL,NULL,NULL,NULL,31,16,1025),(364600,'2017-04-29 14:00:00.000000',NULL,35,NULL,NULL,NULL,NULL,NULL,NULL,NULL,NULL,NULL,18,33,1025),(364601,'2017-04-29 14:00:00.000000',NULL,35,NULL,NULL,NULL,NULL,NULL,NULL,NULL,NULL,NULL,22,41,1025),(364602,'2017-04-29 14:00:00.000000',NULL,35,NULL,NULL,NULL,NULL,NULL,NULL,NULL,NULL,NULL,43,14,1025),(364603,'2017-05-06 14:00:00.000000',NULL,36,NULL,NULL,NULL,NULL,NULL,NULL,NULL,NULL,NULL,16,28,1025),(364604,'2017-05-06 14:00:00.000000',NULL,36,NULL,NULL,NULL,NULL,NULL,NULL,NULL,NULL,NULL,21,43,1025),(364605,'2017-05-06 14:00:00.000000',NULL,36,NULL,NULL,NULL,NULL,NULL,NULL,NULL,NULL,NULL,33,15,1025),(364606,'2017-05-06 14:00:00.000000',NULL,36,NULL,NULL,NULL,NULL,NULL,NULL,NULL,NULL,NULL,7,22,1025),(364607,'2017-05-06 14:00:00.000000',NULL,36,NULL,NULL,NULL,NULL,NULL,NULL,NULL,NULL,NULL,29,31,1025),(364608,'2017-05-06 14:00:00.000000',NULL,36,NULL,NULL,NULL,NULL,NULL,NULL,NULL,NULL,NULL,41,6,1025),(364609,'2017-05-06 14:00:00.000000',NULL,36,NULL,NULL,NULL,NULL,NULL,NULL,NULL,NULL,NULL,17,9,1025),(364610,'2017-05-06 14:00:00.000000',NULL,36,NULL,NULL,NULL,NULL,NULL,NULL,NULL,NULL,NULL,38,18,1025),(364611,'2017-05-06 14:00:00.000000',NULL,36,NULL,NULL,NULL,NULL,NULL,NULL,NULL,NULL,NULL,14,756,1025),(364612,'2017-05-06 14:00:00.000000',NULL,36,NULL,NULL,NULL,NULL,NULL,NULL,NULL,NULL,NULL,20,19,1025),(364613,'2017-05-13 14:00:00.000000',NULL,37,NULL,NULL,NULL,NULL,NULL,NULL,NULL,NULL,NULL,9,14,1025),(364614,'2017-05-13 14:00:00.000000',NULL,37,NULL,NULL,NULL,NULL,NULL,NULL,NULL,NULL,NULL,19,7,1025),(364615,'2017-05-13 14:00:00.000000',NULL,37,NULL,NULL,NULL,NULL,NULL,NULL,NULL,NULL,NULL,28,756,1025),(364616,'2017-05-13 14:00:00.000000',NULL,37,NULL,NULL,NULL,NULL,NULL,NULL,NULL,NULL,NULL,17,21,1025),(364617,'2017-05-13 14:00:00.000000',NULL,37,NULL,NULL,NULL,NULL,NULL,NULL,NULL,NULL,NULL,22,38,1025),(364618,'2017-05-13 14:00:00.000000',NULL,37,NULL,NULL,NULL,NULL,NULL,NULL,NULL,NULL,NULL,15,16,1025),(364619,'2017-05-13 14:00:00.000000',NULL,37,NULL,NULL,NULL,NULL,NULL,NULL,NULL,NULL,NULL,29,20,1025),(364620,'2017-05-13 14:00:00.000000',NULL,37,NULL,NULL,NULL,NULL,NULL,NULL,NULL,NULL,NULL,6,43,1025),(364621,'2017-05-13 14:00:00.000000',NULL,37,NULL,NULL,NULL,NULL,NULL,NULL,NULL,NULL,NULL,31,18,1025),(364622,'2017-05-13 14:00:00.000000',NULL,37,NULL,NULL,NULL,NULL,NULL,NULL,NULL,NULL,NULL,41,33,1025),(364623,'2017-05-21 14:00:00.000000',NULL,38,NULL,NULL,NULL,NULL,NULL,NULL,NULL,NULL,NULL,20,9,1025),(364624,'2017-05-21 14:00:00.000000',NULL,38,NULL,NULL,NULL,NULL,NULL,NULL,NULL,NULL,NULL,14,41,1025),(364625,'2017-05-21 14:00:00.000000',NULL,38,NULL,NULL,NULL,NULL,NULL,NULL,NULL,NULL,NULL,43,28,1025),(364626,'2017-05-21 14:00:00.000000',NULL,38,NULL,NULL,NULL,NULL,NULL,NULL,NULL,NULL,NULL,16,19,1025),(364627,'2017-05-21 14:00:00.000000',NULL,38,NULL,NULL,NULL,NULL,NULL,NULL,NULL,NULL,NULL,7,15,1025),(364628,'2017-05-21 14:00:00.000000',NULL,38,NULL,NULL,NULL,NULL,NULL,NULL,NULL,NULL,NULL,18,29,1025),(364629,'2017-05-21 14:00:00.000000',NULL,38,NULL,NULL,NULL,NULL,NULL,NULL,NULL,NULL,NULL,21,22,1025),(364630,'2017-05-21 14:00:00.000000',NULL,38,NULL,NULL,NULL,NULL,NULL,NULL,NULL,NULL,NULL,756,31,1025),(364631,'2017-05-21 14:00:00.000000',NULL,38,NULL,NULL,NULL,NULL,NULL,NULL,NULL,NULL,NULL,33,6,1025),(364632,'2017-05-21 14:00:00.000000',NULL,38,NULL,NULL,NULL,NULL,NULL,NULL,NULL,NULL,NULL,38,17,1025);
/*!40000 ALTER TABLE `straightred_fixture` ENABLE KEYS */;
UNLOCK TABLES;

--
-- Table structure for table `straightred_fixturelive`
--

DROP TABLE IF EXISTS `straightred_fixturelive`;
/*!40101 SET @saved_cs_client     = @@character_set_client */;
/*!40101 SET character_set_client = utf8 */;
CREATE TABLE `straightred_fixturelive` (
  `fixtureid_id` int(11) NOT NULL,
  `fixturedate` datetime(6) DEFAULT NULL,
  `fixturestatus` varchar(24) DEFAULT NULL,
  `spectators` int(11) DEFAULT NULL,
  `hometeamscore` int(11) DEFAULT NULL,
  `awayteamscore` int(11) DEFAULT NULL,
  `homegoaldetails` longtext,
  `awaygoaldetails` longtext,
  `hometeamyellowcarddetails` longtext,
  `awayteamyellowcarddetails` longtext,
  `hometeamredcarddetails` longtext,
  `awayteamredcarddetails` longtext,
  `awayteamid` int(11) NOT NULL,
  `fixturematchday` int(11) NOT NULL,
  `hometeamid` int(11) NOT NULL,
  PRIMARY KEY (`fixtureid_id`),
  KEY `straightred_fixtu_awayteamid_57393145_fk_straightred_team_teamid` (`awayteamid`),
  KEY `f7eef26ace5e2c08df7d4e34143e5876` (`fixturematchday`),
  KEY `straightred_fixtu_hometeamid_2c60888e_fk_straightred_team_teamid` (`hometeamid`),
  CONSTRAINT `f7eef26ace5e2c08df7d4e34143e5876` FOREIGN KEY (`fixturematchday`) REFERENCES `straightred_fixturematchday` (`fixturematchdayid`),
  CONSTRAINT `straightr_fixtureid_id_812e7cdc_fk_straightred_fixture_fixtureid` FOREIGN KEY (`fixtureid_id`) REFERENCES `straightred_fixture` (`fixtureid`),
  CONSTRAINT `straightred_fixtu_awayteamid_57393145_fk_straightred_team_teamid` FOREIGN KEY (`awayteamid`) REFERENCES `straightred_team` (`teamid`),
  CONSTRAINT `straightred_fixtu_hometeamid_2c60888e_fk_straightred_team_teamid` FOREIGN KEY (`hometeamid`) REFERENCES `straightred_team` (`teamid`)
) ENGINE=InnoDB DEFAULT CHARSET=utf8;
/*!40101 SET character_set_client = @saved_cs_client */;

--
-- Dumping data for table `straightred_fixturelive`
--

LOCK TABLES `straightred_fixturelive` WRITE;
/*!40000 ALTER TABLE `straightred_fixturelive` DISABLE KEYS */;
INSERT INTO `straightred_fixturelive` VALUES (364343,'2016-10-29 14:00:00.000000','44\'',NULL,0,0,NULL,NULL,'33\': Ander Herrera;',NULL,NULL,NULL,28,10,17),(364344,'2016-10-29 14:00:00.000000','44\'',NULL,0,2,NULL,'28\': Sergio Aguero;19\': Sergio Aguero;','22\': Jonas Olsson;15\': Craig Dawson;','15\': Nolito;',NULL,NULL,18,10,16),(364345,'2016-10-29 14:00:00.000000','44\'',NULL,1,0,'39\': Gaston Ramirez;',NULL,'24\': Gaston Ramirez;','25\': Adam Smith;',NULL,NULL,756,10,33),(364346,'2016-10-30 16:00:00.000000','60\'',31811,0,2,NULL,'55\': Diego Costa;6\': Eden Hazard;',NULL,NULL,NULL,NULL,15,10,41),(364348,'2016-10-29 11:30:00.000000','Finished',44266,1,4,'65\': penalty Jermain Defoe;','78\': Alexis Sanchez;76\': Olivier Giroud;71\': Olivier Giroud;19\': Alexis Sanchez;','48\': Papy Djilobodji;41\': Steven Pienaar;33\': Ibrahim Didier Ndong;30\': Wahbi Khazri;','80\': Kieran Gibbs;66\': Alexis Sanchez;64\': Petr Cech;',NULL,NULL,9,10,7),(364349,'2016-10-29 16:30:00.000000','Not started',NULL,0,0,NULL,NULL,NULL,NULL,NULL,NULL,6,10,38),(364350,'2016-10-29 14:00:00.000000','44\'',NULL,1,0,'44\': penalty Vincent Janssen;',NULL,'41\': Heung-Min Son;37\': Danny Rose;',NULL,NULL,NULL,31,10,21),(364351,'2016-10-30 13:30:00.000000','Finished',39557,2,0,'76\': Ross Barkley;50\': Romelu Lukaku;',NULL,'74\': Bryan Oviedo;32\': Idrissa Gana Gueye;','90\': Michail Antonio;67\': Winston Reid;54\': Pedro Mba Obiang;',NULL,NULL,43,10,20),(364352,'2016-10-29 14:00:00.000000','44\'',NULL,0,0,NULL,NULL,NULL,NULL,NULL,NULL,22,10,29),(364353,'2016-11-06 16:30:00.000000','Finished',31870,1,2,'55\': Islam Slimani;','72\': Matthew Phillips;52\': James Morrison;',NULL,'90\': Chris Brunt;87\': Craig Gardner;',NULL,NULL,16,11,31),(364354,'2016-11-06 14:15:00.000000','Finished',53096,6,1,'90\': Georginio Wijnaldum;60\': Sadio Mane;57\': Roberto Firmino;43\': Emre Can;30\': Philippe Coutinho;27\': Sadio Mane;','75\': Daryl Janmaat;','88\': Georginio Wijnaldum;','80\': Miguel Britos;56\': Jose Holebas;',NULL,NULL,29,11,6),(364355,'2016-11-06 12:00:00.000000','Finished',60033,1,1,'42\':Own Kevin Wimmer;','51\': penalty Harry Kane;','69\': Laurent Koscielny;','73\': Eric Dier;6\': Kevin Wimmer;',NULL,NULL,21,11,9),(364356,'2016-11-05 15:00:00.000000','Finished',NULL,1,1,'43\': Sergio Aguero;','90\': Marten De Roon;','89\': Sergio Aguero;','89\': Marten De Roon;53\': Adam Clayton;21\': Adam Forshaw;',NULL,NULL,33,11,18),(364357,'2016-11-05 15:00:00.000000','Finished',11012,1,2,'11\': Dan Gosling;','74\': penalty Jermain Defoe;33\': Victor Anichebe;','73\': Adam Smith;30\': Joshua King;3\': Harry Arter;','90\': Lynden Gooch;70\': Victor Anichebe;59\': Steven Pienaar;43\': Steven Pienaar;',NULL,'59\': Steven Pienaar;',7,11,756),(364358,'2016-11-06 15:00:00.000000','Finished',20934,1,3,'69\': Mike van der Hoorn;','33\': Zlatan Ibrahimovic;21\': Zlatan Ibrahimovic;15\': Paul Pogba;',NULL,'80\': Juan Mata;76\': Zlatan Ibrahimovic;',NULL,NULL,17,11,19),(364359,'2016-11-05 15:00:00.000000','Finished',19103,3,2,'90\': Ashley Barnes;14\': Johann Berg Gudmundsson;2\': Sam Vokes;','81\': penalty Christian Benteke;60\': Connor Wickham;','10\': Dean Marney;','78\': Damien Delaney;59\': James McArthur;',NULL,NULL,38,11,28),(364360,'2016-11-05 15:00:00.000000','Finished',56927,1,1,'65\': Michail Antonio;','75\': Bojan Krkic;','88\': Mark Noble;76\': Adrian;72\': Edimilson Fernandes;12\': Michail Antonio;','90\': Joe Allen;',NULL,NULL,14,11,43),(364361,'2016-11-05 17:30:00.000000','Finished',41387,5,0,'65\': Pedro Rodriguez;56\': Eden Hazard;42\': Diego Costa;20\': Marcos Alonso;19\': Eden Hazard;',NULL,NULL,'64\': Gareth Barry;30\': Phil Jagielka;15\': Yannick Bolasie;',NULL,NULL,20,11,15),(364362,'2016-11-06 14:15:00.000000','Finished',17733,2,1,'63\': Michael Dawson;61\': Robert Snodgrass;','6\': penalty Charlie Austin;',NULL,'90\': Oriol Romeu;83\': Maya Yoshida;72\': Ryan Bertrand;57\': Jordy Clasie;29\': Dusan Tadic;',NULL,NULL,41,11,22),(364363,'2016-11-19 15:00:00.000000','Finished',19924,2,1,'12\': Roberto Pereyra;1\': Etienne Capoue;','15\': penalty Riyad Mahrez;','32\': Miguel Britos;21\': Juan Camilo Zuniga;','81\': Demarai Gray;66\': Danny Drinkwater;54\': Christian Fuchs;',NULL,NULL,31,12,29),(364364,'2016-11-19 12:30:00.000000','Finished',74955,1,1,'68\': Juan Mata;','89\': Olivier Giroud;','90\': Wayne Rooney;69\': Juan Mata;25\': Matteo Darmian;','90\': Granit Xhaka;86\': Aaron Ramsey;16\': Alexis Sanchez;',NULL,NULL,9,12,17),(364367,'2016-11-19 15:00:00.000000','Finished',31771,0,0,NULL,NULL,'61\': Cedric Soares;','78\': Philippe Coutinho;',NULL,NULL,6,12,41),(364368,'2016-11-19 15:00:00.000000','Finished',27718,0,1,NULL,'26\': Nathan Ake;','90\': Charlie Adam;22\': Wilfried Bony;16\': Joe Allen;','49\': Adam Federici;44\': Dan Gosling;34\': Harry Arter;',NULL,NULL,756,12,14),(364369,'2016-11-19 15:00:00.000000','Finished',42937,3,0,'84\': Victor Anichebe;62\': Victor Anichebe;34\': Jermain Defoe;',NULL,'89\': Papy Djilobodji;72\': Billy Jones;30\': Papy Djilobodji;',NULL,'89\': Papy Djilobodji;',NULL,22,12,7),(364370,'2016-11-19 15:00:00.000000','Finished',25435,1,2,'66\': Connor Wickham;','83\': Yaya Toure;39\': Yaya Toure;','78\': Connor Wickham;','62\': Nolito;56\': Nicolas Otamendi;',NULL,NULL,18,12,38),(364371,'2016-11-19 17:30:00.000000','Finished',33904,3,2,'90\': penalty Harry Kane;89\': Harry Kane;51\': Harry Winks;','68\': penalty Manuel Lanzini;24\': Michail Antonio;','62\': Danny Rose;53\': Kyle Walker;35\': Moussa Dembele;','90\':&nbsp; Winston Reid;90\': Winston Reid;64\': Michail Antonio;31\': Manuel Lanzini;',NULL,'90\':&nbsp; Winston Reid;',43,12,21),(364372,'2016-11-19 15:00:00.000000','Finished',38689,1,1,'89\': Seamus Coleman;','41\': penalty Gylfi Sigurdsson;','90\': Kevin Mirallas;75\': Ross Barkley;64\': Leighton Baines;58\': James McCarthy;41\': Phil Jagielka;','42\': Kyle Naughton;38\': Modou Barrow;',NULL,NULL,19,12,20);
/*!40000 ALTER TABLE `straightred_fixturelive` ENABLE KEYS */;
UNLOCK TABLES;

--
-- Table structure for table `straightred_fixturematchday`
--

DROP TABLE IF EXISTS `straightred_fixturematchday`;
/*!40101 SET @saved_cs_client     = @@character_set_client */;
/*!40101 SET character_set_client = utf8 */;
CREATE TABLE `straightred_fixturematchday` (
  `fixturematchdayid` int(11) NOT NULL,
  `fixturematchdaystart` datetime(6) DEFAULT NULL,
  `fixturematchdayfinish` datetime(6) DEFAULT NULL,
  `soccerseasonid` int(11) NOT NULL,
  `fixturematchday` int(11) NOT NULL,
  PRIMARY KEY (`fixturematchdayid`),
  KEY `straightr_soccerseasonid_31c6a9e7_fk_straightred_season_seasonid` (`soccerseasonid`),
  CONSTRAINT `straightr_soccerseasonid_31c6a9e7_fk_straightred_season_seasonid` FOREIGN KEY (`soccerseasonid`) REFERENCES `straightred_season` (`seasonid`)
) ENGINE=InnoDB DEFAULT CHARSET=utf8;
/*!40101 SET character_set_client = @saved_cs_client */;

--
-- Dumping data for table `straightred_fixturematchday`
--

LOCK TABLES `straightred_fixturematchday` WRITE;
/*!40000 ALTER TABLE `straightred_fixturematchday` DISABLE KEYS */;
INSERT INTO `straightred_fixturematchday` VALUES (1,'2016-08-03 00:00:01.000000','2016-08-13 14:55:00.000000',1025,1),(2,'2016-08-15 00:00:01.000000','2016-08-20 14:55:00.000000',1025,2),(3,'2016-08-22 00:00:01.000000','2016-08-27 14:55:00.000000',1025,3),(4,'2016-08-29 00:00:01.000000','2016-09-10 14:55:00.000000',1025,4),(5,'2016-09-12 00:00:01.000000','2016-09-17 14:55:00.000000',1025,5),(6,'2016-09-19 00:00:01.000000','2016-09-24 22:30:00.000000',1025,6),(7,'2016-09-26 22:00:00.000000','2016-10-02 07:46:00.000000',1025,7),(8,'2016-10-02 16:00:00.000000','2016-10-15 14:00:00.000000',1025,8),(9,'2016-10-16 21:00:00.000000','2016-10-22 12:30:00.000000',1025,9),(10,'2016-10-23 18:00:00.000000','2016-10-31 22:00:00.000000',1025,10),(11,'2016-10-31 22:00:00.000000','2016-11-06 18:30:00.000000',1025,11),(12,'2016-11-06 22:00:00.000000','2016-11-21 22:00:00.000000',1025,12),(13,'2016-11-22 22:00:00.000000','2016-11-27 16:00:00.000000',1025,13),(14,'2016-11-27 19:00:00.000000','2016-12-03 16:00:00.000000',1025,14),(15,'2017-09-26 22:00:00.000000','2017-10-01 14:55:00.000000',1025,15),(16,'2017-09-26 22:00:00.000000','2017-10-01 14:55:00.000000',1025,16),(17,'2017-09-26 22:00:00.000000','2017-10-01 14:55:00.000000',1025,17),(18,'2017-09-26 22:00:00.000000','2017-10-01 14:55:00.000000',1025,18),(19,'2017-09-26 22:00:00.000000','2017-10-01 14:55:00.000000',1025,19),(20,'2017-09-26 22:00:00.000000','2017-10-01 14:55:00.000000',1025,20),(21,'2017-09-26 22:00:00.000000','2017-10-01 14:55:00.000000',1025,21),(22,'2017-09-26 22:00:00.000000','2017-10-01 14:55:00.000000',1025,22),(23,'2017-09-26 22:00:00.000000','2017-10-01 14:55:00.000000',1025,23),(24,'2017-09-26 22:00:00.000000','2017-10-01 14:55:00.000000',1025,24),(25,'2017-09-26 22:00:00.000000','2017-10-01 14:55:00.000000',1025,25),(26,'2017-09-26 22:00:00.000000','2017-10-01 14:55:00.000000',1025,26),(27,'2017-09-26 22:00:00.000000','2017-10-01 14:55:00.000000',1025,27),(28,'2017-09-26 22:00:00.000000','2017-10-01 14:55:00.000000',1025,28),(29,'2017-09-26 22:00:00.000000','2017-10-01 14:55:00.000000',1025,29),(30,'2017-09-26 22:00:00.000000','2017-10-01 14:55:00.000000',1025,30),(31,'2017-09-26 22:00:00.000000','2017-10-01 14:55:00.000000',1025,31),(32,'2017-09-26 22:00:00.000000','2017-10-01 14:55:00.000000',1025,32),(33,'2017-09-26 22:00:00.000000','2017-10-01 14:55:00.000000',1025,33),(34,'2017-09-26 22:00:00.000000','2017-10-01 14:55:00.000000',1025,34),(35,'2017-09-26 22:00:00.000000','2017-10-01 14:55:00.000000',1025,35),(36,'2017-09-26 22:00:00.000000','2017-10-01 14:55:00.000000',1025,36),(37,'2017-09-26 22:00:00.000000','2017-10-01 14:55:00.000000',1025,37),(38,'2017-09-26 22:00:00.000000','2017-10-01 14:55:00.000000',1025,38);
/*!40000 ALTER TABLE `straightred_fixturematchday` ENABLE KEYS */;
UNLOCK TABLES;

--
-- Table structure for table `straightred_league`
--

DROP TABLE IF EXISTS `straightred_league`;
/*!40101 SET @saved_cs_client     = @@character_set_client */;
/*!40101 SET character_set_client = utf8 */;
CREATE TABLE `straightred_league` (
  `leagueid` int(11) NOT NULL AUTO_INCREMENT,
  `played` int(11) NOT NULL,
  `won` int(11) NOT NULL,
  `lost` int(11) NOT NULL,
  `drawn` int(11) NOT NULL,
  `gf` int(11) NOT NULL,
  `ga` int(11) NOT NULL,
  `points` int(11) NOT NULL,
  `yellowcards` int(11) NOT NULL,
  `redcards` int(11) NOT NULL,
  `soccerseasonid` int(11) NOT NULL,
  `teamselectionid` int(11) NOT NULL,
  `fixturematchday` int(11) NOT NULL,
  PRIMARY KEY (`leagueid`),
  KEY `straightr_soccerseasonid_2d774e8a_fk_straightred_season_seasonid` (`soccerseasonid`),
  KEY `straightred__teamselectionid_04bb6f3e_fk_straightred_team_teamid` (`teamselectionid`),
  CONSTRAINT `straightr_soccerseasonid_2d774e8a_fk_straightred_season_seasonid` FOREIGN KEY (`soccerseasonid`) REFERENCES `straightred_season` (`seasonid`),
  CONSTRAINT `straightred__teamselectionid_04bb6f3e_fk_straightred_team_teamid` FOREIGN KEY (`teamselectionid`) REFERENCES `straightred_team` (`teamid`)
) ENGINE=InnoDB AUTO_INCREMENT=34 DEFAULT CHARSET=utf8;
/*!40101 SET character_set_client = @saved_cs_client */;

--
-- Dumping data for table `straightred_league`
--

LOCK TABLES `straightred_league` WRITE;
/*!40000 ALTER TABLE `straightred_league` DISABLE KEYS */;
INSERT INTO `straightred_league` VALUES (14,11,8,1,2,30,14,26,18,0,1025,6,11),(15,11,8,2,1,26,9,25,23,0,1025,15,11),(16,11,7,1,3,25,10,24,22,1,1025,18,11),(17,11,7,1,3,24,11,24,15,1,1025,9,11),(18,11,5,0,6,15,6,21,23,0,1025,21,11),(19,11,5,3,3,16,13,18,24,1,1025,17,11),(20,11,5,3,3,15,13,18,23,0,1025,20,11),(21,11,4,4,3,15,19,15,28,1,1025,29,11),(22,11,4,5,2,11,15,14,17,0,1025,28,11),(23,11,3,4,4,12,12,13,20,0,1025,41,11),(24,11,3,4,4,12,15,13,29,0,1025,16,11),(25,11,3,4,4,13,18,13,23,0,1025,14,11),(26,11,3,5,3,13,16,12,16,1,1025,756,11),(27,11,3,5,3,13,18,12,15,0,1025,31,11),(28,11,2,4,5,10,12,11,22,0,1025,33,11),(29,11,3,6,2,16,19,11,21,0,1025,38,11),(30,11,3,6,2,11,20,11,30,1,1025,43,11),(31,11,3,7,1,10,24,10,15,2,1025,22,11),(32,11,1,8,2,10,21,5,15,0,1025,19,11),(33,11,1,8,2,9,21,5,24,2,1025,7,11);
/*!40000 ALTER TABLE `straightred_league` ENABLE KEYS */;
UNLOCK TABLES;

--
-- Table structure for table `straightred_season`
--

DROP TABLE IF EXISTS `straightred_season`;
/*!40101 SET @saved_cs_client     = @@character_set_client */;
/*!40101 SET character_set_client = utf8 */;
CREATE TABLE `straightred_season` (
  `seasonid` int(11) NOT NULL,
  `seasonyear` varchar(4) NOT NULL,
  `seasonname` varchar(36) NOT NULL,
  PRIMARY KEY (`seasonid`)
) ENGINE=InnoDB DEFAULT CHARSET=latin1;
/*!40101 SET character_set_client = @saved_cs_client */;

--
-- Dumping data for table `straightred_season`
--

LOCK TABLES `straightred_season` WRITE;
/*!40000 ALTER TABLE `straightred_season` DISABLE KEYS */;
INSERT INTO `straightred_season` VALUES (1025,'16/1','EPL');
/*!40000 ALTER TABLE `straightred_season` ENABLE KEYS */;
UNLOCK TABLES;

--
-- Table structure for table `straightred_team`
--

DROP TABLE IF EXISTS `straightred_team`;
/*!40101 SET @saved_cs_client     = @@character_set_client */;
/*!40101 SET character_set_client = utf8 */;
CREATE TABLE `straightred_team` (
  `teamid` int(11) NOT NULL,
  `teamname` varchar(36) NOT NULL,
  `country` varchar(36) DEFAULT NULL,
  `stadium` varchar(36) DEFAULT NULL,
  `homepageurl` longtext,
  `wikilink` longtext,
  `teamcode` varchar(5) DEFAULT NULL,
  `teamshortname` varchar(24) DEFAULT NULL,
  `currentteam` smallint(5) unsigned DEFAULT NULL,
  PRIMARY KEY (`teamid`)
) ENGINE=InnoDB DEFAULT CHARSET=latin1;
/*!40101 SET character_set_client = @saved_cs_client */;

--
-- Dumping data for table `straightred_team`
--

LOCK TABLES `straightred_team` WRITE;
/*!40000 ALTER TABLE `straightred_team` DISABLE KEYS */;
INSERT INTO `straightred_team` VALUES (6,'Liverpool','England','Anfield','http://www.liverpoolfc.tv/','http://en.wikipedia.org/wiki/Liverpool_F.C.',NULL,NULL,1),(7,'Sunderland','England','Stadium of Light','http://www.safc.com','http://en.wikipedia.org/wiki/Sunderland_A.F.C.',NULL,NULL,1),(9,'Arsenal','England','Emirates Stadium','http://www.arsenal.com','http://en.wikipedia.org/wiki/Arsenal_F.C.',NULL,NULL,1),(14,'Stoke','England','Britannia Stadium','http://www.stokecityfc.com','http://en.wikipedia.org/wiki/Stoke_City_F.C.',NULL,NULL,1),(15,'Chelsea','England','Stamford Bridge','http://www.chelseafc.com/','http://en.wikipedia.org/wiki/Chelsea_F.C.',NULL,NULL,1),(16,'West Brom','England','The Hawthorns','http://www.wba.co.uk/','http://en.wikipedia.org/wiki/West_Bromwich_Albion_F.C.',NULL,NULL,1),(17,'Man United','England','Old Trafford','http://www.manutd.com/','http://en.wikipedia.org/wiki/Manchester_United_F.C.',NULL,NULL,1),(18,'Man City','England','City of Manchester Stadium','http://www.mcfc.co.uk/','http://en.wikipedia.org/wiki/Manchester_City_F.C.',NULL,NULL,1),(19,'Swansea','England','Liberty Stadium','http://www.swanseacity.net','http://en.wikipedia.org/wiki/Swansea_City_A.F.C.',NULL,NULL,1),(20,'Everton','England','Goodison Park','http://www.evertonfc.com/','http://en.wikipedia.org/wiki/Everton_F.C.',NULL,NULL,1),(21,'Tottenham','England','White Hart Lane','http://www.tottenhamhotspur.com/','http://en.wikipedia.org/wiki/Tottenham_Hotspur_F.C.',NULL,NULL,1),(22,'Hull','England','KC Stadium','http://www.hullcityafc.net','http://en.wikipedia.org/wiki/Hull_City_A.F.C.',NULL,NULL,1),(28,'Burnley','England','Turf Moor','http://www.burnleyfootballclub.com','en.wikipedia.org/wiki/Burnley_F.C',NULL,NULL,1),(29,'Watford','England','Vicarage Road','http://www.watfordfc.com','http://en.wikipedia.org/wiki/Watford_F.C.',NULL,NULL,1),(31,'Leicester','England','King Power Stadium','http://www.lcfc.com','http://en.wikipedia.org/wiki/Leicester_City_F.C.',NULL,NULL,1),(33,'Middlesbrough','England','Riverside Stadium','http://www.mfc.co.uk','http://en.wikipedia.org/wiki/Middlesbrough_F.C.',NULL,NULL,1),(38,'Crystal Palace','England','Selhurst Park','http://www.cpfc.co.uk/page/Welcome','http://en.wikipedia.org/wiki/Crystal_Palace_F.C.',NULL,NULL,1),(41,'Southampton','England','St Mary\'s Stadium','http://www.saintsfc.co.uk','http://en.wikipedia.org/wiki/Southampton_F.C.',NULL,NULL,1),(43,'West Ham','England','The Boleyn Ground','http://www.whufc.com','http://en.wikipedia.org/wiki/West_Ham_United_F.C.',NULL,NULL,1),(756,'Bournemouth','England','Dean Court','http://www.afcb.premiumtv.co.uk/','http://en.wikipedia.org/wiki/A.F.C._Bournemouth',NULL,NULL,1);
/*!40000 ALTER TABLE `straightred_team` ENABLE KEYS */;
UNLOCK TABLES;

--
-- Table structure for table `straightred_userselection`
--

DROP TABLE IF EXISTS `straightred_userselection`;
/*!40101 SET @saved_cs_client     = @@character_set_client */;
/*!40101 SET character_set_client = utf8 */;
CREATE TABLE `straightred_userselection` (
  `userselectionid` int(11) NOT NULL AUTO_INCREMENT,
  `campaignno` int(11) NOT NULL,
  `teamselection1or2` smallint(5) unsigned NOT NULL,
  `teamselectionid` int(11) NOT NULL,
  `user_id` int(11) NOT NULL,
  `fixtureid` int(11) NOT NULL,
  PRIMARY KEY (`userselectionid`),
  KEY `straightred__teamselectionid_2a82aec3_fk_straightred_team_teamid` (`teamselectionid`),
  KEY `straightred_userselection_user_id_17163561_fk_auth_user_id` (`user_id`),
  KEY `straightred_userselection_83aebc9f` (`fixtureid`),
  CONSTRAINT `straightred__teamselectionid_2a82aec3_fk_straightred_team_teamid` FOREIGN KEY (`teamselectionid`) REFERENCES `straightred_team` (`teamid`),
  CONSTRAINT `straightred_userselection_user_id_17163561_fk_auth_user_id` FOREIGN KEY (`user_id`) REFERENCES `auth_user` (`id`)
) ENGINE=InnoDB AUTO_INCREMENT=163 DEFAULT CHARSET=latin1;
/*!40101 SET character_set_client = @saved_cs_client */;

--
-- Dumping data for table `straightred_userselection`
--

LOCK TABLES `straightred_userselection` WRITE;
/*!40000 ALTER TABLE `straightred_userselection` DISABLE KEYS */;
INSERT INTO `straightred_userselection` VALUES (11,34910256,1,6,349,364309),(12,34910256,2,20,349,364307),(13,35210256,1,21,352,364304),(14,35210256,2,20,352,364307),(15,35410256,1,17,354,364303),(16,35410256,2,18,354,364308),(17,35510256,1,18,355,364308),(18,35510256,2,20,355,364307),(19,35610256,1,6,356,364309),(20,35610256,2,14,356,364305),(21,34910257,1,17,349,364319),(22,34910257,2,9,349,364322),(23,35210257,1,15,352,364316),(24,35210257,2,6,352,364321),(25,35410256,1,9,354,364322),(26,35410256,2,15,354,364316),(27,35510257,1,17,355,364319),(28,35510257,2,9,355,364322),(29,35610256,1,15,356,364316),(30,35610256,2,17,356,364319),(31,35710257,1,15,357,364316),(32,35710257,2,29,357,364315),(33,34910257,1,756,349,364329),(34,34910257,2,41,349,364328),(35,35510257,1,18,355,364325),(36,35510257,2,21,355,364332),(39,35810257,1,6,358,364321),(40,35810257,2,17,358,364319),(49,35810257,1,9,358,364327),(50,35810257,2,21,358,364332),(51,35910257,1,9,359,364322),(52,35910257,2,6,359,364321),(53,35910257,1,14,359,364330),(54,35910257,2,29,359,364326),(55,35410256,1,756,354,364329),(56,35410256,1,21,354,364332),(57,35710257,1,756,357,364329),(58,35710257,2,14,357,364330),(59,35610256,1,18,356,364325),(60,35610256,2,21,356,364332),(61,35210257,1,9,352,364327),(62,35210257,2,14,352,364330),(63,34910257,1,6,349,364333),(64,34910257,2,18,349,364335),(65,35410256,1,6,354,364333),(66,35410256,2,43,354,364339),(67,35710257,1,9,357,364334),(68,35710257,2,6,357,364333),(69,35510257,1,20,355,364338),(70,35510257,2,29,355,364337),(71,35610256,1,43,356,364339),(72,35610256,2,20,356,364338),(73,35210257,1,20,352,364338),(74,35210257,2,18,352,364335),(75,35810257,1,18,358,364335),(76,35810257,2,20,358,364338),(77,35910257,1,18,359,364335),(78,35910257,2,31,359,364342),(79,34910257,1,15,349,364346),(80,34910257,2,20,349,364351),(81,352102510,1,14,352,364347),(82,352102510,2,33,352,364345),(83,35910257,1,28,359,364343),(84,35910257,2,33,359,364345),(85,35410256,1,33,354,364345),(86,35410256,2,29,354,364352),(87,362102510,1,9,362,364348),(88,362102510,2,6,362,364349),(89,361102510,1,38,361,364349),(90,361102510,2,9,361,364348),(91,366102510,1,15,366,364346),(92,366102510,2,22,366,364352),(93,356102510,1,15,356,364346),(94,356102510,2,21,356,364350),(95,35710257,1,18,357,364344),(96,35710257,2,20,357,364351),(97,358102510,1,9,358,364348),(98,358102510,2,21,358,364350),(99,355102510,1,9,355,364348),(100,355102510,2,18,355,364344),(101,34910257,1,43,349,364360),(102,34910257,2,31,349,364353),(103,35410256,1,41,354,364362),(104,35410256,2,31,354,364353),(105,35910257,1,17,359,364358),(106,35910257,2,7,359,364357),(107,367102511,1,756,367,364357),(108,367102511,2,18,367,364356),(109,352102510,1,31,352,364353),(110,352102510,2,38,352,364359),(111,358102510,1,756,358,364357),(112,358102510,2,41,358,364362),(113,355102510,1,756,355,364357),(114,355102510,2,14,355,364360),(115,356102510,1,9,356,364355),(116,356102510,2,6,356,364354),(117,35710257,1,41,357,364362),(118,35710257,2,31,357,364353),(119,362102510,1,15,362,364361),(120,362102510,2,16,362,364353),(121,349102512,1,7,349,364369),(122,349102512,2,16,349,364365),(123,35910257,1,15,359,364366),(124,35910257,2,41,359,364367),(125,357102512,1,7,357,364369),(126,357102512,2,15,357,364366),(127,358102512,1,6,358,364367),(128,358102512,2,15,358,364366),(129,367102512,1,20,367,364372),(130,367102512,2,21,367,364371),(131,354102512,1,7,354,364369),(132,354102512,2,14,354,364368),(133,356102510,1,31,356,364363),(134,356102510,2,18,356,364370),(135,363102512,1,14,363,364368),(136,363102512,2,7,363,364369),(137,355102512,1,21,355,364371),(138,355102512,2,15,355,364366),(139,362102510,1,21,362,364371),(140,362102510,2,29,362,364363),(141,362102510,1,17,362,364375),(142,362102510,2,19,362,364379),(143,349102512,1,19,349,364379),(144,349102512,2,22,349,364382),(145,354102513,1,9,354,364376),(146,354102513,2,6,354,364374),(147,355102512,1,6,355,364374),(148,355102512,2,18,355,364378),(149,35910257,1,20,359,364377),(150,35910257,2,21,359,364380),(151,371102513,1,9,371,364376),(152,371102513,2,17,371,364375),(153,370102513,1,6,370,364374),(154,370102513,2,20,370,364377),(155,356102513,1,9,356,364376),(156,356102513,2,18,356,364378),(157,357102512,1,9,357,364376),(158,357102512,2,6,357,364374),(159,358102512,1,9,358,364376),(160,358102512,2,17,358,364375),(161,349102512,1,14,349,364390),(162,349102512,2,33,349,364389);
/*!40000 ALTER TABLE `straightred_userselection` ENABLE KEYS */;
UNLOCK TABLES;

--
-- Temporary view structure for view `united_result`
--

DROP TABLE IF EXISTS `united_result`;
/*!50001 DROP VIEW IF EXISTS `united_result`*/;
SET @saved_cs_client     = @@character_set_client;
SET character_set_client = utf8;
/*!50001 CREATE VIEW `united_result` AS SELECT 
 1 AS `fixtureid`,
 1 AS `fixturedate`,
 1 AS `fixturestatus`,
 1 AS `team`,
 1 AS `opponent`,
 1 AS `team_score`,
 1 AS `opponent_score`,
 1 AS `result`,
 1 AS `mstatus`*/;
SET character_set_client = @saved_cs_client;

--
-- Current Database: `dwad`
--

USE `dwad`;

--
-- Final view structure for view `plain_result`
--

/*!50001 DROP VIEW IF EXISTS `plain_result`*/;
/*!50001 SET @saved_cs_client          = @@character_set_client */;
/*!50001 SET @saved_cs_results         = @@character_set_results */;
/*!50001 SET @saved_col_connection     = @@collation_connection */;
/*!50001 SET character_set_client      = utf8 */;
/*!50001 SET character_set_results     = utf8 */;
/*!50001 SET collation_connection      = utf8_general_ci */;
/*!50001 CREATE ALGORITHM=UNDEFINED */
/*!50013 DEFINER=`root`@`localhost` SQL SECURITY DEFINER */
/*!50001 VIEW `plain_result` AS select `united_result`.`fixtureid` AS `fixtureid`,`united_result`.`fixturedate` AS `fixturedate`,`united_result`.`team` AS `team`,`united_result`.`opponent` AS `opponent`,`united_result`.`result` AS `result`,`united_result`.`mstatus` AS `mstatus`,`united_result`.`team_score` AS `team_score`,`united_result`.`opponent_score` AS `opponent_score` from `united_result` where (`united_result`.`fixturestatus` = 'Finished') order by `united_result`.`team`,`united_result`.`fixturedate` desc */;
/*!50001 SET character_set_client      = @saved_cs_client */;
/*!50001 SET character_set_results     = @saved_cs_results */;
/*!50001 SET collation_connection      = @saved_col_connection */;

--
-- Final view structure for view `united_result`
--

/*!50001 DROP VIEW IF EXISTS `united_result`*/;
/*!50001 SET @saved_cs_client          = @@character_set_client */;
/*!50001 SET @saved_cs_results         = @@character_set_results */;
/*!50001 SET @saved_col_connection     = @@collation_connection */;
/*!50001 SET character_set_client      = utf8 */;
/*!50001 SET character_set_results     = utf8 */;
/*!50001 SET collation_connection      = utf8_general_ci */;
/*!50001 CREATE ALGORITHM=UNDEFINED */
/*!50013 DEFINER=`root`@`localhost` SQL SECURITY DEFINER */
/*!50001 VIEW `united_result` AS select `sf`.`fixtureid` AS `fixtureid`,`sf`.`fixturedate` AS `fixturedate`,`sf`.`fixturestatus` AS `fixturestatus`,`home`.`teamname` AS `team`,`away`.`teamname` AS `opponent`,`sf`.`hometeamscore` AS `team_score`,`sf`.`awayteamscore` AS `opponent_score`,(case when ((`sf`.`hometeamscore` - `sf`.`awayteamscore`) > 0) then 'W' when ((`sf`.`hometeamscore` - `sf`.`awayteamscore`) < 0) then 'L' else 'D' end) AS `result`,'H' AS `mstatus` from ((`straightred_fixture` `sf` join `straightred_team` `home` on((`sf`.`hometeamid` = `home`.`teamid`))) join `straightred_team` `away` on((`sf`.`awayteamid` = `away`.`teamid`))) union select `sf`.`fixtureid` AS `fixtureid`,`sf`.`fixturedate` AS `fixturedate`,`sf`.`fixturestatus` AS `fixturestatus`,`away`.`teamname` AS `team`,`home`.`teamname` AS `opponent`,`sf`.`awayteamscore` AS `team_score`,`sf`.`hometeamscore` AS `opponent_score`,(case when ((`sf`.`hometeamscore` - `sf`.`awayteamscore`) < 0) then 'W' when ((`sf`.`hometeamscore` - `sf`.`awayteamscore`) > 0) then 'L' else 'D' end) AS `result`,'A' AS `mstatus` from ((`straightred_fixture` `sf` join `straightred_team` `home` on((`sf`.`hometeamid` = `home`.`teamid`))) join `straightred_team` `away` on((`sf`.`awayteamid` = `away`.`teamid`))) */;
/*!50001 SET character_set_client      = @saved_cs_client */;
/*!50001 SET character_set_results     = @saved_cs_results */;
/*!50001 SET collation_connection      = @saved_col_connection */;
/*!40103 SET TIME_ZONE=@OLD_TIME_ZONE */;

/*!40101 SET SQL_MODE=@OLD_SQL_MODE */;
/*!40014 SET FOREIGN_KEY_CHECKS=@OLD_FOREIGN_KEY_CHECKS */;
/*!40014 SET UNIQUE_CHECKS=@OLD_UNIQUE_CHECKS */;
/*!40101 SET CHARACTER_SET_CLIENT=@OLD_CHARACTER_SET_CLIENT */;
/*!40101 SET CHARACTER_SET_RESULTS=@OLD_CHARACTER_SET_RESULTS */;
/*!40101 SET COLLATION_CONNECTION=@OLD_COLLATION_CONNECTION */;
/*!40111 SET SQL_NOTES=@OLD_SQL_NOTES */;

-- Dump completed on 2016-11-29  6:01:52
